date,channel,campaign,total_sessions,bounced_sessions,mobile_sessions,desktop_sessions,tablet_sessions,total_pages,total_duration_seconds
2023-01-01,Google Ads,Performance_Search,135,80,89,44,2,272,9850
2023-01-01,Google Ads,Performance_Shopping,118,71,81,35,2,235,8470
2023-01-01,Google Ads,Remarketing_Display,69,28,47,18,4,171,6710
2023-01-01,Google Ads,Lead_Generation,218,130,145,63,10,438,15800
2023-01-01,Google Ads,Display_Generico,230,138,155,61,14,460,16560
2023-01-01,Google Ads,Video_Awareness_Amplo,309,185,208,84,17,619,22300
2023-01-01,Meta Ads,Performance_Search,194,116,127,57,10,389,14020
2023-01-01,Meta Ads,Performance_Shopping,263,156,167,75,21,530,19170
2023-01-01,Meta Ads,Remarketing_Display,59,24,41,18,0,146,5730
2023-01-01,Meta Ads,Lead_Generation,210,125,135,68,7,422,15250
2023-01-01,Meta Ads,Display_Generico,286,171,188,84,14,573,20670
2023-01-01,Meta Ads,Video_Awareness_Amplo,289,171,183,95,11,584,21120
2023-01-01,TikTok Ads,Performance_Search,354,210,225,106,23,714,25800
2023-01-01,TikTok Ads,Performance_Shopping,414,248,277,116,21,829,29860
2023-01-01,TikTok Ads,Remarketing_Display,112,47,79,28,5,274,10690
2023-01-01,TikTok Ads,Lead_Generation,307,181,185,102,20,622,22520
2023-01-01,TikTok Ads,Display_Generico,485,288,307,154,24,977,35310
2023-01-01,TikTok Ads,Video_Awareness_Amplo,365,216,228,120,17,737,26670
2023-01-02,Google Ads,Performance_Search,129,77,84,39,6,259,9340
2023-01-02,Google Ads,Performance_Shopping,325,192,203,105,17,657,23790
2023-01-02,Google Ads,Remarketing_Display,127,53,90,30,7,312,12160
2023-01-02,Google Ads,Lead_Generation,224,133,146,70,8,451,16310
2023-01-02,Google Ads,Display_Generico,477,286,320,138,19,954,34370
2023-01-02,Google Ads,Video_Awareness_Amplo,482,287,308,152,22,969,34990
2023-01-02,Meta Ads,Performance_Search,339,201,212,110,17,684,24720
2023-01-02,Meta Ads,Performance_Shopping,192,115,129,54,9,384,13850
2023-01-02,Meta Ads,Remarketing_Display,189,78,120,58,11,466,18210
2023-01-02,Meta Ads,Lead_Generation,299,178,194,93,12,601,21710
2023-01-02,Meta Ads,Display_Generico,702,422,476,194,32,1402,50440
2023-01-02,Meta Ads,Video_Awareness_Amplo,732,437,475,217,40,1469,52990
2023-01-02,TikTok Ads,Performance_Search,567,340,382,148,37,1134,40850
2023-01-02,TikTok Ads,Performance_Shopping,407,243,268,122,17,817,29460
2023-01-02,TikTok Ads,Remarketing_Display,152,62,94,48,10,377,14740
2023-01-02,TikTok Ads,Lead_Generation,350,206,210,124,16,710,25720
2023-01-02,TikTok Ads,Display_Generico,785,467,499,245,41,1580,57040
2023-01-02,TikTok Ads,Video_Awareness_Amplo,1144,682,739,354,51,2299,82940
2023-01-03,Google Ads,Performance_Search,212,126,139,66,7,427,15420
2023-01-03,Google Ads,Performance_Shopping,151,91,106,38,7,301,10820
2023-01-03,Google Ads,Remarketing_Display,78,32,53,20,5,193,7540
2023-01-03,Google Ads,Lead_Generation,277,165,182,80,15,557,20100
2023-01-03,Google Ads,Display_Generico,353,211,233,100,20,708,25520
2023-01-03,Google Ads,Video_Awareness_Amplo,283,168,178,93,12,570,20610
2023-01-03,Meta Ads,Performance_Search,210,124,132,76,2,425,15380
2023-01-03,Meta Ads,Performance_Shopping,370,218,223,132,15,750,27160
2023-01-03,Meta Ads,Remarketing_Display,176,73,121,52,3,433,16910
2023-01-03,Meta Ads,Lead_Generation,336,200,218,103,15,676,24400
2023-01-03,Meta Ads,Display_Generico,467,280,313,137,17,934,33650
2023-01-03,Meta Ads,Video_Awareness_Amplo,607,362,396,182,29,1219,43990
2023-01-03,TikTok Ads,Performance_Search,646,384,411,208,27,1301,46980
2023-01-03,TikTok Ads,Performance_Shopping,573,340,359,185,29,1155,41750
2023-01-03,TikTok Ads,Remarketing_Display,251,103,156,86,9,621,24260
2023-01-03,TikTok Ads,Lead_Generation,601,359,390,175,36,1206,43480
2023-01-03,TikTok Ads,Display_Generico,636,380,417,195,24,1276,46000
2023-01-03,TikTok Ads,Video_Awareness_Amplo,1011,606,673,295,43,2023,72870
2023-01-04,Google Ads,Performance_Search,192,114,121,61,10,387,13980
2023-01-04,Google Ads,Performance_Shopping,267,161,184,72,11,532,19120
2023-01-04,Google Ads,Remarketing_Display,88,35,45,40,3,220,8650
2023-01-04,Google Ads,Lead_Generation,305,183,208,82,15,610,21960
2023-01-04,Google Ads,Display_Generico,425,251,257,144,24,860,31120
2023-01-04,Google Ads,Video_Awareness_Amplo,407,241,253,136,18,822,29720
2023-01-04,Meta Ads,Performance_Search,420,251,275,134,11,842,30370
2023-01-04,Meta Ads,Performance_Shopping,192,113,115,69,8,389,14110
2023-01-04,Meta Ads,Remarketing_Display,177,73,117,51,9,437,17060
2023-01-04,Meta Ads,Lead_Generation,452,272,313,125,14,902,32440
2023-01-04,Meta Ads,Display_Generico,714,427,469,214,31,1431,51590
2023-01-04,Meta Ads,Video_Awareness_Amplo,555,327,335,191,29,1125,40740
2023-01-04,TikTok Ads,Performance_Search,640,383,423,185,32,1282,46210
2023-01-04,TikTok Ads,Performance_Shopping,496,296,322,160,14,996,35920
2023-01-04,TikTok Ads,Remarketing_Display,255,104,151,87,17,632,24730
2023-01-04,TikTok Ads,Lead_Generation,656,391,426,200,30,1318,47570
2023-01-04,TikTok Ads,Display_Generico,1130,678,756,323,51,2260,81360
2023-01-04,TikTok Ads,Video_Awareness_Amplo,1005,603,673,291,41,2010,72360
2023-01-05,Google Ads,Performance_Search,207,124,140,59,8,414,14930
2023-01-05,Google Ads,Performance_Shopping,316,188,200,101,15,636,22960
2023-01-05,Google Ads,Remarketing_Display,134,56,92,39,3,329,12820
2023-01-05,Google Ads,Lead_Generation,157,92,96,51,10,319,11590
2023-01-05,Google Ads,Display_Generico,426,253,268,134,24,858,31010
2023-01-05,Google Ads,Video_Awareness_Amplo,509,300,304,177,28,1031,37350
2023-01-05,Meta Ads,Performance_Search,187,111,117,56,14,377,13620
2023-01-05,Meta Ads,Performance_Shopping,331,198,220,96,15,663,23910
2023-01-05,Meta Ads,Remarketing_Display,150,62,95,43,12,370,14440
2023-01-05,Meta Ads,Lead_Generation,473,282,306,144,23,950,34290
2023-01-05,Meta Ads,Display_Generico,573,342,372,175,26,1150,41490
2023-01-05,Meta Ads,Video_Awareness_Amplo,437,259,271,144,22,882,31880
2023-01-05,TikTok Ads,Performance_Search,634,379,414,187,33,1271,45830
2023-01-05,TikTok Ads,Performance_Shopping,531,317,345,158,28,1066,38440
2023-01-05,TikTok Ads,Remarketing_Display,199,81,123,65,11,494,19320
2023-01-05,TikTok Ads,Lead_Generation,446,266,288,139,19,896,32320
2023-01-05,TikTok Ads,Display_Generico,954,567,603,300,51,1921,69390
2023-01-05,TikTok Ads,Video_Awareness_Amplo,606,361,388,191,27,1218,43970
2023-01-06,Google Ads,Performance_Search,208,125,141,56,11,415,14950
2023-01-06,Google Ads,Performance_Shopping,351,211,237,104,10,701,25220
2023-01-06,Google Ads,Remarketing_Display,88,36,54,27,7,218,8520
2023-01-06,Google Ads,Lead_Generation,155,92,103,43,9,312,11290
2023-01-06,Google Ads,Display_Generico,541,325,369,147,25,1081,38900
2023-01-06,Google Ads,Video_Awareness_Amplo,295,176,194,88,13,592,21370
2023-01-06,Meta Ads,Performance_Search,370,220,238,113,19,745,26900
2023-01-06,Meta Ads,Performance_Shopping,401,239,261,117,23,806,29080
2023-01-06,Meta Ads,Remarketing_Display,124,52,89,29,6,304,11840
2023-01-06,Meta Ads,Lead_Generation,452,268,286,142,24,912,32960
2023-01-06,Meta Ads,Display_Generico,384,231,262,104,18,766,27570
2023-01-06,Meta Ads,Video_Awareness_Amplo,441,262,277,140,24,888,32090
2023-01-06,TikTok Ads,Performance_Search,764,454,483,234,47,1539,55580
2023-01-06,TikTok Ads,Performance_Shopping,729,432,456,244,29,1471,53190
2023-01-06,TikTok Ads,Remarketing_Display,186,77,121,58,7,458,17890
2023-01-06,TikTok Ads,Lead_Generation,624,376,428,171,25,1244,44720
2023-01-06,TikTok Ads,Display_Generico,588,351,382,179,27,1180,42570
2023-01-06,TikTok Ads,Video_Awareness_Amplo,816,488,539,238,39,1636,58960
2023-01-07,Google Ads,Performance_Search,194,116,129,54,11,389,14020
2023-01-07,Google Ads,Performance_Shopping,91,55,66,20,5,181,6500
2023-01-07,Google Ads,Remarketing_Display,47,19,27,17,3,117,4580
2023-01-07,Google Ads,Lead_Generation,195,116,129,56,10,392,14170
2023-01-07,Google Ads,Display_Generico,271,161,175,83,13,546,19720
2023-01-07,Google Ads,Video_Awareness_Amplo,240,144,161,70,9,480,17280
2023-01-07,Meta Ads,Performance_Search,133,78,80,51,2,270,9810
2023-01-07,Meta Ads,Performance_Shopping,149,87,88,55,6,304,11040
2023-01-07,Meta Ads,Remarketing_Display,126,52,79,34,13,311,12140
2023-01-07,Meta Ads,Lead_Generation,147,87,93,39,15,297,10740
2023-01-07,Meta Ads,Display_Generico,251,147,149,81,21,511,18540
2023-01-07,Meta Ads,Video_Awareness_Amplo,274,166,199,63,12,544,19520
2023-01-07,TikTok Ads,Performance_Search,370,222,249,102,19,740,26640
2023-01-07,TikTok Ads,Performance_Shopping,346,208,239,91,16,691,24860
2023-01-07,TikTok Ads,Remarketing_Display,177,73,117,49,11,437,17060
2023-01-07,TikTok Ads,Lead_Generation,279,167,189,82,8,559,20140
2023-01-07,TikTok Ads,Display_Generico,605,362,403,171,31,1212,43690
2023-01-07,TikTok Ads,Video_Awareness_Amplo,638,380,413,194,31,1283,46300
2023-01-08,Google Ads,Performance_Search,204,124,147,48,9,404,14480
2023-01-08,Google Ads,Performance_Shopping,209,124,133,63,13,421,15230
2023-01-08,Google Ads,Remarketing_Display,81,33,47,33,1,201,7860
2023-01-08,Google Ads,Lead_Generation,127,75,81,41,5,257,9300
2023-01-08,Google Ads,Display_Generico,290,174,199,78,13,580,20880
2023-01-08,Google Ads,Video_Awareness_Amplo,324,194,215,87,22,649,23380
2023-01-08,Meta Ads,Performance_Search,123,72,76,39,8,250,9090
2023-01-08,Meta Ads,Performance_Shopping,328,196,215,104,9,658,23720
2023-01-08,Meta Ads,Remarketing_Display,128,51,71,51,6,320,12570
2023-01-08,Meta Ads,Lead_Generation,296,177,198,86,12,593,21390
2023-01-08,Meta Ads,Display_Generico,382,228,250,119,13,767,27660
2023-01-08,Meta Ads,Video_Awareness_Amplo,340,202,214,102,24,685,24740
2023-01-08,TikTok Ads,Performance_Search,362,219,259,86,17,719,25830
2023-01-08,TikTok Ads,Performance_Shopping,248,146,153,89,6,503,18220
2023-01-08,TikTok Ads,Remarketing_Display,179,73,113,59,7,444,17360
2023-01-08,TikTok Ads,Lead_Generation,297,177,190,87,20,597,21540
2023-01-08,TikTok Ads,Display_Generico,677,405,445,200,32,1357,48900
2023-01-08,TikTok Ads,Video_Awareness_Amplo,500,299,332,150,18,1002,36130
2023-01-09,Google Ads,Performance_Search,153,89,85,61,7,313,11380
2023-01-09,Google Ads,Performance_Shopping,207,122,128,67,12,419,15190
2023-01-09,Google Ads,Remarketing_Display,116,47,68,39,9,288,11290
2023-01-09,Google Ads,Lead_Generation,186,112,128,53,5,371,13340
2023-01-09,Google Ads,Display_Generico,348,206,217,114,17,703,25420
2023-01-09,Google Ads,Video_Awareness_Amplo,474,283,313,139,22,951,34310
2023-01-09,Meta Ads,Performance_Search,245,148,171,60,14,487,17510
2023-01-09,Meta Ads,Performance_Shopping,242,145,166,67,9,484,17450
2023-01-09,Meta Ads,Remarketing_Display,135,55,84,43,8,335,13100
2023-01-09,Meta Ads,Lead_Generation,434,259,286,128,20,871,31430
2023-01-09,Meta Ads,Display_Generico,452,271,303,129,20,904,32570
2023-01-09,Meta Ads,Video_Awareness_Amplo,472,280,299,144,29,952,34400
2023-01-09,TikTok Ads,Performance_Search,584,348,374,181,29,1174,42360
2023-01-09,TikTok Ads,Performance_Shopping,331,198,222,103,6,663,23910
2023-01-09,TikTok Ads,Remarketing_Display,229,95,151,71,7,564,22000
2023-01-09,TikTok Ads,Lead_Generation,543,325,358,154,31,1088,39200
2023-01-09,TikTok Ads,Display_Generico,590,350,373,190,27,1190,43000
2023-01-09,TikTok Ads,Video_Awareness_Amplo,613,364,387,202,24,1235,44630
2023-01-10,Google Ads,Performance_Search,312,184,187,105,20,632,22880
2023-01-10,Google Ads,Performance_Shopping,261,155,166,83,12,526,19000
2023-01-10,Google Ads,Remarketing_Display,94,39,69,21,4,231,9030
2023-01-10,Google Ads,Lead_Generation,193,113,114,68,11,393,14260
2023-01-10,Google Ads,Display_Generico,330,198,220,96,14,660,23760
2023-01-10,Google Ads,Video_Awareness_Amplo,331,198,217,102,12,663,23910
2023-01-10,Meta Ads,Performance_Search,218,129,134,66,18,440,15930
2023-01-10,Meta Ads,Performance_Shopping,225,134,147,67,11,452,16330
2023-01-10,Meta Ads,Remarketing_Display,190,78,116,67,7,470,18360
2023-01-10,Meta Ads,Lead_Generation,456,272,294,133,29,916,33040
2023-01-10,Meta Ads,Display_Generico,725,434,477,211,37,1452,52330
2023-01-10,Meta Ads,Video_Awareness_Amplo,622,371,403,189,30,1249,45070
2023-01-10,TikTok Ads,Performance_Search,417,248,266,131,20,839,30310
2023-01-10,TikTok Ads,Performance_Shopping,609,363,390,182,37,1224,44160
2023-01-10,TikTok Ads,Remarketing_Display,139,57,86,50,3,344,13440
2023-01-10,TikTok Ads,Lead_Generation,412,246,268,125,19,827,29820
2023-01-10,TikTok Ads,Display_Generico,832,496,539,254,39,1672,60320
2023-01-10,TikTok Ads,Video_Awareness_Amplo,944,564,615,282,47,1894,68280
2023-01-11,Google Ads,Performance_Search,357,213,231,113,13,717,25860
2023-01-11,Google Ads,Performance_Shopping,238,141,151,75,12,480,17370
2023-01-11,Google Ads,Remarketing_Display,89,37,62,22,5,219,8540
2023-01-11,Google Ads,Lead_Generation,274,162,170,91,13,554,20040
2023-01-11,Google Ads,Display_Generico,370,221,241,117,12,742,26770
2023-01-11,Google Ads,Video_Awareness_Amplo,418,252,290,109,19,833,29940
2023-01-11,Meta Ads,Performance_Search,239,142,155,71,13,481,17390
2023-01-11,Meta Ads,Performance_Shopping,464,277,306,133,25,931,33590
2023-01-11,Meta Ads,Remarketing_Display,165,68,107,51,7,407,15910
2023-01-11,Meta Ads,Lead_Generation,359,215,242,107,10,719,25900
2023-01-11,Meta Ads,Display_Generico,434,259,284,132,18,871,31430
2023-01-11,Meta Ads,Video_Awareness_Amplo,382,226,236,126,20,772,27920
2023-01-11,TikTok Ads,Performance_Search,403,240,263,126,14,810,29250
2023-01-11,TikTok Ads,Performance_Shopping,368,223,264,92,12,730,26210
2023-01-11,TikTok Ads,Remarketing_Display,176,74,124,40,12,431,16780
2023-01-11,TikTok Ads,Lead_Generation,595,357,403,165,27,1190,42840
2023-01-11,TikTok Ads,Display_Generico,597,357,396,176,25,1197,43140
2023-01-11,TikTok Ads,Video_Awareness_Amplo,776,465,517,215,44,1553,55950
2023-01-12,Google Ads,Performance_Search,236,138,139,88,9,481,17460
2023-01-12,Google Ads,Performance_Shopping,333,199,220,93,20,668,24080
2023-01-12,Google Ads,Remarketing_Display,132,54,82,41,9,327,12780
2023-01-12,Google Ads,Lead_Generation,207,124,141,60,6,414,14930
2023-01-12,Google Ads,Display_Generico,441,265,299,118,24,881,31700
2023-01-12,Google Ads,Video_Awareness_Amplo,273,163,177,86,10,548,19760
2023-01-12,Meta Ads,Performance_Search,359,213,226,113,20,724,26160
2023-01-12,Meta Ads,Performance_Shopping,465,277,303,140,22,935,33740
2023-01-12,Meta Ads,Remarketing_Display,136,57,94,38,4,333,12990
2023-01-12,Meta Ads,Lead_Generation,429,257,289,124,16,859,30940
2023-01-12,Meta Ads,Display_Generico,468,278,296,146,26,943,34060
2023-01-12,Meta Ads,Video_Awareness_Amplo,688,413,460,186,42,1375,49510
2023-01-12,TikTok Ads,Performance_Search,285,169,181,84,20,575,20780
2023-01-12,TikTok Ads,Performance_Shopping,383,229,254,110,19,768,27680
2023-01-12,TikTok Ads,Remarketing_Display,218,91,149,54,15,535,20870
2023-01-12,TikTok Ads,Lead_Generation,359,214,235,109,15,721,26030
2023-01-12,TikTok Ads,Display_Generico,593,354,389,174,30,1190,42930
2023-01-12,TikTok Ads,Video_Awareness_Amplo,1041,617,645,331,65,2101,75940
2023-01-13,Google Ads,Performance_Search,220,131,143,60,17,442,15970
2023-01-13,Google Ads,Performance_Shopping,305,181,190,102,13,615,22220
2023-01-13,Google Ads,Remarketing_Display,115,46,65,42,8,287,11270
2023-01-13,Google Ads,Lead_Generation,275,165,184,78,13,550,19800
2023-01-13,Google Ads,Display_Generico,337,201,219,93,25,677,24420
2023-01-13,Google Ads,Video_Awareness_Amplo,524,312,339,159,26,1054,38040
2023-01-13,Meta Ads,Performance_Search,231,137,146,69,16,466,16840
2023-01-13,Meta Ads,Performance_Shopping,454,273,313,126,15,906,32610
2023-01-13,Meta Ads,Remarketing_Display,120,49,78,40,2,297,11630
2023-01-13,Meta Ads,Lead_Generation,292,174,192,88,12,587,21180
2023-01-13,Meta Ads,Display_Generico,499,294,302,168,29,1011,36630
2023-01-13,Meta Ads,Video_Awareness_Amplo,487,290,313,150,24,979,35350
2023-01-13,TikTok Ads,Performance_Search,600,361,411,163,26,1197,43070
2023-01-13,TikTok Ads,Performance_Shopping,370,222,247,105,18,740,26640
2023-01-13,TikTok Ads,Remarketing_Display,289,120,189,85,15,711,27750
2023-01-13,TikTok Ads,Lead_Generation,503,298,311,157,35,1015,36710
2023-01-13,TikTok Ads,Display_Generico,923,549,585,288,50,1858,67080
2023-01-13,TikTok Ads,Video_Awareness_Amplo,1076,639,678,335,63,2168,78330
2023-01-14,Google Ads,Performance_Search,82,49,54,24,4,164,5930
2023-01-14,Google Ads,Performance_Shopping,125,73,74,45,6,255,9260
2023-01-14,Google Ads,Remarketing_Display,59,24,42,14,3,146,5730
2023-01-14,Google Ads,Lead_Generation,213,127,143,60,10,428,15440
2023-01-14,Google Ads,Display_Generico,204,121,131,65,8,411,14870
2023-01-14,Google Ads,Video_Awareness_Amplo,286,170,184,83,19,576,20800
2023-01-14,Meta Ads,Performance_Search,142,85,95,41,6,284,10250
2023-01-14,Meta Ads,Performance_Shopping,186,111,126,51,9,373,13470
2023-01-14,Meta Ads,Remarketing_Display,96,40,64,25,7,236,9200
2023-01-14,Meta Ads,Lead_Generation,279,166,177,84,18,561,20270
2023-01-14,Meta Ads,Display_Generico,401,237,245,134,22,811,29340
2023-01-14,Meta Ads,Video_Awareness_Amplo,297,177,195,86,16,597,21540
2023-01-14,TikTok Ads,Performance_Search,389,232,255,120,14,781,28190
2023-01-14,TikTok Ads,Performance_Shopping,236,140,149,71,16,476,17200
2023-01-14,TikTok Ads,Remarketing_Display,122,50,79,37,6,302,11800
2023-01-14,TikTok Ads,Lead_Generation,472,279,292,151,29,954,34530
2023-01-14,TikTok Ads,Display_Generico,449,265,270,149,30,909,32900
2023-01-14,TikTok Ads,Video_Awareness_Amplo,658,390,409,211,38,1328,48000
2023-01-15,Google Ads,Performance_Search,129,76,80,42,7,261,9470
2023-01-15,Google Ads,Performance_Shopping,252,150,161,77,14,507,18300
2023-01-15,Google Ads,Remarketing_Display,53,21,31,17,5,133,5220
2023-01-15,Google Ads,Lead_Generation,185,109,115,57,13,375,13580
2023-01-15,Google Ads,Display_Generico,336,202,230,92,14,671,24140
2023-01-15,Google Ads,Video_Awareness_Amplo,209,125,142,61,6,419,15100
2023-01-15,Meta Ads,Performance_Search,185,108,104,68,13,377,13710
2023-01-15,Meta Ads,Performance_Shopping,179,107,118,52,9,359,12940
2023-01-15,Meta Ads,Remarketing_Display,92,37,57,30,5,229,8990
2023-01-15,Meta Ads,Lead_Generation,294,175,188,93,13,591,21350
2023-01-15,Meta Ads,Display_Generico,521,309,326,157,38,1051,37980
2023-01-15,Meta Ads,Video_Awareness_Amplo,449,269,297,128,24,899,32380
2023-01-15,TikTok Ads,Performance_Search,427,255,280,126,21,857,30900
2023-01-15,TikTok Ads,Performance_Shopping,401,239,258,123,20,806,29080
2023-01-15,TikTok Ads,Remarketing_Display,124,51,76,39,9,306,11970
2023-01-15,TikTok Ads,Lead_Generation,306,181,190,97,19,618,22370
2023-01-15,TikTok Ads,Display_Generico,452,269,289,145,18,909,32830
2023-01-15,TikTok Ads,Video_Awareness_Amplo,503,295,293,182,28,1023,37100
2023-01-16,Google Ads,Performance_Search,327,197,225,84,18,652,23440
2023-01-16,Google Ads,Performance_Shopping,337,201,223,102,12,677,24420
2023-01-16,Google Ads,Remarketing_Display,147,60,92,51,4,364,14250
2023-01-16,Google Ads,Lead_Generation,253,151,166,74,13,508,18320
2023-01-16,Google Ads,Display_Generico,346,206,223,108,15,696,25120
2023-01-16,Google Ads,Video_Awareness_Amplo,282,167,177,93,12,569,20590
2023-01-16,Meta Ads,Performance_Search,546,325,348,176,22,1098,39650
2023-01-16,Meta Ads,Performance_Shopping,430,256,277,125,28,865,31220
2023-01-16,Meta Ads,Remarketing_Display,112,46,73,33,6,277,10820
2023-01-16,Meta Ads,Lead_Generation,194,114,118,72,4,394,14280
2023-01-16,Meta Ads,Display_Generico,646,386,421,193,32,1296,46720
2023-01-16,Meta Ads,Video_Awareness_Amplo,623,374,417,174,32,1245,44830
2023-01-16,TikTok Ads,Performance_Search,475,284,316,129,30,952,34330
2023-01-16,TikTok Ads,Performance_Shopping,329,195,209,99,21,664,24000
2023-01-16,TikTok Ads,Remarketing_Display,264,109,168,82,14,651,25430
2023-01-16,TikTok Ads,Lead_Generation,690,410,435,212,43,1390,50200
2023-01-16,TikTok Ads,Display_Generico,657,392,426,203,28,1319,47590
2023-01-16,TikTok Ads,Video_Awareness_Amplo,903,540,591,268,44,1810,65250
2023-01-17,Google Ads,Performance_Search,267,160,181,71,15,534,19250
2023-01-17,Google Ads,Performance_Shopping,159,94,101,52,6,321,11630
2023-01-17,Google Ads,Remarketing_Display,139,56,83,46,10,346,13570
2023-01-17,Google Ads,Lead_Generation,168,100,109,52,7,338,12200
2023-01-17,Google Ads,Display_Generico,302,182,210,79,13,602,21640
2023-01-17,Google Ads,Video_Awareness_Amplo,481,287,314,138,29,966,34840
2023-01-17,Meta Ads,Performance_Search,480,283,289,165,26,972,35210
2023-01-17,Meta Ads,Performance_Shopping,516,309,346,147,23,1033,37230
2023-01-17,Meta Ads,Remarketing_Display,94,39,67,18,9,231,9030
2023-01-17,Meta Ads,Lead_Generation,258,152,159,84,15,523,18940
2023-01-17,Meta Ads,Display_Generico,481,288,317,142,22,963,34710
2023-01-17,Meta Ads,Video_Awareness_Amplo,647,386,422,207,18,1299,46870
2023-01-17,TikTok Ads,Performance_Search,692,417,476,183,33,1379,49590
2023-01-17,TikTok Ads,Performance_Shopping,488,292,321,148,19,978,35240
2023-01-17,TikTok Ads,Remarketing_Display,175,72,116,47,12,432,16890
2023-01-17,TikTok Ads,Lead_Generation,362,215,228,118,16,729,26350
2023-01-17,TikTok Ads,Display_Generico,602,356,371,198,33,1217,44020
2023-01-17,TikTok Ads,Video_Awareness_Amplo,1102,659,722,330,50,2209,79630
2023-01-18,Google Ads,Performance_Search,214,128,141,58,15,429,15460
2023-01-18,Google Ads,Performance_Shopping,340,200,202,120,18,690,25000
2023-01-18,Google Ads,Remarketing_Display,97,39,58,33,6,242,9480
2023-01-18,Google Ads,Lead_Generation,312,186,202,96,14,627,22620
2023-01-18,Google Ads,Display_Generico,489,291,316,147,26,984,35520
2023-01-18,Google Ads,Video_Awareness_Amplo,433,259,286,126,21,868,31280
2023-01-18,Meta Ads,Performance_Search,463,276,297,140,26,930,33570
2023-01-18,Meta Ads,Performance_Shopping,247,148,168,65,14,494,17810
2023-01-18,Meta Ads,Remarketing_Display,114,47,80,30,4,281,10990
2023-01-18,Meta Ads,Lead_Generation,255,151,163,81,11,515,18620
2023-01-18,Meta Ads,Display_Generico,430,258,293,114,23,860,30960
2023-01-18,Meta Ads,Video_Awareness_Amplo,610,365,400,188,22,1222,44050
2023-01-18,TikTok Ads,Performance_Search,701,415,434,227,40,1416,51200
2023-01-18,TikTok Ads,Performance_Shopping,347,206,222,110,15,699,25270
2023-01-18,TikTok Ads,Remarketing_Display,230,95,153,68,9,567,22150
2023-01-18,TikTok Ads,Lead_Generation,442,265,294,129,19,884,31850
2023-01-18,TikTok Ads,Display_Generico,678,407,459,183,36,1355,48790
2023-01-18,TikTok Ads,Video_Awareness_Amplo,819,488,526,259,34,1646,59410
2023-01-19,Google Ads,Performance_Search,200,119,131,61,8,402,14530
2023-01-19,Google Ads,Performance_Shopping,141,84,95,39,7,283,10230
2023-01-19,Google Ads,Remarketing_Display,115,48,79,30,6,282,11010
2023-01-19,Google Ads,Lead_Generation,204,123,141,57,6,406,14610
2023-01-19,Google Ads,Display_Generico,394,234,253,116,25,794,28680
2023-01-19,Google Ads,Video_Awareness_Amplo,399,236,248,126,25,806,29170
2023-01-19,Meta Ads,Performance_Search,288,171,183,85,20,580,20970
2023-01-19,Meta Ads,Performance_Shopping,499,299,332,140,27,999,35980
2023-01-19,Meta Ads,Remarketing_Display,166,68,108,51,7,411,16060
2023-01-19,Meta Ads,Lead_Generation,242,144,156,73,13,487,17580
2023-01-19,Meta Ads,Display_Generico,434,260,289,123,22,869,31300
2023-01-19,Meta Ads,Video_Awareness_Amplo,473,280,292,154,27,955,34550
2023-01-19,TikTok Ads,Performance_Search,651,390,436,180,35,1303,46950
2023-01-19,TikTok Ads,Performance_Shopping,772,464,525,212,35,1542,55480
2023-01-19,TikTok Ads,Remarketing_Display,193,79,121,67,5,478,18680
2023-01-19,TikTok Ads,Lead_Generation,734,440,491,203,40,1469,52900
2023-01-19,TikTok Ads,Display_Generico,1108,659,701,344,63,2230,80530
2023-01-19,TikTok Ads,Video_Awareness_Amplo,1037,618,669,320,48,2084,75210
2023-01-20,Google Ads,Performance_Search,182,107,112,57,13,369,13390
2023-01-20,Google Ads,Performance_Shopping,303,180,191,100,12,610,22050
2023-01-20,Google Ads,Remarketing_Display,103,42,69,29,5,255,9990
2023-01-20,Google Ads,Lead_Generation,181,108,121,51,9,363,13110
2023-01-20,Google Ads,Display_Generico,437,262,291,115,31,874,31490
2023-01-20,Google Ads,Video_Awareness_Amplo,497,296,320,151,26,999,36070
2023-01-20,Meta Ads,Performance_Search,255,152,169,72,14,512,18490
2023-01-20,Meta Ads,Performance_Shopping,347,205,214,102,31,702,25400
2023-01-20,Meta Ads,Remarketing_Display,127,51,75,44,8,317,12420
2023-01-20,Meta Ads,Lead_Generation,385,229,245,120,20,775,27980
2023-01-20,Meta Ads,Display_Generico,520,309,333,156,31,1047,37830
2023-01-20,Meta Ads,Video_Awareness_Amplo,519,310,341,147,31,1041,37550
2023-01-20,TikTok Ads,Performance_Search,336,201,225,99,12,673,24270
2023-01-20,TikTok Ads,Performance_Shopping,417,248,264,127,26,839,30310
2023-01-20,TikTok Ads,Remarketing_Display,252,104,165,76,11,622,24280
2023-01-20,TikTok Ads,Lead_Generation,541,325,369,155,17,1081,38900
2023-01-20,TikTok Ads,Display_Generico,815,486,525,244,46,1637,59070
2023-01-20,TikTok Ads,Video_Awareness_Amplo,685,408,441,213,31,1377,49710
2023-01-21,Google Ads,Performance_Search,242,143,149,76,17,489,17710
2023-01-21,Google Ads,Performance_Shopping,230,137,153,68,9,462,16690
2023-01-21,Google Ads,Remarketing_Display,81,33,47,29,5,201,7860
2023-01-21,Google Ads,Lead_Generation,203,121,135,59,9,408,14720
2023-01-21,Google Ads,Display_Generico,284,170,191,78,15,569,20500
2023-01-21,Google Ads,Video_Awareness_Amplo,251,149,157,75,19,506,18280
2023-01-21,Meta Ads,Performance_Search,351,207,215,116,20,711,25740
2023-01-21,Meta Ads,Performance_Shopping,263,156,167,88,8,530,19170
2023-01-21,Meta Ads,Remarketing_Display,115,47,75,33,7,285,11140
2023-01-21,Meta Ads,Lead_Generation,270,160,172,86,12,545,19700
2023-01-21,Meta Ads,Display_Generico,462,276,300,138,24,927,33420
2023-01-21,Meta Ads,Video_Awareness_Amplo,339,202,219,106,14,681,24590
2023-01-21,TikTok Ads,Performance_Search,291,175,199,75,17,581,20900
2023-01-21,TikTok Ads,Performance_Shopping,263,155,161,87,15,533,19300
2023-01-21,TikTok Ads,Remarketing_Display,151,62,94,47,10,373,14590
2023-01-21,TikTok Ads,Lead_Generation,336,203,236,85,15,668,24010
2023-01-21,TikTok Ads,Display_Generico,507,302,325,148,34,1019,36790
2023-01-21,TikTok Ads,Video_Awareness_Amplo,563,335,363,173,27,1133,40900
2023-01-22,Google Ads,Performance_Search,256,150,153,91,12,521,18900
2023-01-22,Google Ads,Performance_Shopping,171,101,106,56,9,346,12520
2023-01-22,Google Ads,Remarketing_Display,45,18,26,19,0,112,4410
2023-01-22,Google Ads,Lead_Generation,168,99,103,55,10,340,12330
2023-01-22,Google Ads,Display_Generico,309,185,206,92,11,619,22300
2023-01-22,Google Ads,Video_Awareness_Amplo,320,192,214,90,16,640,23040
2023-01-22,Meta Ads,Performance_Search,149,88,93,47,9,301,10910
2023-01-22,Meta Ads,Performance_Shopping,274,164,180,83,11,549,19780
2023-01-22,Meta Ads,Remarketing_Display,131,54,91,34,6,323,12630
2023-01-22,Meta Ads,Lead_Generation,136,80,82,49,5,276,10000
2023-01-22,Meta Ads,Display_Generico,422,251,272,122,28,849,30670
2023-01-22,Meta Ads,Video_Awareness_Amplo,413,248,278,116,19,825,29710
2023-01-22,TikTok Ads,Performance_Search,292,174,192,84,16,587,21180
2023-01-22,TikTok Ads,Performance_Shopping,441,261,272,149,20,891,32220
2023-01-22,TikTok Ads,Remarketing_Display,159,65,99,51,9,394,15400
2023-01-22,TikTok Ads,Lead_Generation,361,215,235,111,15,726,26200
2023-01-22,TikTok Ads,Display_Generico,397,236,254,114,29,799,28870
2023-01-22,TikTok Ads,Video_Awareness_Amplo,468,278,295,150,23,943,34060
2023-01-23,Google Ads,Performance_Search,360,216,240,106,14,720,25920
2023-01-23,Google Ads,Performance_Shopping,228,134,134,75,19,463,16780
2023-01-23,Google Ads,Remarketing_Display,87,36,58,25,4,214,8370
2023-01-23,Google Ads,Lead_Generation,219,132,156,56,7,436,15690
2023-01-23,Google Ads,Display_Generico,335,199,215,104,16,675,24380
2023-01-23,Google Ads,Video_Awareness_Amplo,306,184,208,81,17,611,21980
2023-01-23,Meta Ads,Performance_Search,250,149,161,76,13,502,18130
2023-01-23,Meta Ads,Performance_Shopping,382,228,251,113,18,767,27660
2023-01-23,Meta Ads,Remarketing_Display,198,81,121,64,13,490,19170
2023-01-23,Meta Ads,Lead_Generation,348,210,242,97,9,693,24900
2023-01-23,Meta Ads,Display_Generico,456,271,293,146,17,918,33170
2023-01-23,Meta Ads,Video_Awareness_Amplo,409,245,272,119,18,819,29500
2023-01-23,TikTok Ads,Performance_Search,530,318,359,149,22,1060,38160
2023-01-23,TikTok Ads,Performance_Shopping,512,304,320,166,26,1032,37280
2023-01-23,TikTok Ads,Remarketing_Display,216,89,135,69,12,533,20830
2023-01-23,TikTok Ads,Lead_Generation,324,194,217,94,13,649,23380
2023-01-23,TikTok Ads,Display_Generico,907,542,592,279,36,1819,65590
2023-01-23,TikTok Ads,Video_Awareness_Amplo,751,449,493,224,34,1506,54280
2023-01-24,Google Ads,Performance_Search,259,155,172,74,13,519,18700
2023-01-24,Google Ads,Performance_Shopping,274,163,176,84,14,551,19910
2023-01-24,Google Ads,Remarketing_Display,134,54,80,40,14,334,13080
2023-01-24,Google Ads,Lead_Generation,161,96,105,54,2,323,11670
2023-01-24,Google Ads,Display_Generico,489,292,319,139,31,981,35390
2023-01-24,Google Ads,Video_Awareness_Amplo,304,179,184,106,14,616,22330
2023-01-24,Meta Ads,Performance_Search,269,161,177,79,13,539,19420
2023-01-24,Meta Ads,Performance_Shopping,226,137,166,55,5,448,16090
2023-01-24,Meta Ads,Remarketing_Display,144,60,104,34,6,354,13800
2023-01-24,Meta Ads,Lead_Generation,337,200,210,103,24,679,24550
2023-01-24,Meta Ads,Display_Generico,421,252,279,122,20,843,30390
2023-01-24,Meta Ads,Video_Awareness_Amplo,765,457,497,233,35,1535,55340
2023-01-24,TikTok Ads,Performance_Search,549,327,351,173,25,1104,39840
2023-01-24,TikTok Ads,Performance_Shopping,563,338,378,165,20,1125,40510
2023-01-24,TikTok Ads,Remarketing_Display,264,111,191,60,13,646,25170
2023-01-24,TikTok Ads,Lead_Generation,318,190,210,97,11,638,23000
2023-01-24,TikTok Ads,Display_Generico,686,409,445,202,39,1378,49730
2023-01-24,TikTok Ads,Video_Awareness_Amplo,1086,652,728,313,45,2171,78140
2023-01-25,Google Ads,Performance_Search,311,187,211,87,13,621,22340
2023-01-25,Google Ads,Performance_Shopping,252,151,167,78,7,504,18170
2023-01-25,Google Ads,Remarketing_Display,104,42,60,36,8,259,10140
2023-01-25,Google Ads,Lead_Generation,302,180,194,90,18,607,21900
2023-01-25,Google Ads,Display_Generico,374,223,240,111,23,751,27110
2023-01-25,Google Ads,Video_Awareness_Amplo,490,291,308,158,24,987,35670
2023-01-25,Meta Ads,Performance_Search,200,120,134,50,16,400,14400
2023-01-25,Meta Ads,Performance_Shopping,455,271,290,143,22,915,33020
2023-01-25,Meta Ads,Remarketing_Display,126,52,88,35,3,311,12140
2023-01-25,Meta Ads,Lead_Generation,253,150,157,87,9,510,18450
2023-01-25,Meta Ads,Display_Generico,555,331,358,163,34,1115,40220
2023-01-25,Meta Ads,Video_Awareness_Amplo,627,377,427,169,31,1252,45040
2023-01-25,TikTok Ads,Performance_Search,592,354,388,167,37,1187,42780
2023-01-25,TikTok Ads,Performance_Shopping,298,177,188,98,12,600,21690
2023-01-25,TikTok Ads,Remarketing_Display,220,92,152,55,13,540,21040
2023-01-25,TikTok Ads,Lead_Generation,322,191,204,97,21,649,23470
2023-01-25,TikTok Ads,Display_Generico,846,504,540,262,44,1701,61380
2023-01-25,TikTok Ads,Video_Awareness_Amplo,1019,607,650,305,64,2049,73940
2023-01-26,Google Ads,Performance_Search,325,191,192,115,18,660,23920
2023-01-26,Google Ads,Performance_Shopping,193,116,132,52,9,385,13870
2023-01-26,Google Ads,Remarketing_Display,93,38,56,29,8,230,9010
2023-01-26,Google Ads,Lead_Generation,212,126,135,66,11,427,15420
2023-01-26,Google Ads,Display_Generico,318,190,209,89,20,638,23000
2023-01-26,Google Ads,Video_Awareness_Amplo,342,204,221,95,26,687,24780
2023-01-26,Meta Ads,Performance_Search,375,222,235,121,19,757,27390
2023-01-26,Meta Ads,Performance_Shopping,444,265,291,130,23,891,32150
2023-01-26,Meta Ads,Remarketing_Display,145,60,97,38,10,357,13950
2023-01-26,Meta Ads,Lead_Generation,245,145,155,85,5,495,17900
2023-01-26,Meta Ads,Display_Generico,522,312,341,155,26,1047,37740
2023-01-26,Meta Ads,Video_Awareness_Amplo,748,445,476,233,39,1505,54350
2023-01-26,TikTok Ads,Performance_Search,661,394,425,200,36,1328,47930
2023-01-26,TikTok Ads,Performance_Shopping,631,377,412,188,31,1266,45640
2023-01-26,TikTok Ads,Remarketing_Display,263,109,178,72,13,648,25280
2023-01-26,TikTok Ads,Lead_Generation,617,368,402,186,29,1239,44710
2023-01-26,TikTok Ads,Display_Generico,995,595,653,281,61,1995,71900
2023-01-26,TikTok Ads,Video_Awareness_Amplo,637,378,402,199,36,1284,46410
2023-01-27,Google Ads,Performance_Search,234,138,145,77,12,474,17160
2023-01-27,Google Ads,Performance_Shopping,267,158,167,86,14,539,19510
2023-01-27,Google Ads,Remarketing_Display,105,42,56,39,10,262,10290
2023-01-27,Google Ads,Lead_Generation,185,109,112,66,7,375,13580
2023-01-27,Google Ads,Display_Generico,405,243,276,113,16,810,29160
2023-01-27,Google Ads,Video_Awareness_Amplo,489,290,305,160,24,986,35650
2023-01-27,Meta Ads,Performance_Search,393,235,257,110,26,788,28400
2023-01-27,Meta Ads,Performance_Shopping,401,238,255,125,21,808,29210
2023-01-27,Meta Ads,Remarketing_Display,175,73,123,51,1,430,16760
2023-01-27,Meta Ads,Lead_Generation,330,194,199,114,17,670,24280
2023-01-27,Meta Ads,Display_Generico,750,447,484,230,36,1507,54390
2023-01-27,Meta Ads,Video_Awareness_Amplo,688,406,418,227,43,1393,50420
2023-01-27,TikTok Ads,Performance_Search,630,377,416,185,29,1262,45490
2023-01-27,TikTok Ads,Performance_Shopping,697,416,455,195,47,1399,50470
2023-01-27,TikTok Ads,Remarketing_Display,254,105,169,74,11,626,24450
2023-01-27,TikTok Ads,Lead_Generation,501,300,333,136,32,1003,36150
2023-01-27,TikTok Ads,Display_Generico,684,411,460,195,29,1366,49170
2023-01-27,TikTok Ads,Video_Awareness_Amplo,641,382,416,188,37,1288,46490
2023-01-28,Google Ads,Performance_Search,201,120,132,61,8,403,14550
2023-01-28,Google Ads,Performance_Shopping,132,78,84,43,5,267,9660
2023-01-28,Google Ads,Remarketing_Display,70,29,47,18,5,172,6730
2023-01-28,Google Ads,Lead_Generation,189,112,118,59,12,381,13790
2023-01-28,Google Ads,Display_Generico,201,120,131,59,11,403,14550
2023-01-28,Google Ads,Video_Awareness_Amplo,268,160,178,78,12,538,19400
2023-01-28,Meta Ads,Performance_Search,198,118,128,54,16,398,14360
2023-01-28,Meta Ads,Performance_Shopping,169,102,119,40,10,336,12090
2023-01-28,Meta Ads,Remarketing_Display,85,33,42,39,4,215,8460
2023-01-28,Meta Ads,Lead_Generation,150,89,95,48,7,302,10930
2023-01-28,Meta Ads,Display_Generico,301,179,196,92,13,606,21880
2023-01-28,Meta Ads,Video_Awareness_Amplo,321,191,207,97,17,646,23320
2023-01-28,TikTok Ads,Performance_Search,383,226,234,124,25,775,28070
2023-01-28,TikTok Ads,Performance_Shopping,487,290,315,152,20,979,35350
2023-01-28,TikTok Ads,Remarketing_Display,132,54,81,48,3,327,12780
2023-01-28,TikTok Ads,Lead_Generation,262,157,174,67,21,524,18890
2023-01-28,TikTok Ads,Display_Generico,395,237,265,103,27,790,28440
2023-01-28,TikTok Ads,Video_Awareness_Amplo,727,436,487,205,35,1454,52370
2023-01-29,Google Ads,Performance_Search,121,72,77,38,6,243,8790
2023-01-29,Google Ads,Performance_Shopping,225,133,139,71,15,455,16460
2023-01-29,Google Ads,Remarketing_Display,66,27,45,19,2,163,6390
2023-01-29,Google Ads,Lead_Generation,122,73,80,36,6,244,8810
2023-01-29,Google Ads,Display_Generico,230,140,170,50,10,455,16300
2023-01-29,Google Ads,Video_Awareness_Amplo,205,122,136,56,13,412,14890
2023-01-29,Meta Ads,Performance_Search,282,169,192,73,17,564,20330
2023-01-29,Meta Ads,Performance_Shopping,274,162,172,89,13,554,20040
2023-01-29,Meta Ads,Remarketing_Display,107,44,73,27,7,264,10330
2023-01-29,Meta Ads,Lead_Generation,142,85,97,38,7,284,10250
2023-01-29,Meta Ads,Display_Generico,374,224,249,105,20,749,26980
2023-01-29,Meta Ads,Video_Awareness_Amplo,270,161,175,73,22,542,19570
2023-01-29,TikTok Ads,Performance_Search,200,119,131,57,12,402,14530
2023-01-29,TikTok Ads,Performance_Shopping,232,138,152,72,8,467,16860
2023-01-29,TikTok Ads,Remarketing_Display,107,44,68,33,6,264,10330
2023-01-29,TikTok Ads,Lead_Generation,259,154,169,78,12,521,18830
2023-01-29,TikTok Ads,Display_Generico,421,251,274,126,21,846,30520
2023-01-29,TikTok Ads,Video_Awareness_Amplo,556,329,344,183,29,1123,40630
2023-01-30,Google Ads,Performance_Search,318,190,211,94,13,638,23000
2023-01-30,Google Ads,Performance_Shopping,172,103,117,48,7,344,12410
2023-01-30,Google Ads,Remarketing_Display,112,46,74,33,5,277,10820
2023-01-30,Google Ads,Lead_Generation,333,201,232,83,18,663,23820
2023-01-30,Google Ads,Display_Generico,488,290,309,146,33,983,35500
2023-01-30,Google Ads,Video_Awareness_Amplo,319,191,216,88,15,639,23020
2023-01-30,Meta Ads,Performance_Search,235,140,153,66,16,472,17050
2023-01-30,Meta Ads,Performance_Shopping,322,189,193,107,22,654,23730
2023-01-30,Meta Ads,Remarketing_Display,169,69,101,59,9,419,16380
2023-01-30,Meta Ads,Lead_Generation,462,277,313,123,26,924,33290
2023-01-30,Meta Ads,Display_Generico,730,435,470,222,38,1467,52950
2023-01-30,Meta Ads,Video_Awareness_Amplo,581,346,371,182,28,1168,42170
2023-01-30,TikTok Ads,Performance_Search,301,178,185,101,15,608,22010
2023-01-30,TikTok Ads,Performance_Shopping,668,400,444,189,35,1338,48200
2023-01-30,TikTok Ads,Remarketing_Display,211,88,148,54,9,518,20210
2023-01-30,TikTok Ads,Lead_Generation,467,280,316,131,20,934,33650
2023-01-30,TikTok Ads,Display_Generico,875,523,572,257,46,1755,63260
2023-01-30,TikTok Ads,Video_Awareness_Amplo,693,413,446,206,41,1393,50260
2023-01-31,Google Ads,Performance_Search,275,166,191,72,12,547,19670
2023-01-31,Google Ads,Performance_Shopping,225,135,150,63,12,450,16200
2023-01-31,Google Ads,Remarketing_Display,122,52,94,24,4,297,11540
2023-01-31,Google Ads,Lead_Generation,171,102,112,56,3,343,12390
2023-01-31,Google Ads,Display_Generico,356,216,258,85,13,706,25320
2023-01-31,Google Ads,Video_Awareness_Amplo,395,237,267,106,22,790,28440
2023-01-31,Meta Ads,Performance_Search,346,206,226,105,15,696,25120
2023-01-31,Meta Ads,Performance_Shopping,394,234,247,125,22,794,28680
2023-01-31,Meta Ads,Remarketing_Display,165,67,96,60,9,410,16040
2023-01-31,Meta Ads,Lead_Generation,300,178,187,93,20,605,21860
2023-01-31,Meta Ads,Display_Generico,747,447,494,217,36,1497,53940
2023-01-31,Meta Ads,Video_Awareness_Amplo,592,353,381,175,36,1189,42910
2023-01-31,TikTok Ads,Performance_Search,383,230,259,110,14,765,27550
2023-01-31,TikTok Ads,Performance_Shopping,261,157,177,74,10,521,18740
2023-01-31,TikTok Ads,Remarketing_Display,268,111,179,78,11,660,25770
2023-01-31,TikTok Ads,Lead_Generation,595,354,377,190,28,1197,43230
2023-01-31,TikTok Ads,Display_Generico,624,374,415,175,34,1249,44980
2023-01-31,TikTok Ads,Video_Awareness_Amplo,755,451,494,221,40,1515,54620
2023-02-01,Google Ads,Performance_Search,326,194,210,99,17,656,23680
2023-02-01,Google Ads,Performance_Shopping,353,212,240,96,17,705,25390
2023-02-01,Google Ads,Remarketing_Display,146,59,86,57,3,363,14230
2023-02-01,Google Ads,Lead_Generation,319,190,207,94,18,641,23150
2023-02-01,Google Ads,Display_Generico,505,299,315,165,25,1020,36880
2023-02-01,Google Ads,Video_Awareness_Amplo,419,250,270,129,20,841,30350
2023-02-01,Meta Ads,Performance_Search,356,214,246,86,24,711,25580
2023-02-01,Meta Ads,Performance_Shopping,430,254,264,145,21,870,31480
2023-02-01,Meta Ads,Remarketing_Display,160,67,112,43,5,392,15290
2023-02-01,Meta Ads,Lead_Generation,287,172,190,81,16,574,20690
2023-02-01,Meta Ads,Display_Generico,583,347,373,177,33,1173,42340
2023-02-01,Meta Ads,Video_Awareness_Amplo,705,419,446,223,36,1420,51280
2023-02-01,TikTok Ads,Performance_Search,455,274,313,120,22,907,32630
2023-02-01,TikTok Ads,Performance_Shopping,382,227,241,125,16,769,27790
2023-02-01,TikTok Ads,Remarketing_Display,240,98,144,82,14,595,23260
2023-02-01,TikTok Ads,Lead_Generation,385,229,247,123,15,775,27980
2023-02-01,TikTok Ads,Display_Generico,830,497,548,242,40,1662,59890
2023-02-01,TikTok Ads,Video_Awareness_Amplo,995,595,650,277,68,1995,71900
2023-02-02,Google Ads,Performance_Search,378,226,251,113,14,758,27320
2023-02-02,Google Ads,Performance_Shopping,173,103,116,50,7,348,12560
2023-02-02,Google Ads,Remarketing_Display,105,43,69,30,6,260,10160
2023-02-02,Google Ads,Lead_Generation,207,121,122,75,10,422,15320
2023-02-02,Google Ads,Display_Generico,486,289,309,155,22,978,35330
2023-02-02,Google Ads,Video_Awareness_Amplo,465,277,301,145,19,935,33740
2023-02-02,Meta Ads,Performance_Search,433,257,275,130,28,873,31540
2023-02-02,Meta Ads,Performance_Shopping,376,223,238,115,23,758,27410
2023-02-02,Meta Ads,Remarketing_Display,151,62,100,42,9,373,14590
2023-02-02,Meta Ads,Lead_Generation,479,282,286,167,26,971,35190
2023-02-02,Meta Ads,Display_Generico,706,420,452,218,36,1421,51300
2023-02-02,Meta Ads,Video_Awareness_Amplo,707,421,451,225,31,1422,51320
2023-02-02,TikTok Ads,Performance_Search,532,316,336,168,28,1072,38720
2023-02-02,TikTok Ads,Performance_Shopping,817,490,548,238,31,1634,58850
2023-02-02,TikTok Ads,Remarketing_Display,156,64,99,48,9,386,15080
2023-02-02,TikTok Ads,Lead_Generation,614,364,386,196,32,1239,44780
2023-02-02,TikTok Ads,Display_Generico,738,440,479,224,35,1483,53500
2023-02-02,TikTok Ads,Video_Awareness_Amplo,966,572,597,318,51,1951,70540
2023-02-03,Google Ads,Performance_Search,201,120,133,59,9,403,14550
2023-02-03,Google Ads,Performance_Shopping,315,186,196,99,20,637,23070
2023-02-03,Google Ads,Remarketing_Display,93,38,62,28,3,230,9010
2023-02-03,Google Ads,Lead_Generation,296,178,203,79,14,591,21260
2023-02-03,Google Ads,Display_Generico,419,248,260,144,15,846,30610
2023-02-03,Google Ads,Video_Awareness_Amplo,363,218,247,97,19,725,26110
2023-02-03,Meta Ads,Performance_Search,335,197,203,117,15,680,24640
2023-02-03,Meta Ads,Performance_Shopping,417,250,280,108,29,834,30050
2023-02-03,Meta Ads,Remarketing_Display,205,85,137,54,14,505,19700
2023-02-03,Meta Ads,Lead_Generation,383,230,262,105,16,765,27550
2023-02-03,Meta Ads,Display_Generico,584,345,359,188,37,1181,42750
2023-02-03,Meta Ads,Video_Awareness_Amplo,536,318,339,170,27,1081,39060
2023-02-03,TikTok Ads,Performance_Search,399,237,256,122,21,804,29040
2023-02-03,TikTok Ads,Performance_Shopping,408,245,275,118,15,815,29350
2023-02-03,TikTok Ads,Remarketing_Display,313,129,196,98,19,773,30180
2023-02-03,TikTok Ads,Lead_Generation,519,309,332,161,26,1044,37680
2023-02-03,TikTok Ads,Display_Generico,926,555,619,261,46,1853,66750
2023-02-03,TikTok Ads,Video_Awareness_Amplo,890,532,581,266,43,1785,64340
2023-02-04,Google Ads,Performance_Search,111,65,68,38,5,226,8200
2023-02-04,Google Ads,Performance_Shopping,180,107,117,54,9,362,13090
2023-02-04,Google Ads,Remarketing_Display,66,27,48,14,4,163,6390
2023-02-04,Google Ads,Lead_Generation,223,133,145,67,11,448,16160
2023-02-04,Google Ads,Display_Generico,329,196,215,102,12,661,23870
2023-02-04,Google Ads,Video_Awareness_Amplo,285,169,177,96,12,575,20780
2023-02-04,Meta Ads,Performance_Search,316,189,208,89,19,633,22830
2023-02-04,Meta Ads,Performance_Shopping,146,86,92,48,6,296,10720
2023-02-04,Meta Ads,Remarketing_Display,77,31,47,25,5,192,7520
2023-02-04,Meta Ads,Lead_Generation,204,122,135,55,14,409,14740
2023-02-04,Meta Ads,Display_Generico,394,234,250,128,16,794,28680
2023-02-04,Meta Ads,Video_Awareness_Amplo,462,277,311,130,21,924,33290
2023-02-04,TikTok Ads,Performance_Search,362,218,249,99,14,722,25960
2023-02-04,TikTok Ads,Performance_Shopping,439,263,291,128,20,879,31660
2023-02-04,TikTok Ads,Remarketing_Display,134,55,81,40,13,331,12950
2023-02-04,TikTok Ads,Lead_Generation,438,260,279,137,22,883,31900
2023-02-04,TikTok Ads,Display_Generico,540,323,356,147,37,1082,39010
2023-02-04,TikTok Ads,Video_Awareness_Amplo,407,242,260,130,17,819,29590
2023-02-05,Google Ads,Performance_Search,203,120,129,64,10,410,14850
2023-02-05,Google Ads,Performance_Shopping,226,133,139,70,17,458,16610
2023-02-05,Google Ads,Remarketing_Display,42,17,30,9,3,104,4090
2023-02-05,Google Ads,Lead_Generation,151,89,96,48,7,306,11080
2023-02-05,Google Ads,Display_Generico,361,212,216,116,29,733,26590
2023-02-05,Google Ads,Video_Awareness_Amplo,305,182,201,79,25,612,22090
2023-02-05,Meta Ads,Performance_Search,148,89,100,42,6,295,10630
2023-02-05,Meta Ads,Performance_Shopping,242,144,155,75,12,487,17580
2023-02-05,Meta Ads,Remarketing_Display,108,44,64,41,3,268,10480
2023-02-05,Meta Ads,Lead_Generation,239,143,162,63,14,479,17260
2023-02-05,Meta Ads,Display_Generico,423,253,283,122,18,848,30560
2023-02-05,Meta Ads,Video_Awareness_Amplo,362,214,226,120,16,732,26480
2023-02-05,TikTok Ads,Performance_Search,417,251,284,107,26,832,29920
2023-02-05,TikTok Ads,Performance_Shopping,311,187,215,84,12,621,22340
2023-02-05,TikTok Ads,Remarketing_Display,196,80,123,59,14,486,19000
2023-02-05,TikTok Ads,Lead_Generation,213,129,150,49,14,423,15180
2023-02-05,TikTok Ads,Display_Generico,605,362,399,177,29,1212,43690
2023-02-05,TikTok Ads,Video_Awareness_Amplo,451,270,300,121,30,903,32550
2023-02-06,Google Ads,Performance_Search,276,163,172,94,10,558,20210
2023-02-06,Google Ads,Performance_Shopping,211,127,146,59,6,421,15140
2023-02-06,Google Ads,Remarketing_Display,137,57,95,38,4,337,13140
2023-02-06,Google Ads,Lead_Generation,141,85,98,33,10,281,10100
2023-02-06,Google Ads,Display_Generico,540,320,337,177,26,1090,39400
2023-02-06,Google Ads,Video_Awareness_Amplo,360,214,229,113,18,725,26180
2023-02-06,Meta Ads,Performance_Search,332,197,213,105,14,669,24190
2023-02-06,Meta Ads,Performance_Shopping,412,244,257,131,24,832,30080
2023-02-06,Meta Ads,Remarketing_Display,123,50,72,46,5,305,11950
2023-02-06,Meta Ads,Lead_Generation,351,210,236,96,19,703,25350
2023-02-06,Meta Ads,Display_Generico,425,254,280,127,18,852,30730
2023-02-06,Meta Ads,Video_Awareness_Amplo,754,451,499,219,36,1511,54470
2023-02-06,TikTok Ads,Performance_Search,512,304,324,159,29,1032,37280
2023-02-06,TikTok Ads,Performance_Shopping,343,204,223,109,11,690,24930
2023-02-06,TikTok Ads,Remarketing_Display,227,94,146,69,12,559,21830
2023-02-06,TikTok Ads,Lead_Generation,533,317,340,167,26,1073,38740
2023-02-06,TikTok Ads,Display_Generico,977,583,634,299,44,1962,70760
2023-02-06,TikTok Ads,Video_Awareness_Amplo,826,493,538,255,33,1658,59810
2023-02-07,Google Ads,Performance_Search,303,181,197,96,10,608,21920
2023-02-07,Google Ads,Performance_Shopping,339,200,208,116,15,686,24850
2023-02-07,Google Ads,Remarketing_Display,135,55,85,46,4,335,13100
2023-02-07,Google Ads,Lead_Generation,265,158,175,78,12,532,19210
2023-02-07,Google Ads,Display_Generico,329,197,218,90,21,659,23740
2023-02-07,Google Ads,Video_Awareness_Amplo,442,262,277,144,21,892,32240
2023-02-07,Meta Ads,Performance_Search,348,208,229,102,17,698,25160
2023-02-07,Meta Ads,Performance_Shopping,206,123,136,59,11,413,14910
2023-02-07,Meta Ads,Remarketing_Display,185,76,116,57,12,457,17870
2023-02-07,Meta Ads,Lead_Generation,331,198,218,93,20,663,23910
2023-02-07,Meta Ads,Display_Generico,651,388,420,201,30,1308,47210
2023-02-07,Meta Ads,Video_Awareness_Amplo,454,271,299,136,19,911,32870
2023-02-07,TikTok Ads,Performance_Search,491,293,317,140,34,986,35560
2023-02-07,TikTok Ads,Performance_Shopping,542,324,356,160,26,1087,39180
2023-02-07,TikTok Ads,Remarketing_Display,291,121,192,87,12,716,27920
2023-02-07,TikTok Ads,Lead_Generation,525,314,346,148,31,1052,37930
2023-02-07,TikTok Ads,Display_Generico,733,436,468,222,43,1475,53270
2023-02-07,TikTok Ads,Video_Awareness_Amplo,591,352,379,190,22,1188,42890
2023-02-08,Google Ads,Performance_Search,347,208,232,94,21,694,25010
2023-02-08,Google Ads,Performance_Shopping,242,144,156,71,15,487,17580
2023-02-08,Google Ads,Remarketing_Display,111,46,80,23,8,273,10670
2023-02-08,Google Ads,Lead_Generation,325,196,224,88,13,647,23270
2023-02-08,Google Ads,Display_Generico,388,229,234,128,26,785,28430
2023-02-08,Google Ads,Video_Awareness_Amplo,396,236,255,115,26,796,28720
2023-02-08,Meta Ads,Performance_Search,281,166,172,97,12,568,20570
2023-02-08,Meta Ads,Performance_Shopping,218,131,149,56,13,435,15670
2023-02-08,Meta Ads,Remarketing_Display,152,63,99,48,5,374,14610
2023-02-08,Meta Ads,Lead_Generation,449,268,292,143,14,901,32510
2023-02-08,Meta Ads,Display_Generico,465,278,304,134,27,932,33610
2023-02-08,Meta Ads,Video_Awareness_Amplo,396,235,247,127,22,798,28850
2023-02-08,TikTok Ads,Performance_Search,709,427,484,195,30,1414,50840
2023-02-08,TikTok Ads,Performance_Shopping,672,402,440,206,26,1347,48540
2023-02-08,TikTok Ads,Remarketing_Display,256,105,162,80,14,633,24750
2023-02-08,TikTok Ads,Lead_Generation,347,207,227,105,15,697,25140
2023-02-08,TikTok Ads,Display_Generico,989,591,649,294,46,1984,71520
2023-02-08,TikTok Ads,Video_Awareness_Amplo,846,507,563,241,42,1693,60990
2023-02-09,Google Ads,Performance_Search,237,140,147,77,13,479,17350
2023-02-09,Google Ads,Performance_Shopping,328,195,211,97,20,660,23850
2023-02-09,Google Ads,Remarketing_Display,119,49,78,35,6,294,11480
2023-02-09,Google Ads,Lead_Generation,358,216,249,94,15,713,25620
2023-02-09,Google Ads,Display_Generico,371,223,254,101,16,741,26660
2023-02-09,Google Ads,Video_Awareness_Amplo,468,282,325,124,19,933,33540
2023-02-09,Meta Ads,Performance_Search,242,146,168,69,5,482,17320
2023-02-09,Meta Ads,Performance_Shopping,564,333,345,191,28,1141,41310
2023-02-09,Meta Ads,Remarketing_Display,140,57,88,43,9,347,13590
2023-02-09,Meta Ads,Lead_Generation,407,245,282,105,20,812,29200
2023-02-09,Meta Ads,Display_Generico,603,361,399,180,24,1208,43520
2023-02-09,Meta Ads,Video_Awareness_Amplo,429,257,285,119,25,859,30940
2023-02-09,TikTok Ads,Performance_Search,457,273,299,139,19,917,33060
2023-02-09,TikTok Ads,Performance_Shopping,716,427,465,215,36,1438,51890
2023-02-09,TikTok Ads,Remarketing_Display,223,92,144,67,12,550,21490
2023-02-09,TikTok Ads,Lead_Generation,462,277,311,118,33,924,33290
2023-02-09,TikTok Ads,Display_Generico,1080,645,704,325,51,2167,78150
2023-02-09,TikTok Ads,Video_Awareness_Amplo,904,540,591,272,41,1814,65400
2023-02-10,Google Ads,Performance_Search,200,119,132,58,10,402,14530
2023-02-10,Google Ads,Performance_Shopping,151,90,103,46,2,303,10950
2023-02-10,Google Ads,Remarketing_Display,120,49,76,38,6,297,11630
2023-02-10,Google Ads,Lead_Generation,308,183,197,94,17,620,22410
2023-02-10,Google Ads,Display_Generico,477,285,316,138,23,957,34500
2023-02-10,Google Ads,Video_Awareness_Amplo,314,185,193,99,22,636,23050
2023-02-10,Meta Ads,Performance_Search,411,246,271,124,16,823,29670
2023-02-10,Meta Ads,Performance_Shopping,319,190,205,95,19,641,23150
2023-02-10,Meta Ads,Remarketing_Display,164,68,109,48,7,404,15760
2023-02-10,Meta Ads,Lead_Generation,422,253,284,122,16,844,30410
2023-02-10,Meta Ads,Display_Generico,497,297,324,151,22,997,35940
2023-02-10,Meta Ads,Video_Awareness_Amplo,531,317,349,154,28,1066,38440
2023-02-10,TikTok Ads,Performance_Search,690,411,443,224,23,1387,50070
2023-02-10,TikTok Ads,Performance_Shopping,329,197,218,92,19,659,23740
2023-02-10,TikTok Ads,Remarketing_Display,270,112,177,84,9,665,25940
2023-02-10,TikTok Ads,Lead_Generation,431,256,275,134,22,868,31370
2023-02-10,TikTok Ads,Display_Generico,1108,662,720,337,51,2223,80140
2023-02-10,TikTok Ads,Video_Awareness_Amplo,782,465,496,248,38,1574,56850
2023-02-11,Google Ads,Performance_Search,211,124,128,63,20,428,15530
2023-02-11,Google Ads,Performance_Shopping,197,118,133,54,10,394,14210
2023-02-11,Google Ads,Remarketing_Display,60,24,37,23,0,150,5880
2023-02-11,Google Ads,Lead_Generation,210,124,127,64,19,425,15380
2023-02-11,Google Ads,Display_Generico,342,204,225,91,26,687,24780
2023-02-11,Google Ads,Video_Awareness_Amplo,307,183,200,92,15,617,22260
2023-02-11,Meta Ads,Performance_Search,344,206,228,103,13,689,24820
2023-02-11,Meta Ads,Performance_Shopping,227,134,137,81,9,459,16630
2023-02-11,Meta Ads,Remarketing_Display,96,39,55,36,5,238,9330
2023-02-11,Meta Ads,Lead_Generation,272,161,172,83,17,549,19870
2023-02-11,Meta Ads,Display_Generico,389,233,262,108,19,779,28060
2023-02-11,Meta Ads,Video_Awareness_Amplo,307,182,191,93,23,619,22390
2023-02-11,TikTok Ads,Performance_Search,365,219,245,99,21,730,26280
2023-02-11,TikTok Ads,Performance_Shopping,358,215,245,102,11,715,25750
2023-02-11,TikTok Ads,Remarketing_Display,183,75,115,61,7,453,17700
2023-02-11,TikTok Ads,Lead_Generation,290,173,189,82,19,582,21010
2023-02-11,TikTok Ads,Display_Generico,699,418,462,208,29,1401,50510
2023-02-11,TikTok Ads,Video_Awareness_Amplo,529,314,336,166,27,1066,38530
2023-02-12,Google Ads,Performance_Search,110,66,75,31,4,220,7920
2023-02-12,Google Ads,Performance_Shopping,186,109,112,68,6,378,13730
2023-02-12,Google Ads,Remarketing_Display,89,36,55,33,1,221,8670
2023-02-12,Google Ads,Lead_Generation,139,82,87,47,5,281,10190
2023-02-12,Google Ads,Display_Generico,201,119,128,56,17,406,14680
2023-02-12,Google Ads,Video_Awareness_Amplo,308,183,196,94,18,620,22410
2023-02-12,Meta Ads,Performance_Search,220,131,141,72,7,442,15970
2023-02-12,Meta Ads,Performance_Shopping,187,112,124,50,13,374,13490
2023-02-12,Meta Ads,Remarketing_Display,114,46,63,40,11,284,11120
2023-02-12,Meta Ads,Lead_Generation,208,124,137,61,10,418,15080
2023-02-12,Meta Ads,Display_Generico,442,263,285,131,26,889,32110
2023-02-12,Meta Ads,Video_Awareness_Amplo,327,196,218,91,18,654,23570
2023-02-12,TikTok Ads,Performance_Search,316,189,208,92,16,633,22830
2023-02-12,TikTok Ads,Performance_Shopping,542,325,361,155,26,1084,39050
2023-02-12,TikTok Ads,Remarketing_Display,160,67,110,41,9,392,15290
2023-02-12,TikTok Ads,Lead_Generation,377,226,251,105,21,754,27170
2023-02-12,TikTok Ads,Display_Generico,645,385,423,194,28,1295,46700
2023-02-12,TikTok Ads,Video_Awareness_Amplo,505,300,319,155,31,1017,36750
2023-02-13,Google Ads,Performance_Search,394,234,253,119,22,794,28680
2023-02-13,Google Ads,Performance_Shopping,168,100,109,51,8,338,12200
2023-02-13,Google Ads,Remarketing_Display,93,38,62,26,5,230,9010
2023-02-13,Google Ads,Lead_Generation,268,160,174,80,14,538,19400
2023-02-13,Google Ads,Display_Generico,519,311,345,157,17,1039,37420
2023-02-13,Google Ads,Video_Awareness_Amplo,552,329,359,166,27,1109,40030
2023-02-13,Meta Ads,Performance_Search,305,182,203,91,11,612,22090
2023-02-13,Meta Ads,Performance_Shopping,405,243,271,115,19,810,29160
2023-02-13,Meta Ads,Remarketing_Display,180,75,122,50,8,442,17250
2023-02-13,Meta Ads,Lead_Generation,503,302,338,139,26,1005,36190
2023-02-13,Meta Ads,Display_Generico,643,383,415,200,28,1293,46660
2023-02-13,Meta Ads,Video_Awareness_Amplo,478,287,321,134,23,955,34390
2023-02-13,TikTok Ads,Performance_Search,462,278,314,126,22,922,33160
2023-02-13,TikTok Ads,Performance_Shopping,706,421,458,212,36,1418,51170
2023-02-13,TikTok Ads,Remarketing_Display,282,116,180,88,14,697,27220
2023-02-13,TikTok Ads,Lead_Generation,829,493,524,266,39,1669,60260
2023-02-13,TikTok Ads,Display_Generico,957,575,645,273,39,1912,68800
2023-02-13,TikTok Ads,Video_Awareness_Amplo,638,378,398,209,31,1288,46560
2023-02-14,Google Ads,Performance_Search,329,194,203,110,16,666,24130
2023-02-14,Google Ads,Performance_Shopping,198,116,119,60,19,403,14620
2023-02-14,Google Ads,Remarketing_Display,116,48,76,35,5,286,11160
2023-02-14,Google Ads,Lead_Generation,171,102,116,48,7,343,12390
2023-02-14,Google Ads,Display_Generico,422,254,293,105,24,842,30280
2023-02-14,Google Ads,Video_Awareness_Amplo,495,297,332,130,33,990,35640
2023-02-14,Meta Ads,Performance_Search,499,295,307,168,24,1009,36500
2023-02-14,Meta Ads,Performance_Shopping,438,261,285,129,24,880,31770
2023-02-14,Meta Ads,Remarketing_Display,165,69,113,47,5,405,15780
2023-02-14,Meta Ads,Lead_Generation,374,224,251,103,20,749,26980
2023-02-14,Meta Ads,Display_Generico,570,341,377,166,27,1142,41170
2023-02-14,Meta Ads,Video_Awareness_Amplo,472,283,315,134,23,944,34010
2023-02-14,TikTok Ads,Performance_Search,408,243,261,123,24,820,29610
2023-02-14,TikTok Ads,Performance_Shopping,568,338,362,170,36,1143,41260
2023-02-14,TikTok Ads,Remarketing_Display,166,69,110,48,8,408,15930
2023-02-14,TikTok Ads,Lead_Generation,385,231,259,109,17,770,27720
2023-02-14,TikTok Ads,Display_Generico,786,468,503,244,39,1581,57060
2023-02-14,TikTok Ads,Video_Awareness_Amplo,673,403,449,191,33,1348,48560
2023-02-15,Google Ads,Performance_Search,253,150,158,81,14,510,18450
2023-02-15,Google Ads,Performance_Shopping,331,197,216,97,18,666,24040
2023-02-15,Google Ads,Remarketing_Display,137,56,89,42,6,339,13270
2023-02-15,Google Ads,Lead_Generation,300,176,178,105,17,610,22120
2023-02-15,Google Ads,Display_Generico,520,310,336,155,29,1045,37700
2023-02-15,Google Ads,Video_Awareness_Amplo,343,206,236,87,20,685,24670
2023-02-15,Meta Ads,Performance_Search,482,287,309,147,26,969,34990
2023-02-15,Meta Ads,Performance_Shopping,392,234,254,117,21,787,28380
2023-02-15,Meta Ads,Remarketing_Display,182,74,109,60,13,452,17680
2023-02-15,Meta Ads,Lead_Generation,474,286,327,122,25,944,33920
2023-02-15,Meta Ads,Display_Generico,617,367,395,195,27,1242,44840
2023-02-15,Meta Ads,Video_Awareness_Amplo,641,382,415,188,38,1288,46490
2023-02-15,TikTok Ads,Performance_Search,735,438,476,223,36,1477,53310
2023-02-15,TikTok Ads,Performance_Shopping,503,300,328,139,36,1010,36450
2023-02-15,TikTok Ads,Remarketing_Display,263,107,155,95,13,653,25540
2023-02-15,TikTok Ads,Lead_Generation,471,280,303,134,34,948,34250
2023-02-15,TikTok Ads,Display_Generico,790,472,516,242,32,1585,57140
2023-02-15,TikTok Ads,Video_Awareness_Amplo,866,517,561,265,40,1738,62690
2023-02-16,Google Ads,Performance_Search,328,194,206,97,25,663,23980
2023-02-16,Google Ads,Performance_Shopping,274,164,186,77,11,549,19780
2023-02-16,Google Ads,Remarketing_Display,132,54,81,41,10,327,12780
2023-02-16,Google Ads,Lead_Generation,298,177,187,97,14,600,21690
2023-02-16,Google Ads,Display_Generico,316,190,216,85,15,631,22700
2023-02-16,Google Ads,Video_Awareness_Amplo,352,210,232,105,15,707,25500
2023-02-16,Meta Ads,Performance_Search,467,278,303,141,23,939,33910
2023-02-16,Meta Ads,Performance_Shopping,464,281,328,123,13,921,33070
2023-02-16,Meta Ads,Remarketing_Display,153,63,98,48,7,378,14760
2023-02-16,Meta Ads,Lead_Generation,332,198,217,94,21,667,24060
2023-02-16,Meta Ads,Display_Generico,780,469,528,206,46,1557,56030
2023-02-16,Meta Ads,Video_Awareness_Amplo,686,413,467,193,26,1368,49210
2023-02-16,TikTok Ads,Performance_Search,705,417,431,235,39,1425,51540
2023-02-16,TikTok Ads,Performance_Shopping,697,414,437,224,36,1404,50730
2023-02-16,TikTok Ads,Remarketing_Display,179,74,119,53,7,441,17230
2023-02-16,TikTok Ads,Lead_Generation,432,262,312,100,20,857,30740
2023-02-16,TikTok Ads,Display_Generico,1100,655,700,357,43,2212,79850
2023-02-16,TikTok Ads,Video_Awareness_Amplo,816,484,512,268,36,1646,59480
2023-02-17,Google Ads,Performance_Search,147,88,99,44,4,294,10610
2023-02-17,Google Ads,Performance_Shopping,156,93,100,49,7,313,11310
2023-02-17,Google Ads,Remarketing_Display,140,58,92,42,6,345,13460
2023-02-17,Google Ads,Lead_Generation,317,187,196,99,22,642,23240
2023-02-17,Google Ads,Display_Generico,330,197,217,97,16,662,23890
2023-02-17,Google Ads,Video_Awareness_Amplo,465,275,285,151,29,940,34000
2023-02-17,Meta Ads,Performance_Search,318,191,218,87,13,635,22870
2023-02-17,Meta Ads,Performance_Shopping,210,125,139,56,15,422,15250
2023-02-17,Meta Ads,Remarketing_Display,136,56,91,36,9,336,13120
2023-02-17,Meta Ads,Lead_Generation,420,250,268,135,17,845,30500
2023-02-17,Meta Ads,Display_Generico,662,396,434,188,40,1327,47820
2023-02-17,Meta Ads,Video_Awareness_Amplo,704,418,445,216,43,1419,51260
2023-02-17,TikTok Ads,Performance_Search,686,409,446,207,33,1378,49730
2023-02-17,TikTok Ads,Performance_Shopping,417,250,280,121,16,834,30050
2023-02-17,TikTok Ads,Remarketing_Display,215,89,145,61,9,530,20680
2023-02-17,TikTok Ads,Lead_Generation,728,434,470,220,38,1463,52780
2023-02-17,TikTok Ads,Display_Generico,1041,619,661,325,55,2096,75680
2023-02-17,TikTok Ads,Video_Awareness_Amplo,980,583,624,309,47,1972,71210
2023-02-18,Google Ads,Performance_Search,162,97,109,49,4,324,11690
2023-02-18,Google Ads,Performance_Shopping,139,83,90,44,5,279,10060
2023-02-18,Google Ads,Remarketing_Display,52,21,33,16,3,129,5070
2023-02-18,Google Ads,Lead_Generation,236,140,151,74,11,476,17200
2023-02-18,Google Ads,Display_Generico,271,161,176,85,10,546,19720
2023-02-18,Google Ads,Video_Awareness_Amplo,363,218,248,100,15,725,26110
2023-02-18,Meta Ads,Performance_Search,161,96,105,45,11,323,11670
2023-02-18,Meta Ads,Performance_Shopping,247,146,154,82,11,499,18070
2023-02-18,Meta Ads,Remarketing_Display,67,27,36,28,3,167,6540
2023-02-18,Meta Ads,Lead_Generation,276,164,174,95,7,556,20080
2023-02-18,Meta Ads,Display_Generico,458,271,285,145,28,925,33470
2023-02-18,Meta Ads,Video_Awareness_Amplo,326,193,205,105,16,658,23810
2023-02-18,TikTok Ads,Performance_Search,437,264,306,115,16,869,31230
2023-02-18,TikTok Ads,Performance_Shopping,489,290,304,155,30,986,35650
2023-02-18,TikTok Ads,Remarketing_Display,188,77,114,62,12,465,18190
2023-02-18,TikTok Ads,Lead_Generation,219,130,142,63,14,441,15950
2023-02-18,TikTok Ads,Display_Generico,480,287,316,145,19,962,34690
2023-02-18,TikTok Ads,Video_Awareness_Amplo,493,298,348,126,19,980,35210
2023-02-19,Google Ads,Performance_Search,232,137,146,73,13,469,16990
2023-02-19,Google Ads,Performance_Shopping,151,90,101,45,5,303,10950
2023-02-19,Google Ads,Remarketing_Display,62,25,42,17,3,154,6050
2023-02-19,Google Ads,Lead_Generation,123,72,73,42,8,250,9090
2023-02-19,Google Ads,Display_Generico,375,223,243,116,16,755,27260
2023-02-19,Google Ads,Video_Awareness_Amplo,237,141,151,75,11,477,17220
2023-02-19,Meta Ads,Performance_Search,263,156,169,83,11,530,19170
2023-02-19,Meta Ads,Performance_Shopping,185,111,128,51,6,370,13320
2023-02-19,Meta Ads,Remarketing_Display,85,34,50,28,7,212,8330
2023-02-19,Meta Ads,Lead_Generation,214,128,144,61,9,429,15460
2023-02-19,Meta Ads,Display_Generico,426,255,280,131,15,853,30750
2023-02-19,Meta Ads,Video_Awareness_Amplo,429,257,284,117,28,859,30940
2023-02-19,TikTok Ads,Performance_Search,249,145,142,91,16,509,18500
2023-02-19,TikTok Ads,Performance_Shopping,341,206,240,97,4,678,24370
2023-02-19,TikTok Ads,Remarketing_Display,151,62,101,39,11,373,14590
2023-02-19,TikTok Ads,Lead_Generation,266,157,161,92,13,538,19490
2023-02-19,TikTok Ads,Display_Generico,610,366,408,176,26,1220,43920
2023-02-19,TikTok Ads,Video_Awareness_Amplo,469,280,304,140,25,941,33950
2023-02-20,Google Ads,Performance_Search,186,110,117,61,8,376,13600
2023-02-20,Google Ads,Performance_Shopping,215,130,156,50,9,427,15350
2023-02-20,Google Ads,Remarketing_Display,126,52,85,35,6,311,12140
2023-02-20,Google Ads,Lead_Generation,224,132,136,73,15,454,16440
2023-02-20,Google Ads,Display_Generico,398,239,268,109,21,795,28630
2023-02-20,Google Ads,Video_Awareness_Amplo,515,307,332,157,26,1035,37340
2023-02-20,Meta Ads,Performance_Search,296,175,182,102,12,598,21650
2023-02-20,Meta Ads,Performance_Shopping,459,273,295,147,17,924,33360
2023-02-20,Meta Ads,Remarketing_Display,151,62,96,49,6,373,14590
2023-02-20,Meta Ads,Lead_Generation,531,317,348,157,26,1066,38440
2023-02-20,Meta Ads,Display_Generico,455,271,293,141,21,915,33020
2023-02-20,Meta Ads,Video_Awareness_Amplo,772,461,501,235,36,1549,55870
2023-02-20,TikTok Ads,Performance_Search,531,316,339,170,22,1068,38570
2023-02-20,TikTok Ads,Performance_Shopping,721,433,486,204,31,1441,51860
2023-02-20,TikTok Ads,Remarketing_Display,209,88,153,51,5,511,19910
2023-02-20,TikTok Ads,Lead_Generation,555,331,363,149,43,1115,40220
2023-02-20,TikTok Ads,Display_Generico,980,586,642,302,36,1965,70820
2023-02-20,TikTok Ads,Video_Awareness_Amplo,663,397,439,180,44,1328,47840
2023-02-21,Google Ads,Performance_Search,330,200,239,78,13,655,23500
2023-02-21,Google Ads,Performance_Shopping,192,113,119,63,10,389,14110
2023-02-21,Google Ads,Remarketing_Display,138,56,82,50,6,343,13420
2023-02-21,Google Ads,Lead_Generation,295,177,199,81,15,590,21240
2023-02-21,Google Ads,Display_Generico,354,210,221,115,18,714,25800
2023-02-21,Google Ads,Video_Awareness_Amplo,526,312,330,166,30,1061,38340
2023-02-21,Meta Ads,Performance_Search,495,297,330,141,24,990,35640
2023-02-21,Meta Ads,Performance_Shopping,390,232,249,120,21,785,28340
2023-02-21,Meta Ads,Remarketing_Display,182,75,116,58,8,449,17550
2023-02-21,Meta Ads,Lead_Generation,272,164,187,78,7,542,19480
2023-02-21,Meta Ads,Display_Generico,666,399,444,189,33,1333,48030
2023-02-21,Meta Ads,Video_Awareness_Amplo,569,338,363,174,32,1146,41410
2023-02-21,TikTok Ads,Performance_Search,464,276,297,143,24,934,33720
2023-02-21,TikTok Ads,Performance_Shopping,469,278,290,156,23,946,34210
2023-02-21,TikTok Ads,Remarketing_Display,175,72,115,49,11,432,16890
2023-02-21,TikTok Ads,Lead_Generation,519,310,339,153,27,1041,37550
2023-02-21,TikTok Ads,Display_Generico,940,559,598,290,52,1892,68330
2023-02-21,TikTok Ads,Video_Awareness_Amplo,1081,647,715,312,54,2166,78040
2023-02-22,Google Ads,Performance_Search,151,90,99,45,7,303,10950
2023-02-22,Google Ads,Performance_Shopping,212,125,129,71,12,429,15550
2023-02-22,Google Ads,Remarketing_Display,92,38,65,25,2,227,8860
2023-02-22,Google Ads,Lead_Generation,198,119,134,54,10,395,14230
2023-02-22,Google Ads,Display_Generico,307,183,200,91,16,617,22260
2023-02-22,Google Ads,Video_Awareness_Amplo,452,267,274,152,26,914,33090
2023-02-22,Meta Ads,Performance_Search,280,166,179,82,19,565,20420
2023-02-22,Meta Ads,Performance_Shopping,293,176,201,81,11,585,21070
2023-02-22,Meta Ads,Remarketing_Display,188,77,121,49,18,465,18190
2023-02-22,Meta Ads,Lead_Generation,344,206,228,93,23,689,24820
2023-02-22,Meta Ads,Display_Generico,792,474,526,227,39,1587,57180
2023-02-22,Meta Ads,Video_Awareness_Amplo,425,252,267,133,25,857,30990
2023-02-22,TikTok Ads,Performance_Search,579,343,361,189,29,1169,42260
2023-02-22,TikTok Ads,Performance_Shopping,604,360,393,187,24,1214,43800
2023-02-22,TikTok Ads,Remarketing_Display,188,78,130,44,14,463,18060
2023-02-22,TikTok Ads,Lead_Generation,392,233,251,120,21,789,28510
2023-02-22,TikTok Ads,Display_Generico,704,421,460,216,28,1411,50870
2023-02-22,TikTok Ads,Video_Awareness_Amplo,704,421,460,210,34,1411,50870
2023-02-23,Google Ads,Performance_Search,217,129,142,60,15,437,15780
2023-02-23,Google Ads,Performance_Shopping,233,137,138,83,12,473,17140
2023-02-23,Google Ads,Remarketing_Display,97,40,66,27,4,239,9350
2023-02-23,Google Ads,Lead_Generation,348,208,232,102,14,698,25160
2023-02-23,Google Ads,Display_Generico,527,312,326,162,39,1064,38490
2023-02-23,Google Ads,Video_Awareness_Amplo,616,367,394,189,33,1238,44690
2023-02-23,Meta Ads,Performance_Search,421,253,285,118,18,841,30260
2023-02-23,Meta Ads,Performance_Shopping,252,150,164,70,18,507,18300
2023-02-23,Meta Ads,Remarketing_Display,196,80,117,67,12,486,19000
2023-02-23,Meta Ads,Lead_Generation,369,221,248,108,13,739,26620
2023-02-23,Meta Ads,Display_Generico,519,311,348,151,20,1039,37420
2023-02-23,Meta Ads,Video_Awareness_Amplo,704,421,463,216,25,1411,50870
2023-02-23,TikTok Ads,Performance_Search,358,214,235,105,18,718,25880
2023-02-23,TikTok Ads,Performance_Shopping,689,410,443,205,41,1386,50050
2023-02-23,TikTok Ads,Remarketing_Display,159,66,108,44,7,391,15270
2023-02-23,TikTok Ads,Lead_Generation,354,210,226,111,17,714,25800
2023-02-23,TikTok Ads,Display_Generico,810,483,526,248,36,1627,58710
2023-02-23,TikTok Ads,Video_Awareness_Amplo,1001,596,637,324,40,2013,72670
2023-02-24,Google Ads,Performance_Search,294,179,214,69,11,581,20830
2023-02-24,Google Ads,Performance_Shopping,300,178,191,99,10,605,21860
2023-02-24,Google Ads,Remarketing_Display,76,31,48,28,0,188,7370
2023-02-24,Google Ads,Lead_Generation,250,147,152,85,13,507,18390
2023-02-24,Google Ads,Display_Generico,543,324,354,162,27,1090,39330
2023-02-24,Google Ads,Video_Awareness_Amplo,485,292,333,129,23,967,34790
2023-02-24,Meta Ads,Performance_Search,184,110,125,52,7,369,13300
2023-02-24,Meta Ads,Performance_Shopping,450,267,284,140,26,907,32790
2023-02-24,Meta Ads,Remarketing_Display,216,88,133,77,6,536,20960
2023-02-24,Meta Ads,Lead_Generation,588,352,387,172,29,1178,42440
2023-02-24,Meta Ads,Display_Generico,682,405,428,224,30,1374,49650
2023-02-24,Meta Ads,Video_Awareness_Amplo,699,416,448,216,35,1406,50770
2023-02-24,TikTok Ads,Performance_Search,517,311,351,145,21,1032,37120
2023-02-24,TikTok Ads,Performance_Shopping,616,365,386,197,33,1243,44950
2023-02-24,TikTok Ads,Remarketing_Display,194,80,130,57,7,479,18700
2023-02-24,TikTok Ads,Lead_Generation,424,254,281,120,23,849,30580
2023-02-24,TikTok Ads,Display_Generico,1223,731,798,363,62,2453,88420
2023-02-24,TikTok Ads,Video_Awareness_Amplo,1185,713,804,327,54,2365,85060
2023-02-25,Google Ads,Performance_Search,183,109,122,48,13,368,13280
2023-02-25,Google Ads,Performance_Shopping,93,54,56,28,9,190,6930
2023-02-25,Google Ads,Remarketing_Display,74,30,45,28,1,184,7200
2023-02-25,Google Ads,Lead_Generation,135,80,86,44,5,272,9850
2023-02-25,Google Ads,Display_Generico,245,146,162,68,15,492,17770
2023-02-25,Google Ads,Video_Awareness_Amplo,313,186,199,93,21,630,22770
2023-02-25,Meta Ads,Performance_Search,284,169,185,82,17,571,20630
2023-02-25,Meta Ads,Performance_Shopping,178,106,118,54,6,358,12920
2023-02-25,Meta Ads,Remarketing_Display,133,55,89,37,7,328,12800
2023-02-25,Meta Ads,Lead_Generation,206,124,146,52,8,411,14780
2023-02-25,Meta Ads,Display_Generico,388,231,251,120,17,780,28170
2023-02-25,Meta Ads,Video_Awareness_Amplo,312,187,209,93,10,624,22490
2023-02-25,TikTok Ads,Performance_Search,427,254,275,126,26,859,31030
2023-02-25,TikTok Ads,Performance_Shopping,430,257,285,125,20,862,31090
2023-02-25,TikTok Ads,Remarketing_Display,173,71,112,52,9,428,16720
2023-02-25,TikTok Ads,Lead_Generation,329,197,218,98,13,659,23740
2023-02-25,TikTok Ads,Display_Generico,595,354,377,188,30,1197,43230
2023-02-25,TikTok Ads,Video_Awareness_Amplo,661,397,445,187,29,1321,47540
2023-02-26,Google Ads,Performance_Search,102,60,66,33,3,207,7500
2023-02-26,Google Ads,Performance_Shopping,220,131,140,71,9,442,15970
2023-02-26,Google Ads,Remarketing_Display,88,36,53,30,5,218,8520
2023-02-26,Google Ads,Lead_Generation,153,92,106,39,8,305,10990
2023-02-26,Google Ads,Display_Generico,339,201,214,111,14,684,24720
2023-02-26,Google Ads,Video_Awareness_Amplo,315,187,201,102,12,635,22940
2023-02-26,Meta Ads,Performance_Search,322,191,202,108,12,649,23470
2023-02-26,Meta Ads,Performance_Shopping,200,119,131,61,8,402,14530
2023-02-26,Meta Ads,Remarketing_Display,142,58,90,44,8,352,13760
2023-02-26,Meta Ads,Lead_Generation,254,152,167,83,4,509,18340
2023-02-26,Meta Ads,Display_Generico,411,245,264,127,20,826,29800
2023-02-26,Meta Ads,Video_Awareness_Amplo,391,235,266,114,11,781,28100
2023-02-26,TikTok Ads,Performance_Search,442,263,285,129,28,889,32110
2023-02-26,TikTok Ads,Performance_Shopping,293,175,190,88,15,588,21200
2023-02-26,TikTok Ads,Remarketing_Display,198,83,137,51,10,485,18910
2023-02-26,TikTok Ads,Lead_Generation,309,184,203,97,9,621,22430
2023-02-26,TikTok Ads,Display_Generico,435,258,276,140,19,877,31710
2023-02-26,TikTok Ads,Video_Awareness_Amplo,619,370,406,180,33,1241,44750
2023-02-27,Google Ads,Performance_Search,205,122,136,57,12,412,14890
2023-02-27,Google Ads,Performance_Shopping,356,213,238,101,17,713,25710
2023-02-27,Google Ads,Remarketing_Display,91,37,56,33,2,226,8840
2023-02-27,Google Ads,Lead_Generation,361,214,229,113,19,728,26330
2023-02-27,Google Ads,Display_Generico,353,210,224,107,22,710,25650
2023-02-27,Google Ads,Video_Awareness_Amplo,481,288,320,135,26,963,34710
2023-02-27,Meta Ads,Performance_Search,336,200,216,101,19,676,24400
2023-02-27,Meta Ads,Performance_Shopping,403,241,264,117,22,808,29120
2023-02-27,Meta Ads,Remarketing_Display,178,73,113,59,6,440,17210
2023-02-27,Meta Ads,Lead_Generation,323,192,204,93,26,650,23490
2023-02-27,Meta Ads,Display_Generico,742,441,473,220,49,1494,53970
2023-02-27,Meta Ads,Video_Awareness_Amplo,622,368,380,210,32,1257,45460
2023-02-27,TikTok Ads,Performance_Search,665,395,421,208,36,1340,48400
2023-02-27,TikTok Ads,Performance_Shopping,510,305,335,153,22,1022,36850
2023-02-27,TikTok Ads,Remarketing_Display,266,110,177,74,15,656,25600
2023-02-27,TikTok Ads,Lead_Generation,617,369,405,188,24,1237,44580
2023-02-27,TikTok Ads,Display_Generico,866,520,580,245,41,1731,62300
2023-02-27,TikTok Ads,Video_Awareness_Amplo,901,538,584,273,44,1808,65210
2023-02-28,Google Ads,Performance_Search,259,153,160,79,20,524,18960
2023-02-28,Google Ads,Performance_Shopping,225,134,148,69,8,452,16330
2023-02-28,Google Ads,Remarketing_Display,84,35,57,25,2,206,8050
2023-02-28,Google Ads,Lead_Generation,307,183,202,94,11,617,22260
2023-02-28,Google Ads,Display_Generico,422,251,268,135,19,849,30670
2023-02-28,Google Ads,Video_Awareness_Amplo,323,194,217,90,16,645,23230
2023-02-28,Meta Ads,Performance_Search,492,291,305,165,22,994,35970
2023-02-28,Meta Ads,Performance_Shopping,239,143,160,69,10,479,17260
2023-02-28,Meta Ads,Remarketing_Display,122,51,83,31,8,299,11670
2023-02-28,Meta Ads,Lead_Generation,400,240,267,108,25,800,28800
2023-02-28,Meta Ads,Display_Generico,442,263,285,131,26,889,32110
2023-02-28,Meta Ads,Video_Awareness_Amplo,513,305,327,161,25,1033,37300
2023-02-28,TikTok Ads,Performance_Search,535,323,371,144,20,1065,38260
2023-02-28,TikTok Ads,Performance_Shopping,585,350,384,170,31,1172,42250
2023-02-28,TikTok Ads,Remarketing_Display,192,80,131,52,9,472,18400
2023-02-28,TikTok Ads,Lead_Generation,304,179,185,106,13,616,22330
2023-02-28,TikTok Ads,Display_Generico,1058,633,697,309,52,2120,76410
2023-02-28,TikTok Ads,Video_Awareness_Amplo,793,475,524,238,31,1588,57200
2023-03-01,Google Ads,Performance_Search,285,169,177,89,19,575,20780
2023-03-01,Google Ads,Performance_Shopping,238,141,147,76,15,480,17370
2023-03-01,Google Ads,Remarketing_Display,163,68,111,42,10,400,15610
2023-03-01,Google Ads,Lead_Generation,183,110,126,52,5,365,13150
2023-03-01,Google Ads,Display_Generico,536,320,349,161,26,1076,38800
2023-03-01,Google Ads,Video_Awareness_Amplo,503,302,341,134,28,1005,36190
2023-03-01,Meta Ads,Performance_Search,298,178,199,87,12,598,21560
2023-03-01,Meta Ads,Performance_Shopping,401,240,266,117,18,803,28950
2023-03-01,Meta Ads,Remarketing_Display,129,53,81,42,6,319,12460
2023-03-01,Meta Ads,Lead_Generation,390,231,240,128,22,787,28470
2023-03-01,Meta Ads,Display_Generico,572,340,363,174,35,1152,41600
2023-03-01,Meta Ads,Video_Awareness_Amplo,668,399,438,200,30,1340,48330
2023-03-01,TikTok Ads,Performance_Search,465,280,317,132,16,927,33350
2023-03-01,TikTok Ads,Performance_Shopping,353,208,215,115,23,715,25910
2023-03-01,TikTok Ads,Remarketing_Display,325,136,227,81,17,797,31070
2023-03-01,TikTok Ads,Lead_Generation,708,424,467,200,41,1418,51080
2023-03-01,TikTok Ads,Display_Generico,748,445,476,238,34,1505,54350
2023-03-01,TikTok Ads,Video_Awareness_Amplo,1264,753,813,376,75,2541,91710
2023-03-02,Google Ads,Performance_Search,292,175,197,78,17,584,21050
2023-03-02,Google Ads,Performance_Shopping,351,208,217,115,19,708,25610
2023-03-02,Google Ads,Remarketing_Display,87,35,55,26,6,217,8500
2023-03-02,Google Ads,Lead_Generation,271,161,175,86,10,546,19720
2023-03-02,Google Ads,Display_Generico,462,275,296,144,22,929,33550
2023-03-02,Google Ads,Video_Awareness_Amplo,531,316,339,162,30,1068,38570
2023-03-02,Meta Ads,Performance_Search,460,272,283,150,27,930,33640
2023-03-02,Meta Ads,Performance_Shopping,496,295,317,158,21,998,36050
2023-03-02,Meta Ads,Remarketing_Display,141,58,94,40,7,348,13610
2023-03-02,Meta Ads,Lead_Generation,311,186,204,89,18,623,22470
2023-03-02,Meta Ads,Display_Generico,452,268,285,146,21,912,32960
2023-03-02,Meta Ads,Video_Awareness_Amplo,509,306,346,146,17,1016,36570
2023-03-02,TikTok Ads,Performance_Search,446,265,285,138,23,898,32450
2023-03-02,TikTok Ads,Performance_Shopping,363,217,242,99,22,728,26240
2023-03-02,TikTok Ads,Remarketing_Display,221,90,135,72,14,548,21450
2023-03-02,TikTok Ads,Lead_Generation,425,252,267,133,25,857,30990
2023-03-02,TikTok Ads,Display_Generico,1147,686,751,330,66,2299,82870
2023-03-02,TikTok Ads,Video_Awareness_Amplo,826,493,536,243,47,1658,59810
2023-03-03,Google Ads,Performance_Search,365,220,250,101,14,727,26150
2023-03-03,Google Ads,Performance_Shopping,263,157,176,75,12,528,19040
2023-03-03,Google Ads,Remarketing_Display,92,37,52,37,3,229,8990
2023-03-03,Google Ads,Lead_Generation,380,229,260,97,23,757,27230
2023-03-03,Google Ads,Display_Generico,459,273,295,147,17,924,33360
2023-03-03,Google Ads,Video_Awareness_Amplo,487,289,306,153,28,982,35480
2023-03-03,Meta Ads,Performance_Search,430,258,289,112,29,860,30960
2023-03-03,Meta Ads,Performance_Shopping,246,148,168,61,17,491,17660
2023-03-03,Meta Ads,Remarketing_Display,147,60,93,44,10,364,14250
2023-03-03,Meta Ads,Lead_Generation,282,168,185,85,12,567,20460
2023-03-03,Meta Ads,Display_Generico,620,370,400,180,40,1245,44900
2023-03-03,Meta Ads,Video_Awareness_Amplo,584,350,387,167,30,1169,42100
2023-03-03,TikTok Ads,Performance_Search,709,421,448,223,38,1429,51620
2023-03-03,TikTok Ads,Performance_Shopping,486,289,309,150,27,978,35330
2023-03-03,TikTok Ads,Remarketing_Display,222,91,139,74,9,549,21470
2023-03-03,TikTok Ads,Lead_Generation,741,441,470,237,34,1491,53820
2023-03-03,TikTok Ads,Display_Generico,1197,715,783,355,59,2402,86600
2023-03-03,TikTok Ads,Video_Awareness_Amplo,905,541,591,271,43,1815,65420
2023-03-04,Google Ads,Performance_Search,219,129,135,73,11,444,16080
2023-03-04,Google Ads,Performance_Shopping,243,145,162,70,11,488,17600
2023-03-04,Google Ads,Remarketing_Display,68,28,43,18,7,168,6560
2023-03-04,Google Ads,Lead_Generation,187,110,110,67,10,379,13750
2023-03-04,Google Ads,Display_Generico,255,153,175,73,7,510,18360
2023-03-04,Google Ads,Video_Awareness_Amplo,230,138,156,59,15,460,16560
2023-03-04,Meta Ads,Performance_Search,309,183,192,99,18,624,22560
2023-03-04,Meta Ads,Performance_Shopping,249,149,169,69,11,499,17980
2023-03-04,Meta Ads,Remarketing_Display,122,51,89,29,4,299,11670
2023-03-04,Meta Ads,Lead_Generation,285,169,179,88,18,575,20780
2023-03-04,Meta Ads,Display_Generico,434,258,275,136,23,874,31560
2023-03-04,Meta Ads,Video_Awareness_Amplo,429,258,295,115,19,856,30810
2023-03-04,TikTok Ads,Performance_Search,246,146,154,82,10,496,17920
2023-03-04,TikTok Ads,Performance_Shopping,380,227,252,116,12,762,27490
2023-03-04,TikTok Ads,Remarketing_Display,211,87,137,63,11,521,20340
2023-03-04,TikTok Ads,Lead_Generation,475,282,301,151,23,957,34590
2023-03-04,TikTok Ads,Display_Generico,680,409,461,191,28,1357,48830
2023-03-04,TikTok Ads,Video_Awareness_Amplo,585,351,394,169,22,1170,42120
2023-03-05,Google Ads,Performance_Search,174,103,112,55,7,351,12710
2023-03-05,Google Ads,Performance_Shopping,134,80,87,40,7,269,9700
2023-03-05,Google Ads,Remarketing_Display,68,28,43,23,2,168,6560
2023-03-05,Google Ads,Lead_Generation,200,121,145,41,14,397,14270
2023-03-05,Google Ads,Display_Generico,225,133,143,71,11,455,16460
2023-03-05,Google Ads,Video_Awareness_Amplo,333,199,217,101,15,668,24080
2023-03-05,Meta Ads,Performance_Search,328,195,213,99,16,660,23850
2023-03-05,Meta Ads,Performance_Shopping,178,107,121,52,5,355,12790
2023-03-05,Meta Ads,Remarketing_Display,82,33,51,29,2,204,8010
2023-03-05,Meta Ads,Lead_Generation,193,114,119,64,10,390,14130
2023-03-05,Meta Ads,Display_Generico,450,268,292,140,18,905,32660
2023-03-05,Meta Ads,Video_Awareness_Amplo,578,344,372,181,25,1163,41980
2023-03-05,TikTok Ads,Performance_Search,398,237,259,116,23,800,28890
2023-03-05,TikTok Ads,Performance_Shopping,410,242,252,134,24,830,30040
2023-03-05,TikTok Ads,Remarketing_Display,173,71,107,55,11,428,16720
2023-03-05,TikTok Ads,Lead_Generation,475,284,312,145,18,952,34330
2023-03-05,TikTok Ads,Display_Generico,493,292,308,155,30,995,35990
2023-03-05,TikTok Ads,Video_Awareness_Amplo,659,393,424,211,24,1324,47760
2023-03-06,Google Ads,Performance_Search,433,259,285,126,22,868,31280
2023-03-06,Google Ads,Performance_Shopping,304,181,196,93,15,611,22070
2023-03-06,Google Ads,Remarketing_Display,139,57,85,47,7,344,13440
2023-03-06,Google Ads,Lead_Generation,345,209,248,78,19,685,24580
2023-03-06,Google Ads,Display_Generico,591,356,404,158,29,1178,42370
2023-03-06,Google Ads,Video_Awareness_Amplo,536,318,335,174,27,1081,39060
2023-03-06,Meta Ads,Performance_Search,498,297,322,152,24,1000,36090
2023-03-06,Meta Ads,Performance_Shopping,331,197,214,98,19,666,24040
2023-03-06,Meta Ads,Remarketing_Display,220,91,142,63,15,542,21170
2023-03-06,Meta Ads,Lead_Generation,452,267,276,148,28,914,33090
2023-03-06,Meta Ads,Display_Generico,856,512,561,257,38,1716,61840
2023-03-06,Meta Ads,Video_Awareness_Amplo,583,349,388,167,28,1168,42080
2023-03-06,TikTok Ads,Performance_Search,737,437,463,234,40,1487,53740
2023-03-06,TikTok Ads,Performance_Shopping,587,349,370,186,31,1182,42680
2023-03-06,TikTok Ads,Remarketing_Display,298,123,192,93,13,735,28710
2023-03-06,TikTok Ads,Lead_Generation,642,385,428,182,32,1284,46250
2023-03-06,TikTok Ads,Display_Generico,1191,712,777,353,61,2388,86090
2023-03-06,TikTok Ads,Video_Awareness_Amplo,651,393,450,177,24,1296,46560
2023-03-07,Google Ads,Performance_Search,241,143,155,72,14,486,17560
2023-03-07,Google Ads,Performance_Shopping,377,226,251,112,14,754,27170
2023-03-07,Google Ads,Remarketing_Display,110,46,75,31,4,270,10520
2023-03-07,Google Ads,Lead_Generation,249,145,143,89,17,509,18500
2023-03-07,Google Ads,Display_Generico,483,289,317,138,28,968,34880
2023-03-07,Google Ads,Video_Awareness_Amplo,434,259,285,126,23,871,31430
2023-03-07,Meta Ads,Performance_Search,396,233,238,138,20,803,29110
2023-03-07,Meta Ads,Performance_Shopping,480,286,313,147,20,965,34820
2023-03-07,Meta Ads,Remarketing_Display,137,55,78,49,10,342,13400
2023-03-07,Meta Ads,Lead_Generation,378,228,265,96,17,753,27060
2023-03-07,Meta Ads,Display_Generico,658,396,447,174,37,1313,47220
2023-03-07,Meta Ads,Video_Awareness_Amplo,594,355,390,173,31,1191,42950
2023-03-07,TikTok Ads,Performance_Search,737,442,490,200,47,1474,53090
2023-03-07,TikTok Ads,Performance_Shopping,672,402,443,196,33,1347,48540
2023-03-07,TikTok Ads,Remarketing_Display,282,116,181,93,8,697,27220
2023-03-07,TikTok Ads,Lead_Generation,733,438,478,212,43,1470,53010
2023-03-07,TikTok Ads,Display_Generico,865,516,559,262,44,1737,62670
2023-03-07,TikTok Ads,Video_Awareness_Amplo,870,522,581,246,43,1740,62640
2023-03-08,Google Ads,Performance_Search,320,193,223,90,7,637,22910
2023-03-08,Google Ads,Performance_Shopping,162,95,98,56,8,329,11950
2023-03-08,Google Ads,Remarketing_Display,109,45,75,32,2,269,10500
2023-03-08,Google Ads,Lead_Generation,277,164,170,92,15,559,20230
2023-03-08,Google Ads,Display_Generico,522,313,347,150,25,1044,37610
2023-03-08,Google Ads,Video_Awareness_Amplo,393,234,252,120,21,790,28530
2023-03-08,Meta Ads,Performance_Search,238,143,160,61,17,475,17110
2023-03-08,Meta Ads,Performance_Shopping,282,169,188,82,12,564,20330
2023-03-08,Meta Ads,Remarketing_Display,167,69,113,42,12,412,16080
2023-03-08,Meta Ads,Lead_Generation,393,234,253,126,14,790,28530
2023-03-08,Meta Ads,Display_Generico,485,292,330,129,26,967,34790
2023-03-08,Meta Ads,Video_Awareness_Amplo,505,300,320,160,25,1017,36750
2023-03-08,TikTok Ads,Performance_Search,433,259,285,128,20,868,31280
2023-03-08,TikTok Ads,Performance_Shopping,754,450,493,229,32,1514,54600
2023-03-08,TikTok Ads,Remarketing_Display,210,86,132,70,8,520,20320
2023-03-08,TikTok Ads,Lead_Generation,339,202,221,100,18,681,24590
2023-03-08,TikTok Ads,Display_Generico,1197,715,778,361,58,2402,86600
2023-03-08,TikTok Ads,Video_Awareness_Amplo,904,540,589,275,40,1814,65400
2023-03-09,Google Ads,Performance_Search,332,198,218,101,13,667,24060
2023-03-09,Google Ads,Performance_Shopping,253,151,168,72,13,508,18320
2023-03-09,Google Ads,Remarketing_Display,143,59,93,42,8,353,13780
2023-03-09,Google Ads,Lead_Generation,261,156,172,80,9,523,18870
2023-03-09,Google Ads,Display_Generico,553,330,357,169,27,1110,40050
2023-03-09,Google Ads,Video_Awareness_Amplo,374,224,248,98,28,749,26980
2023-03-09,Meta Ads,Performance_Search,539,322,356,149,34,1081,38990
2023-03-09,Meta Ads,Performance_Shopping,486,290,317,141,28,976,35200
2023-03-09,Meta Ads,Remarketing_Display,117,48,80,31,6,289,11310
2023-03-09,Meta Ads,Lead_Generation,404,241,263,125,16,811,29270
2023-03-09,Meta Ads,Display_Generico,546,327,363,154,29,1093,39390
2023-03-09,Meta Ads,Video_Awareness_Amplo,659,394,435,193,31,1321,47630
2023-03-09,TikTok Ads,Performance_Search,462,275,298,135,29,929,33550
2023-03-09,TikTok Ads,Performance_Shopping,630,375,401,192,37,1267,45750
2023-03-09,TikTok Ads,Remarketing_Display,214,88,139,64,11,529,20660
2023-03-09,TikTok Ads,Lead_Generation,357,213,236,103,18,717,25860
2023-03-09,TikTok Ads,Display_Generico,668,400,440,195,33,1338,48200
2023-03-09,TikTok Ads,Video_Awareness_Amplo,1071,640,703,312,56,2148,77450
2023-03-10,Google Ads,Performance_Search,209,125,143,59,7,419,15100
2023-03-10,Google Ads,Performance_Shopping,160,97,114,43,3,317,11390
2023-03-10,Google Ads,Remarketing_Display,170,70,110,46,14,420,16400
2023-03-10,Google Ads,Lead_Generation,338,201,215,109,14,680,24570
2023-03-10,Google Ads,Display_Generico,527,313,332,166,29,1062,38360
2023-03-10,Google Ads,Video_Awareness_Amplo,439,263,290,133,16,879,31660
2023-03-10,Meta Ads,Performance_Search,537,319,343,153,41,1082,39080
2023-03-10,Meta Ads,Performance_Shopping,265,157,164,87,14,535,19340
2023-03-10,Meta Ads,Remarketing_Display,194,79,116,69,9,481,18830
2023-03-10,Meta Ads,Lead_Generation,543,323,345,172,26,1093,39460
2023-03-10,Meta Ads,Display_Generico,810,484,532,239,39,1625,58580
2023-03-10,Meta Ads,Video_Awareness_Amplo,622,365,366,211,45,1264,45850
2023-03-10,TikTok Ads,Performance_Search,708,424,467,205,36,1418,51080
2023-03-10,TikTok Ads,Performance_Shopping,683,405,424,215,44,1378,49800
2023-03-10,TikTok Ads,Remarketing_Display,241,98,144,85,12,598,23410
2023-03-10,TikTok Ads,Lead_Generation,538,322,354,159,25,1078,38840
2023-03-10,TikTok Ads,Display_Generico,1096,651,692,342,62,2208,79770
2023-03-10,TikTok Ads,Video_Awareness_Amplo,1052,629,691,306,55,2109,76030
2023-03-11,Google Ads,Performance_Search,267,158,166,89,12,539,19510
2023-03-11,Google Ads,Performance_Shopping,189,111,113,63,13,384,13920
2023-03-11,Google Ads,Remarketing_Display,62,26,43,17,2,152,5920
2023-03-11,Google Ads,Lead_Generation,291,173,185,92,14,586,21160
2023-03-11,Google Ads,Display_Generico,325,195,217,95,13,650,23400
2023-03-11,Google Ads,Video_Awareness_Amplo,319,191,212,90,17,639,23020
2023-03-11,Meta Ads,Performance_Search,227,134,141,76,10,459,16630
2023-03-11,Meta Ads,Performance_Shopping,177,106,119,44,14,354,12770
2023-03-11,Meta Ads,Remarketing_Display,101,42,67,28,6,248,9690
2023-03-11,Meta Ads,Lead_Generation,388,232,255,114,19,778,28040
2023-03-11,Meta Ads,Display_Generico,359,213,229,116,14,724,26160
2023-03-11,Meta Ads,Video_Awareness_Amplo,447,265,282,138,27,902,32600
2023-03-11,TikTok Ads,Performance_Search,241,145,164,69,8,481,17300
2023-03-11,TikTok Ads,Performance_Shopping,453,269,286,143,24,913,32980
2023-03-11,TikTok Ads,Remarketing_Display,222,92,148,64,10,547,21340
2023-03-11,TikTok Ads,Lead_Generation,483,288,314,146,23,970,35010
2023-03-11,TikTok Ads,Display_Generico,675,403,438,209,28,1355,48860
2023-03-11,TikTok Ads,Video_Awareness_Amplo,633,373,377,218,38,1283,46460
2023-03-12,Google Ads,Performance_Search,219,132,150,59,10,436,15690
2023-03-12,Google Ads,Performance_Shopping,197,118,134,46,17,394,14210
2023-03-12,Google Ads,Remarketing_Display,70,29,45,21,4,172,6730
2023-03-12,Google Ads,Lead_Generation,154,90,93,59,2,314,11400
2023-03-12,Google Ads,Display_Generico,324,192,206,101,17,654,23640
2023-03-12,Google Ads,Video_Awareness_Amplo,377,225,247,110,20,757,27300
2023-03-12,Meta Ads,Performance_Search,354,211,230,107,17,711,25670
2023-03-12,Meta Ads,Performance_Shopping,397,239,276,110,11,792,28480
2023-03-12,Meta Ads,Remarketing_Display,114,47,72,36,6,281,10990
2023-03-12,Meta Ads,Lead_Generation,294,174,183,91,20,594,21480
2023-03-12,Meta Ads,Display_Generico,343,205,226,102,15,688,24800
2023-03-12,Meta Ads,Video_Awareness_Amplo,353,212,238,89,26,705,25390
2023-03-12,TikTok Ads,Performance_Search,429,256,278,130,21,861,31070
2023-03-12,TikTok Ads,Performance_Shopping,518,309,339,151,28,1040,37530
2023-03-12,TikTok Ads,Remarketing_Display,221,91,143,68,10,546,21320
2023-03-12,TikTok Ads,Lead_Generation,367,217,225,124,18,742,26840
2023-03-12,TikTok Ads,Display_Generico,593,356,402,166,25,1185,42670
2023-03-12,TikTok Ads,Video_Awareness_Amplo,709,423,459,216,34,1424,51360
2023-03-13,Google Ads,Performance_Search,297,178,202,88,7,594,21410
2023-03-13,Google Ads,Performance_Shopping,269,160,171,87,11,541,19550
2023-03-13,Google Ads,Remarketing_Display,99,39,51,39,9,249,9780
2023-03-13,Google Ads,Lead_Generation,394,236,262,118,14,789,28420
2023-03-13,Google Ads,Display_Generico,387,231,256,117,14,777,28020
2023-03-13,Google Ads,Video_Awareness_Amplo,401,238,250,128,23,808,29210
2023-03-13,Meta Ads,Performance_Search,474,282,303,143,28,954,34440
2023-03-13,Meta Ads,Performance_Shopping,474,282,304,139,31,954,34440
2023-03-13,Meta Ads,Remarketing_Display,142,59,97,43,2,349,13630
2023-03-13,Meta Ads,Lead_Generation,501,298,321,153,27,1008,36410
2023-03-13,Meta Ads,Display_Generico,811,487,549,219,43,1621,58340
2023-03-13,Meta Ads,Video_Awareness_Amplo,517,309,340,156,21,1037,37380
2023-03-13,TikTok Ads,Performance_Search,712,427,476,206,30,1424,51290
2023-03-13,TikTok Ads,Performance_Shopping,397,238,267,117,13,794,28610
2023-03-13,TikTok Ads,Remarketing_Display,197,80,120,66,11,489,19150
2023-03-13,TikTok Ads,Lead_Generation,373,219,220,124,29,758,27480
2023-03-13,TikTok Ads,Display_Generico,1264,758,841,364,59,2529,91060
2023-03-13,TikTok Ads,Video_Awareness_Amplo,896,535,586,265,45,1798,64850
2023-03-14,Google Ads,Performance_Search,321,191,205,101,15,646,23320
2023-03-14,Google Ads,Performance_Shopping,405,240,255,129,21,817,29550
2023-03-14,Google Ads,Remarketing_Display,129,54,89,34,6,316,12330
2023-03-14,Google Ads,Lead_Generation,392,235,262,114,16,784,28250
2023-03-14,Google Ads,Display_Generico,388,233,262,104,22,775,27910
2023-03-14,Google Ads,Video_Awareness_Amplo,607,365,416,164,27,1212,43600
2023-03-14,Meta Ads,Performance_Search,550,327,352,166,32,1107,39990
2023-03-14,Meta Ads,Performance_Shopping,313,186,203,95,15,630,22770
2023-03-14,Meta Ads,Remarketing_Display,152,63,98,45,9,374,14610
2023-03-14,Meta Ads,Lead_Generation,316,187,198,101,17,638,23090
2023-03-14,Meta Ads,Display_Generico,679,405,443,198,38,1364,49200
2023-03-14,Meta Ads,Video_Awareness_Amplo,514,305,321,160,33,1036,37450
2023-03-14,TikTok Ads,Performance_Search,683,410,461,188,34,1365,49150
2023-03-14,TikTok Ads,Performance_Shopping,671,400,431,209,31,1348,48650
2023-03-14,TikTok Ads,Remarketing_Display,353,146,234,102,17,870,33970
2023-03-14,TikTok Ads,Lead_Generation,679,403,427,209,43,1369,49460
2023-03-14,TikTok Ads,Display_Generico,931,557,615,244,72,1866,67240
2023-03-14,TikTok Ads,Video_Awareness_Amplo,1199,717,786,336,77,2404,86640
2023-03-15,Google Ads,Performance_Search,179,108,124,51,4,356,12810
2023-03-15,Google Ads,Performance_Shopping,194,113,112,64,18,396,14410
2023-03-15,Google Ads,Remarketing_Display,159,65,102,47,10,394,15400
2023-03-15,Google Ads,Lead_Generation,396,235,251,120,25,798,28850
2023-03-15,Google Ads,Display_Generico,390,233,256,113,21,782,28210
2023-03-15,Google Ads,Video_Awareness_Amplo,408,243,263,126,19,820,29610
2023-03-15,Meta Ads,Performance_Search,586,351,393,164,29,1173,42270
2023-03-15,Meta Ads,Performance_Shopping,364,218,244,107,13,729,26260
2023-03-15,Meta Ads,Remarketing_Display,118,49,78,38,2,290,11330
2023-03-15,Meta Ads,Lead_Generation,258,155,175,73,10,515,18550
2023-03-15,Meta Ads,Display_Generico,654,392,435,187,32,1309,47140
2023-03-15,Meta Ads,Video_Awareness_Amplo,813,487,543,230,40,1628,58640
2023-03-15,TikTok Ads,Performance_Search,558,333,366,167,25,1120,40410
2023-03-15,TikTok Ads,Performance_Shopping,756,453,503,213,40,1513,54510
2023-03-15,TikTok Ads,Remarketing_Display,292,120,186,92,14,722,28200
2023-03-15,TikTok Ads,Lead_Generation,427,254,273,131,23,859,31030
2023-03-15,TikTok Ads,Display_Generico,894,534,580,266,48,1794,64680
2023-03-15,TikTok Ads,Video_Awareness_Amplo,674,403,442,208,24,1351,48710
2023-03-16,Google Ads,Performance_Search,280,167,185,85,10,562,20290
2023-03-16,Google Ads,Performance_Shopping,187,110,116,59,12,379,13750
2023-03-16,Google Ads,Remarketing_Display,111,45,70,33,8,276,10800
2023-03-16,Google Ads,Lead_Generation,351,208,221,112,18,708,25610
2023-03-16,Google Ads,Display_Generico,594,354,384,176,34,1194,43080
2023-03-16,Google Ads,Video_Awareness_Amplo,424,252,269,137,18,854,30840
2023-03-16,Meta Ads,Performance_Search,308,184,200,95,13,618,22280
2023-03-16,Meta Ads,Performance_Shopping,250,150,170,68,12,500,18000
2023-03-16,Meta Ads,Remarketing_Display,199,80,113,71,15,496,19450
2023-03-16,Meta Ads,Lead_Generation,359,213,228,109,22,724,26160
2023-03-16,Meta Ads,Display_Generico,813,488,544,226,43,1625,58510
2023-03-16,Meta Ads,Video_Awareness_Amplo,608,364,402,172,34,1218,43880
2023-03-16,TikTok Ads,Performance_Search,631,375,397,192,42,1271,45900
2023-03-16,TikTok Ads,Performance_Shopping,474,285,322,132,20,946,34050
2023-03-16,TikTok Ads,Remarketing_Display,292,121,190,88,14,719,28070
2023-03-16,TikTok Ads,Lead_Generation,600,357,384,178,38,1207,43590
2023-03-16,TikTok Ads,Display_Generico,1249,749,836,347,66,2499,89980
2023-03-16,TikTok Ads,Video_Awareness_Amplo,751,452,514,207,30,1498,53890
2023-03-17,Google Ads,Performance_Search,210,125,137,59,14,422,15250
2023-03-17,Google Ads,Performance_Shopping,245,146,163,68,14,492,17770
2023-03-17,Google Ads,Remarketing_Display,107,44,71,33,3,264,10330
2023-03-17,Google Ads,Lead_Generation,368,220,242,107,19,738,26600
2023-03-17,Google Ads,Display_Generico,442,264,290,120,32,887,31980
2023-03-17,Google Ads,Video_Awareness_Amplo,385,230,253,113,19,772,27850
2023-03-17,Meta Ads,Performance_Search,382,228,252,104,26,767,27660
2023-03-17,Meta Ads,Performance_Shopping,458,274,303,134,21,918,33080
2023-03-17,Meta Ads,Remarketing_Display,203,83,126,69,8,503,19660
2023-03-17,Meta Ads,Lead_Generation,273,165,193,69,11,543,19500
2023-03-17,Meta Ads,Display_Generico,666,395,417,221,28,1343,48550
2023-03-17,Meta Ads,Video_Awareness_Amplo,519,306,313,181,25,1051,38070
2023-03-17,TikTok Ads,Performance_Search,713,427,476,205,32,1428,51440
2023-03-17,TikTok Ads,Performance_Shopping,462,277,307,134,21,924,33290
2023-03-17,TikTok Ads,Remarketing_Display,242,101,170,65,7,594,23170
2023-03-17,TikTok Ads,Lead_Generation,756,450,483,240,33,1521,54900
2023-03-17,TikTok Ads,Display_Generico,859,513,559,255,45,1724,62160
2023-03-17,TikTok Ads,Video_Awareness_Amplo,1165,695,753,359,53,2340,84400
2023-03-18,Google Ads,Performance_Search,113,66,67,39,7,230,8370
2023-03-18,Google Ads,Performance_Shopping,157,94,109,43,5,314,11330
2023-03-18,Google Ads,Remarketing_Display,98,40,62,30,6,243,9500
2023-03-18,Google Ads,Lead_Generation,207,123,131,61,15,417,15060
2023-03-18,Google Ads,Display_Generico,314,186,195,101,18,634,22920
2023-03-18,Google Ads,Video_Awareness_Amplo,327,194,208,103,16,659,23830
2023-03-18,Meta Ads,Performance_Search,253,152,172,73,8,505,18190
2023-03-18,Meta Ads,Performance_Shopping,302,180,199,92,11,607,21900
2023-03-18,Meta Ads,Remarketing_Display,107,44,70,32,5,264,10330
2023-03-18,Meta Ads,Lead_Generation,205,122,133,63,9,412,14890
2023-03-18,Meta Ads,Display_Generico,490,293,326,141,23,982,35410
2023-03-18,Meta Ads,Video_Awareness_Amplo,499,298,324,144,31,1001,36110
2023-03-18,TikTok Ads,Performance_Search,490,292,315,152,23,985,35540
2023-03-18,TikTok Ads,Performance_Shopping,443,265,293,129,21,888,32000
2023-03-18,TikTok Ads,Remarketing_Display,162,67,112,40,10,399,15590
2023-03-18,TikTok Ads,Lead_Generation,432,257,274,142,16,869,31390
2023-03-18,TikTok Ads,Display_Generico,451,268,289,145,17,908,32810
2023-03-18,TikTok Ads,Video_Awareness_Amplo,487,292,325,139,23,974,35090
2023-03-19,Google Ads,Performance_Search,228,136,152,69,7,458,16520
2023-03-19,Google Ads,Performance_Shopping,161,95,103,49,9,326,11800
2023-03-19,Google Ads,Remarketing_Display,103,42,63,34,6,255,9990
2023-03-19,Google Ads,Lead_Generation,119,71,78,36,5,239,8620
2023-03-19,Google Ads,Display_Generico,241,144,158,73,10,483,17430
2023-03-19,Google Ads,Video_Awareness_Amplo,431,257,279,130,22,866,31240
2023-03-19,Meta Ads,Performance_Search,291,172,183,81,27,588,21290
2023-03-19,Meta Ads,Performance_Shopping,312,186,204,94,14,627,22620
2023-03-19,Meta Ads,Remarketing_Display,110,45,66,36,8,272,10650
2023-03-19,Meta Ads,Lead_Generation,168,99,106,47,15,340,12330
2023-03-19,Meta Ads,Display_Generico,460,273,293,146,21,927,33510
2023-03-19,Meta Ads,Video_Awareness_Amplo,499,300,337,141,21,996,35850
2023-03-19,TikTok Ads,Performance_Search,225,134,147,66,12,452,16330
2023-03-19,TikTok Ads,Performance_Shopping,317,190,216,88,13,634,22850
2023-03-19,TikTok Ads,Remarketing_Display,154,63,95,49,10,381,14910
2023-03-19,TikTok Ads,Lead_Generation,230,138,154,62,14,460,16560
2023-03-19,TikTok Ads,Display_Generico,611,367,410,172,29,1221,43940
2023-03-19,TikTok Ads,Video_Awareness_Amplo,786,470,516,230,40,1576,56800
2023-03-20,Google Ads,Performance_Search,382,228,248,114,20,767,27660
2023-03-20,Google Ads,Performance_Shopping,178,107,121,52,5,355,12790
2023-03-20,Google Ads,Remarketing_Display,78,32,56,17,5,193,7540
2023-03-20,Google Ads,Lead_Generation,326,193,205,101,20,658,23810
2023-03-20,Google Ads,Display_Generico,430,256,279,125,26,865,31220
2023-03-20,Google Ads,Video_Awareness_Amplo,484,288,307,155,22,974,35160
2023-03-20,Meta Ads,Performance_Search,385,231,258,103,24,770,27720
2023-03-20,Meta Ads,Performance_Shopping,432,258,282,127,23,867,31260
2023-03-20,Meta Ads,Remarketing_Display,182,75,117,55,10,449,17550
2023-03-20,Meta Ads,Lead_Generation,294,174,182,85,27,594,21480
2023-03-20,Meta Ads,Display_Generico,694,416,463,197,34,1389,50020
2023-03-20,Meta Ads,Video_Awareness_Amplo,575,345,385,169,21,1150,41400
2023-03-20,TikTok Ads,Performance_Search,650,389,430,184,36,1302,46930
2023-03-20,TikTok Ads,Performance_Shopping,366,218,238,107,21,736,26560
2023-03-20,TikTok Ads,Remarketing_Display,291,121,201,81,9,716,27920
2023-03-20,TikTok Ads,Lead_Generation,694,418,476,188,30,1384,49760
2023-03-20,TikTok Ads,Display_Generico,837,497,527,263,47,1687,60940
2023-03-20,TikTok Ads,Video_Awareness_Amplo,731,438,484,204,43,1463,52710
2023-03-21,Google Ads,Performance_Search,187,112,125,52,10,374,13490
2023-03-21,Google Ads,Performance_Shopping,324,193,207,104,13,651,23510
2023-03-21,Google Ads,Remarketing_Display,127,53,91,28,8,312,12160
2023-03-21,Google Ads,Lead_Generation,240,145,167,66,7,477,17150
2023-03-21,Google Ads,Display_Generico,611,362,379,206,26,1233,44590
2023-03-21,Google Ads,Video_Awareness_Amplo,478,284,303,144,31,963,34780
2023-03-21,Meta Ads,Performance_Search,348,211,248,84,16,690,24770
2023-03-21,Meta Ads,Performance_Shopping,323,193,213,100,10,648,23360
2023-03-21,Meta Ads,Remarketing_Display,129,52,74,48,7,321,12590
2023-03-21,Meta Ads,Lead_Generation,277,165,177,82,18,557,20100
2023-03-21,Meta Ads,Display_Generico,487,291,321,149,17,977,35220
2023-03-21,Meta Ads,Video_Awareness_Amplo,747,446,485,219,43,1499,54070
2023-03-21,TikTok Ads,Performance_Search,728,431,450,240,38,1470,53170
2023-03-21,TikTok Ads,Performance_Shopping,789,475,537,220,32,1574,56600
2023-03-21,TikTok Ads,Remarketing_Display,185,75,109,64,12,460,18000
2023-03-21,TikTok Ads,Lead_Generation,868,518,565,264,39,1743,62860
2023-03-21,TikTok Ads,Display_Generico,674,404,447,192,35,1349,48580
2023-03-21,TikTok Ads,Video_Awareness_Amplo,1120,672,748,317,55,2240,80640
2023-03-22,Google Ads,Performance_Search,343,205,227,100,16,688,24800
2023-03-22,Google Ads,Performance_Shopping,380,226,246,122,12,765,27620
2023-03-22,Google Ads,Remarketing_Display,95,39,60,30,5,235,9180
2023-03-22,Google Ads,Lead_Generation,215,128,137,68,10,432,15610
2023-03-22,Google Ads,Display_Generico,569,340,370,169,30,1141,41150
2023-03-22,Google Ads,Video_Awareness_Amplo,532,319,354,146,32,1064,38330
2023-03-22,Meta Ads,Performance_Search,229,139,164,56,9,454,16280
2023-03-22,Meta Ads,Performance_Shopping,633,378,415,193,25,1270,45810
2023-03-22,Meta Ads,Remarketing_Display,198,81,119,64,15,490,19170
2023-03-22,Meta Ads,Lead_Generation,249,148,160,74,15,501,18110
2023-03-22,Meta Ads,Display_Generico,622,369,393,201,28,1254,45330
2023-03-22,Meta Ads,Video_Awareness_Amplo,648,386,417,194,37,1303,47020
2023-03-22,TikTok Ads,Performance_Search,649,387,421,190,38,1304,47040
2023-03-22,TikTok Ads,Performance_Shopping,837,502,561,232,44,1674,60290
2023-03-22,TikTok Ads,Remarketing_Display,188,78,123,52,13,463,18060
2023-03-22,TikTok Ads,Lead_Generation,827,493,535,246,46,1662,59960
2023-03-22,TikTok Ads,Display_Generico,812,486,539,232,41,1627,58620
2023-03-22,TikTok Ads,Video_Awareness_Amplo,873,521,568,251,54,1753,63220
2023-03-23,Google Ads,Performance_Search,390,231,240,134,16,787,28470
2023-03-23,Google Ads,Performance_Shopping,399,237,253,129,17,804,29040
2023-03-23,Google Ads,Remarketing_Display,128,53,85,36,7,315,12310
2023-03-23,Google Ads,Lead_Generation,422,252,276,119,27,847,30540
2023-03-23,Google Ads,Display_Generico,400,237,252,120,28,807,29190
2023-03-23,Google Ads,Video_Awareness_Amplo,520,308,325,166,29,1050,37960
2023-03-23,Meta Ads,Performance_Search,299,177,189,92,18,604,21840
2023-03-23,Meta Ads,Performance_Shopping,375,226,258,100,17,747,26870
2023-03-23,Meta Ads,Remarketing_Display,195,81,129,57,9,480,18720
2023-03-23,Meta Ads,Lead_Generation,500,296,308,167,25,1010,36520
2023-03-23,Meta Ads,Display_Generico,661,391,408,217,36,1336,48320
2023-03-23,Meta Ads,Video_Awareness_Amplo,768,460,512,220,36,1538,55400
2023-03-23,TikTok Ads,Performance_Search,450,266,275,154,21,910,32920
2023-03-23,TikTok Ads,Performance_Shopping,587,349,373,188,26,1182,42680
2023-03-23,TikTok Ads,Remarketing_Display,299,125,205,78,16,734,28600
2023-03-23,TikTok Ads,Lead_Generation,638,382,425,189,24,1278,46040
2023-03-23,TikTok Ads,Display_Generico,1341,798,852,416,73,2698,97410
2023-03-23,TikTok Ads,Video_Awareness_Amplo,1117,671,754,307,56,2232,80320
2023-03-24,Google Ads,Performance_Search,191,114,125,53,13,383,13830
2023-03-24,Google Ads,Performance_Shopping,236,142,160,61,15,471,16940
2023-03-24,Google Ads,Remarketing_Display,148,61,97,39,12,365,14270
2023-03-24,Google Ads,Lead_Generation,389,232,252,115,22,781,28190
2023-03-24,Google Ads,Display_Generico,329,197,219,93,17,659,23740
2023-03-24,Google Ads,Video_Awareness_Amplo,366,217,229,123,14,738,26690
2023-03-24,Meta Ads,Performance_Search,416,249,279,114,23,833,30030
2023-03-24,Meta Ads,Performance_Shopping,291,173,189,87,15,586,21160
2023-03-24,Meta Ads,Remarketing_Display,214,88,140,61,13,529,20660
2023-03-24,Meta Ads,Lead_Generation,394,235,255,120,19,791,28550
2023-03-24,Meta Ads,Display_Generico,873,520,558,278,37,1755,63350
2023-03-24,Meta Ads,Video_Awareness_Amplo,726,434,475,194,57,1456,52480
2023-03-24,TikTok Ads,Performance_Search,715,426,463,216,36,1437,51870
2023-03-24,TikTok Ads,Performance_Shopping,526,314,343,154,29,1056,38080
2023-03-24,TikTok Ads,Remarketing_Display,226,93,142,71,13,558,21810
2023-03-24,TikTok Ads,Lead_Generation,562,335,363,169,30,1129,40750
2023-03-24,TikTok Ads,Display_Generico,1230,732,783,378,69,2475,89340
2023-03-24,TikTok Ads,Video_Awareness_Amplo,1097,655,711,328,58,2202,79400
2023-03-25,Google Ads,Performance_Search,130,78,91,32,7,260,9360
2023-03-25,Google Ads,Performance_Shopping,234,141,161,60,13,466,16770
2023-03-25,Google Ads,Remarketing_Display,65,26,36,26,3,162,6370
2023-03-25,Google Ads,Lead_Generation,205,122,134,63,8,412,14890
2023-03-25,Google Ads,Display_Generico,313,188,214,86,13,625,22510
2023-03-25,Google Ads,Video_Awareness_Amplo,284,172,205,66,13,564,20240
2023-03-25,Meta Ads,Performance_Search,309,184,200,94,15,621,22430
2023-03-25,Meta Ads,Performance_Shopping,159,94,99,48,12,321,11630
2023-03-25,Meta Ads,Remarketing_Display,132,54,79,44,9,327,12780
2023-03-25,Meta Ads,Lead_Generation,385,229,245,124,16,775,27980
2023-03-25,Meta Ads,Display_Generico,320,191,213,97,10,642,23170
2023-03-25,Meta Ads,Video_Awareness_Amplo,386,232,266,104,16,771,27740
2023-03-25,TikTok Ads,Performance_Search,269,160,175,79,15,541,19550
2023-03-25,TikTok Ads,Performance_Shopping,529,317,350,155,24,1059,38140
2023-03-25,TikTok Ads,Remarketing_Display,220,90,137,74,9,545,21300
2023-03-25,TikTok Ads,Lead_Generation,433,258,277,137,19,870,31410
2023-03-25,TikTok Ads,Display_Generico,771,461,505,224,42,1546,55720
2023-03-25,TikTok Ads,Video_Awareness_Amplo,704,419,447,216,41,1416,51130
2023-03-26,Google Ads,Performance_Search,221,131,138,68,15,446,16120
2023-03-26,Google Ads,Performance_Shopping,207,124,143,56,8,414,14930
2023-03-26,Google Ads,Remarketing_Display,78,32,53,23,2,193,7540
2023-03-26,Google Ads,Lead_Generation,179,106,112,56,11,361,13070
2023-03-26,Google Ads,Display_Generico,241,143,150,79,12,486,17560
2023-03-26,Google Ads,Video_Awareness_Amplo,249,150,174,61,14,496,17850
2023-03-26,Meta Ads,Performance_Search,198,117,122,61,15,400,14490
2023-03-26,Meta Ads,Performance_Shopping,226,134,144,71,11,456,16480
2023-03-26,Meta Ads,Remarketing_Display,94,39,70,22,2,231,9030
2023-03-26,Meta Ads,Lead_Generation,194,113,111,73,10,396,14410
2023-03-26,Meta Ads,Display_Generico,523,316,366,134,23,1040,37370
2023-03-26,Meta Ads,Video_Awareness_Amplo,367,218,230,117,20,739,26710
2023-03-26,TikTok Ads,Performance_Search,237,140,144,83,10,479,17350
2023-03-26,TikTok Ads,Performance_Shopping,310,185,202,91,17,622,22450
2023-03-26,TikTok Ads,Remarketing_Display,133,54,79,41,13,330,12930
2023-03-26,TikTok Ads,Lead_Generation,253,153,182,57,14,503,18060
2023-03-26,TikTok Ads,Display_Generico,779,465,509,221,49,1564,56400
2023-03-26,TikTok Ads,Video_Awareness_Amplo,666,399,446,190,30,1333,48030
2023-03-27,Google Ads,Performance_Search,189,112,118,64,7,381,13790
2023-03-27,Google Ads,Performance_Shopping,342,206,234,92,16,682,24520
2023-03-27,Google Ads,Remarketing_Display,103,43,71,25,7,253,9860
2023-03-27,Google Ads,Lead_Generation,310,187,215,88,7,617,22190
2023-03-27,Google Ads,Display_Generico,393,233,247,135,11,793,28660
2023-03-27,Google Ads,Video_Awareness_Amplo,504,301,330,145,29,1011,36470
2023-03-27,Meta Ads,Performance_Search,507,301,323,161,23,1022,36920
2023-03-27,Meta Ads,Performance_Shopping,412,244,255,139,18,832,30080
2023-03-27,Meta Ads,Remarketing_Display,127,52,84,34,9,314,12290
2023-03-27,Meta Ads,Lead_Generation,482,287,309,145,28,969,34990
2023-03-27,Meta Ads,Display_Generico,573,341,365,180,28,1153,41620
2023-03-27,Meta Ads,Video_Awareness_Amplo,591,353,385,174,32,1186,42760
2023-03-27,TikTok Ads,Performance_Search,409,243,263,132,14,824,29760
2023-03-27,TikTok Ads,Performance_Shopping,331,198,222,92,17,663,23910
2023-03-27,TikTok Ads,Remarketing_Display,280,117,193,74,13,687,26790
2023-03-27,TikTok Ads,Lead_Generation,656,392,427,198,31,1316,47440
2023-03-27,TikTok Ads,Display_Generico,633,378,415,197,21,1270,45810
2023-03-27,TikTok Ads,Video_Awareness_Amplo,849,506,548,259,42,1706,61570
2023-03-28,Google Ads,Performance_Search,335,199,213,110,12,675,24380
2023-03-28,Google Ads,Performance_Shopping,209,123,125,73,11,424,15360
2023-03-28,Google Ads,Remarketing_Display,136,55,79,51,6,338,13250
2023-03-28,Google Ads,Lead_Generation,173,102,109,55,9,350,12690
2023-03-28,Google Ads,Display_Generico,510,304,327,160,23,1025,36980
2023-03-28,Google Ads,Video_Awareness_Amplo,466,275,284,157,25,943,34150
2023-03-28,Meta Ads,Performance_Search,275,162,165,92,18,557,20190
2023-03-28,Meta Ads,Performance_Shopping,468,279,302,138,28,940,33930
2023-03-28,Meta Ads,Remarketing_Display,128,52,81,43,4,318,12440
2023-03-28,Meta Ads,Lead_Generation,536,318,337,170,29,1081,39060
2023-03-28,Meta Ads,Display_Generico,727,433,467,230,30,1462,52760
2023-03-28,Meta Ads,Video_Awareness_Amplo,729,435,474,225,30,1464,52800
2023-03-28,TikTok Ads,Performance_Search,888,529,571,267,50,1785,64430
2023-03-28,TikTok Ads,Performance_Shopping,726,433,473,220,33,1458,52610
2023-03-28,TikTok Ads,Remarketing_Display,337,138,201,121,15,834,32610
2023-03-28,TikTok Ads,Lead_Generation,566,337,366,171,29,1138,41090
2023-03-28,TikTok Ads,Display_Generico,991,593,651,290,50,1986,71560
2023-03-28,TikTok Ads,Video_Awareness_Amplo,730,437,481,209,40,1462,52690
2023-03-29,Google Ads,Performance_Search,393,237,272,99,22,783,28140
2023-03-29,Google Ads,Performance_Shopping,243,145,159,75,9,488,17600
2023-03-29,Google Ads,Remarketing_Display,86,35,56,29,1,213,8350
2023-03-29,Google Ads,Lead_Generation,245,145,155,80,10,495,17900
2023-03-29,Google Ads,Display_Generico,538,318,327,181,30,1088,39360
2023-03-29,Google Ads,Video_Awareness_Amplo,401,239,260,119,22,806,29080
2023-03-29,Meta Ads,Performance_Search,562,337,377,156,29,1124,40490
2023-03-29,Meta Ads,Performance_Shopping,582,346,373,179,30,1172,42320
2023-03-29,Meta Ads,Remarketing_Display,174,71,110,55,9,431,16870
2023-03-29,Meta Ads,Lead_Generation,498,295,310,157,31,1005,36350
2023-03-29,Meta Ads,Display_Generico,598,359,400,164,34,1195,43030
2023-03-29,Meta Ads,Video_Awareness_Amplo,623,372,409,184,30,1250,45090
2023-03-29,TikTok Ads,Performance_Search,750,447,480,234,36,1507,54390
2023-03-29,TikTok Ads,Performance_Shopping,741,441,474,221,46,1491,53820
2023-03-29,TikTok Ads,Remarketing_Display,282,115,172,95,15,699,27350
2023-03-29,TikTok Ads,Lead_Generation,419,250,272,123,24,841,30350
2023-03-29,TikTok Ads,Display_Generico,1034,618,674,316,44,2074,74760
2023-03-29,TikTok Ads,Video_Awareness_Amplo,1022,615,696,276,50,2039,73350
2023-03-30,Google Ads,Performance_Search,214,129,151,60,3,426,15330
2023-03-30,Google Ads,Performance_Shopping,223,132,138,69,16,450,16290
2023-03-30,Google Ads,Remarketing_Display,128,52,75,45,8,318,12440
2023-03-30,Google Ads,Lead_Generation,297,178,200,83,14,594,21410
2023-03-30,Google Ads,Display_Generico,345,205,219,104,22,695,25100
2023-03-30,Google Ads,Video_Awareness_Amplo,473,281,299,150,24,953,34420
2023-03-30,Meta Ads,Performance_Search,243,144,152,81,10,490,17730
2023-03-30,Meta Ads,Performance_Shopping,377,226,255,107,15,754,27170
2023-03-30,Meta Ads,Remarketing_Display,168,69,109,51,8,415,16230
2023-03-30,Meta Ads,Lead_Generation,487,288,300,161,26,984,35610
2023-03-30,Meta Ads,Display_Generico,732,437,475,218,39,1469,52990
2023-03-30,Meta Ads,Video_Awareness_Amplo,680,405,435,200,45,1367,49350
2023-03-30,TikTok Ads,Performance_Search,559,331,346,183,30,1129,40820
2023-03-30,TikTok Ads,Performance_Shopping,473,282,308,142,23,950,34290
2023-03-30,TikTok Ads,Remarketing_Display,281,116,182,85,14,693,27070
2023-03-30,TikTok Ads,Lead_Generation,651,386,407,194,50,1313,47470
2023-03-30,TikTok Ads,Display_Generico,1023,612,672,302,49,2050,73890
2023-03-30,TikTok Ads,Video_Awareness_Amplo,692,415,465,191,36,1384,49850
2023-03-31,Google Ads,Performance_Search,263,157,171,78,14,528,19040
2023-03-31,Google Ads,Performance_Shopping,387,231,251,117,19,777,28020
2023-03-31,Google Ads,Remarketing_Display,103,42,63,35,5,255,9990
2023-03-31,Google Ads,Lead_Generation,405,241,260,123,22,815,29420
2023-03-31,Google Ads,Display_Generico,508,301,318,163,27,1025,37070
2023-03-31,Google Ads,Video_Awareness_Amplo,384,228,242,120,22,774,27960
2023-03-31,Meta Ads,Performance_Search,554,330,358,173,23,1114,40200
2023-03-31,Meta Ads,Performance_Shopping,453,269,288,149,16,913,32980
2023-03-31,Meta Ads,Remarketing_Display,164,67,96,61,7,406,15890
2023-03-31,Meta Ads,Lead_Generation,415,248,274,124,17,832,30010
2023-03-31,Meta Ads,Display_Generico,506,303,334,148,24,1013,36510
2023-03-31,Meta Ads,Video_Awareness_Amplo,653,389,421,201,31,1313,47380
2023-03-31,TikTok Ads,Performance_Search,710,421,444,230,36,1432,51770
2023-03-31,TikTok Ads,Performance_Shopping,457,276,318,120,19,909,32670
2023-03-31,TikTok Ads,Remarketing_Display,350,146,237,98,15,860,33520
2023-03-31,TikTok Ads,Lead_Generation,743,445,494,209,40,1488,53600
2023-03-31,TikTok Ads,Display_Generico,1007,601,653,303,51,2022,72920
2023-03-31,TikTok Ads,Video_Awareness_Amplo,1135,675,720,356,59,2285,82500
2023-04-01,Google Ads,Performance_Search,202,120,131,59,12,407,14700
2023-04-01,Google Ads,Performance_Shopping,140,83,89,40,11,282,10210
2023-04-01,Google Ads,Remarketing_Display,74,30,44,30,0,184,7200
2023-04-01,Google Ads,Lead_Generation,198,119,136,51,11,395,14230
2023-04-01,Google Ads,Display_Generico,326,194,211,97,18,656,23680
2023-04-01,Google Ads,Video_Awareness_Amplo,275,162,169,87,19,557,20190
2023-04-01,Meta Ads,Performance_Search,166,97,97,57,12,338,12290
2023-04-01,Meta Ads,Performance_Shopping,325,192,201,106,18,657,23790
2023-04-01,Meta Ads,Remarketing_Display,132,54,81,46,5,327,12780
2023-04-01,Meta Ads,Lead_Generation,333,198,211,96,26,670,24210
2023-04-01,Meta Ads,Display_Generico,407,244,273,107,27,814,29330
2023-04-01,Meta Ads,Video_Awareness_Amplo,291,173,188,94,9,586,21160
2023-04-01,TikTok Ads,Performance_Search,352,209,221,116,15,709,25630
2023-04-01,TikTok Ads,Performance_Shopping,602,357,376,192,34,1214,43890
2023-04-01,TikTok Ads,Remarketing_Display,188,77,118,63,7,465,18190
2023-04-01,TikTok Ads,Lead_Generation,279,168,193,77,9,556,20010
2023-04-01,TikTok Ads,Display_Generico,701,418,452,222,27,1408,50810
2023-04-01,TikTok Ads,Video_Awareness_Amplo,522,312,342,158,22,1047,37740
2023-04-02,Google Ads,Performance_Search,236,141,158,69,9,473,17070
2023-04-02,Google Ads,Performance_Shopping,186,111,123,51,12,373,13470
2023-04-02,Google Ads,Remarketing_Display,72,30,50,18,4,177,6900
2023-04-02,Google Ads,Lead_Generation,145,85,87,48,10,295,10700
2023-04-02,Google Ads,Display_Generico,317,189,208,97,12,637,22980
2023-04-02,Google Ads,Video_Awareness_Amplo,217,128,131,65,21,439,15910
2023-04-02,Meta Ads,Performance_Search,377,224,238,120,19,759,27430
2023-04-02,Meta Ads,Performance_Shopping,331,195,197,118,16,671,24300
2023-04-02,Meta Ads,Remarketing_Display,131,55,92,36,3,321,12500
2023-04-02,Meta Ads,Lead_Generation,184,109,118,56,10,371,13430
2023-04-02,Meta Ads,Display_Generico,405,244,283,105,17,807,29030
2023-04-02,Meta Ads,Video_Awareness_Amplo,369,222,250,94,25,736,26490
2023-04-02,TikTok Ads,Performance_Search,431,258,287,125,19,863,31110
2023-04-02,TikTok Ads,Performance_Shopping,465,278,308,133,24,932,33610
2023-04-02,TikTok Ads,Remarketing_Display,227,94,149,69,9,559,21830
2023-04-02,TikTok Ads,Lead_Generation,352,209,226,109,17,709,25630
2023-04-02,TikTok Ads,Display_Generico,544,324,353,167,24,1094,39480
2023-04-02,TikTok Ads,Video_Awareness_Amplo,553,331,367,165,21,1108,39920
2023-04-03,Google Ads,Performance_Search,395,235,254,119,22,795,28700
2023-04-03,Google Ads,Performance_Shopping,307,183,198,91,18,617,22260
2023-04-03,Google Ads,Remarketing_Display,151,63,102,39,10,371,14460
2023-04-03,Google Ads,Lead_Generation,396,239,277,105,14,788,28330
2023-04-03,Google Ads,Display_Generico,571,340,367,177,27,1148,41450
2023-04-03,Google Ads,Video_Awareness_Amplo,457,270,279,147,31,924,33450
2023-04-03,Meta Ads,Performance_Search,434,258,277,138,19,874,31560
2023-04-03,Meta Ads,Performance_Shopping,376,225,248,105,23,753,27150
2023-04-03,Meta Ads,Remarketing_Display,151,62,98,47,6,373,14590
2023-04-03,Meta Ads,Lead_Generation,453,271,298,138,17,908,32720
2023-04-03,Meta Ads,Display_Generico,807,483,530,231,46,1617,58260
2023-04-03,Meta Ads,Video_Awareness_Amplo,619,373,426,161,32,1234,44360
2023-04-03,TikTok Ads,Performance_Search,526,314,341,157,28,1056,38080
2023-04-03,TikTok Ads,Performance_Shopping,743,447,505,206,32,1483,53340
2023-04-03,TikTok Ads,Remarketing_Display,309,127,189,101,19,764,29840
2023-04-03,TikTok Ads,Lead_Generation,786,467,497,243,46,1583,57190
2023-04-03,TikTok Ads,Display_Generico,1141,680,731,349,61,2293,82750
2023-04-03,TikTok Ads,Video_Awareness_Amplo,1134,679,751,343,40,2271,81830
2023-04-04,Google Ads,Performance_Search,358,213,233,111,14,720,26010
2023-04-04,Google Ads,Performance_Shopping,297,179,204,81,12,592,21280
2023-04-04,Google Ads,Remarketing_Display,118,49,80,32,6,290,11330
2023-04-04,Google Ads,Lead_Generation,309,183,195,104,10,624,22560
2023-04-04,Google Ads,Display_Generico,539,321,348,158,33,1084,39120
2023-04-04,Google Ads,Video_Awareness_Amplo,363,218,244,100,19,725,26110
2023-04-04,Meta Ads,Performance_Search,593,353,380,177,36,1193,43060
2023-04-04,Meta Ads,Performance_Shopping,480,289,330,128,22,957,34430
2023-04-04,Meta Ads,Remarketing_Display,227,94,153,66,8,559,21830
2023-04-04,Meta Ads,Lead_Generation,597,354,372,201,24,1204,43530
2023-04-04,Meta Ads,Display_Generico,986,589,646,296,44,1978,71330
2023-04-04,Meta Ads,Video_Awareness_Amplo,568,337,355,177,36,1145,41390
2023-04-04,TikTok Ads,Performance_Search,594,356,394,174,26,1189,42820
2023-04-04,TikTok Ads,Performance_Shopping,961,576,637,262,62,1923,69270
2023-04-04,TikTok Ads,Remarketing_Display,264,109,173,78,13,651,25430
2023-04-04,TikTok Ads,Lead_Generation,840,502,550,246,44,1685,60740
2023-04-04,TikTok Ads,Display_Generico,1008,604,670,294,44,2018,72680
2023-04-04,TikTok Ads,Video_Awareness_Amplo,1194,711,766,374,54,2401,86670
2023-04-05,Google Ads,Performance_Search,416,247,266,128,22,838,30290
2023-04-05,Google Ads,Performance_Shopping,347,206,220,112,15,699,25270
2023-04-05,Google Ads,Remarketing_Display,152,63,99,46,7,374,14610
2023-04-05,Google Ads,Lead_Generation,256,154,175,67,14,511,18380
2023-04-05,Google Ads,Display_Generico,504,302,335,147,22,1009,36340
2023-04-05,Google Ads,Video_Awareness_Amplo,585,350,385,173,27,1172,42250
2023-04-05,Meta Ads,Performance_Search,390,233,256,118,16,782,28210
2023-04-05,Meta Ads,Performance_Shopping,585,352,398,152,35,1167,41990
2023-04-05,Meta Ads,Remarketing_Display,134,55,84,41,9,331,12950
2023-04-05,Meta Ads,Lead_Generation,388,230,242,130,16,783,28300
2023-04-05,Meta Ads,Display_Generico,680,407,450,202,28,1362,49090
2023-04-05,Meta Ads,Video_Awareness_Amplo,442,265,295,120,27,884,31850
2023-04-05,TikTok Ads,Performance_Search,471,282,314,132,25,943,33990
2023-04-05,TikTok Ads,Performance_Shopping,614,367,403,186,25,1231,44390
2023-04-05,TikTok Ads,Remarketing_Display,199,82,132,53,14,491,19190
2023-04-05,TikTok Ads,Lead_Generation,769,458,493,229,47,1546,55810
2023-04-05,TikTok Ads,Display_Generico,932,560,628,267,37,1862,67000
2023-04-05,TikTok Ads,Video_Awareness_Amplo,968,577,621,298,49,1945,70190
2023-04-06,Google Ads,Performance_Search,435,261,296,117,22,870,31320
2023-04-06,Google Ads,Performance_Shopping,420,253,290,115,15,837,30110
2023-04-06,Google Ads,Remarketing_Display,148,61,99,43,6,365,14270
2023-04-06,Google Ads,Lead_Generation,378,225,241,113,24,760,27450
2023-04-06,Google Ads,Display_Generico,557,334,375,153,29,1114,40130
2023-04-06,Google Ads,Video_Awareness_Amplo,323,191,197,106,20,653,23620
2023-04-06,Meta Ads,Performance_Search,446,266,291,134,21,896,32320
2023-04-06,Meta Ads,Performance_Shopping,412,244,259,130,23,832,30080
2023-04-06,Meta Ads,Remarketing_Display,207,85,127,71,9,512,20000
2023-04-06,Meta Ads,Lead_Generation,342,206,234,85,23,682,24520
2023-04-06,Meta Ads,Display_Generico,840,504,562,239,39,1680,60480
2023-04-06,Meta Ads,Video_Awareness_Amplo,843,500,529,271,43,1700,61450
2023-04-06,TikTok Ads,Performance_Search,424,254,285,111,28,849,30580
2023-04-06,TikTok Ads,Performance_Shopping,851,509,563,251,37,1706,61480
2023-04-06,TikTok Ads,Remarketing_Display,360,147,213,128,19,892,34890
2023-04-06,TikTok Ads,Lead_Generation,507,302,324,163,20,1019,36790
2023-04-06,TikTok Ads,Display_Generico,1032,616,668,312,52,2072,74720
2023-04-06,TikTok Ads,Video_Awareness_Amplo,1294,769,819,412,63,2606,94130
2023-04-07,Google Ads,Performance_Search,228,137,158,65,5,455,16390
2023-04-07,Google Ads,Performance_Shopping,259,156,180,76,3,516,18570
2023-04-07,Google Ads,Remarketing_Display,188,77,118,64,6,465,18190
2023-04-07,Google Ads,Lead_Generation,358,213,231,113,14,720,26010
2023-04-07,Google Ads,Display_Generico,561,335,369,172,20,1126,40600
2023-04-07,Google Ads,Video_Awareness_Amplo,525,313,343,157,25,1055,38060
2023-04-07,Meta Ads,Performance_Search,338,203,230,93,15,675,24310
2023-04-07,Meta Ads,Performance_Shopping,525,312,333,174,18,1057,38190
2023-04-07,Meta Ads,Remarketing_Display,175,72,112,53,10,432,16890
2023-04-07,Meta Ads,Lead_Generation,652,389,422,204,26,1309,47230
2023-04-07,Meta Ads,Display_Generico,736,438,468,238,30,1481,53460
2023-04-07,Meta Ads,Video_Awareness_Amplo,678,405,444,202,32,1360,49050
2023-04-07,TikTok Ads,Performance_Search,668,397,422,214,32,1345,48590
2023-04-07,TikTok Ads,Performance_Shopping,563,333,347,180,36,1138,41160
2023-04-07,TikTok Ads,Remarketing_Display,289,119,184,85,20,714,27880
2023-04-07,TikTok Ads,Lead_Generation,383,229,255,111,17,768,27680
2023-04-07,TikTok Ads,Display_Generico,1080,643,690,325,65,2172,78410
2023-04-07,TikTok Ads,Video_Awareness_Amplo,846,505,549,256,41,1698,61250
2023-04-08,Google Ads,Performance_Search,268,160,175,82,11,538,19400
2023-04-08,Google Ads,Performance_Shopping,153,90,91,52,10,310,11250
2023-04-08,Google Ads,Remarketing_Display,72,30,49,18,5,177,6900
2023-04-08,Google Ads,Lead_Generation,214,127,134,63,17,431,15590
2023-04-08,Google Ads,Display_Generico,259,155,175,69,15,519,18700
2023-04-08,Google Ads,Video_Awareness_Amplo,298,179,201,87,10,595,21430
2023-04-08,Meta Ads,Performance_Search,239,143,162,61,16,479,17260
2023-04-08,Meta Ads,Performance_Shopping,236,141,157,66,13,473,17070
2023-04-08,Meta Ads,Remarketing_Display,107,43,64,33,10,267,10460
2023-04-08,Meta Ads,Lead_Generation,273,164,187,73,13,545,19630
2023-04-08,Meta Ads,Display_Generico,462,276,304,126,32,927,33420
2023-04-08,Meta Ads,Video_Awareness_Amplo,442,262,279,146,17,892,32240
2023-04-08,TikTok Ads,Performance_Search,446,262,262,164,20,906,32840
2023-04-08,TikTok Ads,Performance_Shopping,314,188,207,92,15,629,22660
2023-04-08,TikTok Ads,Remarketing_Display,202,83,126,70,6,499,19510
2023-04-08,TikTok Ads,Lead_Generation,547,328,368,155,24,1094,39410
2023-04-08,TikTok Ads,Display_Generico,537,323,365,136,36,1072,38560
2023-04-08,TikTok Ads,Video_Awareness_Amplo,832,494,526,272,34,1677,60580
2023-04-09,Google Ads,Performance_Search,267,160,181,72,14,534,19250
2023-04-09,Google Ads,Performance_Shopping,259,154,167,78,14,521,18830
2023-04-09,Google Ads,Remarketing_Display,62,25,41,19,2,154,6050
2023-04-09,Google Ads,Lead_Generation,147,88,100,38,9,294,10610
2023-04-09,Google Ads,Display_Generico,370,220,239,106,25,745,26900
2023-04-09,Google Ads,Video_Awareness_Amplo,343,204,220,102,21,690,24930
2023-04-09,Meta Ads,Performance_Search,235,139,145,80,10,475,17180
2023-04-09,Meta Ads,Performance_Shopping,351,209,227,105,19,706,25480
2023-04-09,Meta Ads,Remarketing_Display,117,48,75,37,5,289,11310
2023-04-09,Meta Ads,Lead_Generation,332,198,214,96,22,667,24060
2023-04-09,Meta Ads,Display_Generico,610,364,398,179,33,1225,44180
2023-04-09,Meta Ads,Video_Awareness_Amplo,342,204,220,105,17,687,24780
2023-04-09,TikTok Ads,Performance_Search,338,203,230,86,22,675,24310
2023-04-09,TikTok Ads,Performance_Shopping,524,311,329,166,29,1056,38170
2023-04-09,TikTok Ads,Remarketing_Display,176,75,134,37,5,428,16650
2023-04-09,TikTok Ads,Lead_Generation,569,341,377,168,24,1139,41020
2023-04-09,TikTok Ads,Display_Generico,931,555,600,277,54,1871,67500
2023-04-09,TikTok Ads,Video_Awareness_Amplo,676,400,418,223,35,1366,49400
2023-04-10,Google Ads,Performance_Search,246,148,170,65,11,491,17660
2023-04-10,Google Ads,Performance_Shopping,386,230,253,115,18,776,28000
2023-04-10,Google Ads,Remarketing_Display,164,69,120,36,8,401,15630
2023-04-10,Google Ads,Lead_Generation,471,283,322,133,16,941,33860
2023-04-10,Google Ads,Display_Generico,605,364,414,161,30,1207,43430
2023-04-10,Google Ads,Video_Awareness_Amplo,481,286,307,153,21,968,34970
2023-04-10,Meta Ads,Performance_Search,544,324,351,170,23,1094,39480
2023-04-10,Meta Ads,Performance_Shopping,443,264,285,134,24,890,32130
2023-04-10,Meta Ads,Remarketing_Display,210,88,146,51,13,515,20060
2023-04-10,Meta Ads,Lead_Generation,526,313,334,162,30,1058,38210
2023-04-10,Meta Ads,Display_Generico,608,362,390,190,28,1223,44140
2023-04-10,Meta Ads,Video_Awareness_Amplo,628,377,425,176,27,1255,45190
2023-04-10,TikTok Ads,Performance_Search,864,514,553,274,37,1739,62780
2023-04-10,TikTok Ads,Performance_Shopping,479,284,302,154,23,966,34930
2023-04-10,TikTok Ads,Remarketing_Display,212,88,143,58,11,522,20360
2023-04-10,TikTok Ads,Lead_Generation,600,355,372,202,26,1212,43850
2023-04-10,TikTok Ads,Display_Generico,1087,647,695,331,61,2187,78940
2023-04-10,TikTok Ads,Video_Awareness_Amplo,802,477,508,258,36,1614,58290
2023-04-11,Google Ads,Performance_Search,275,164,179,79,17,552,19930
2023-04-11,Google Ads,Performance_Shopping,458,272,290,137,31,923,33340
2023-04-11,Google Ads,Remarketing_Display,117,48,76,34,7,289,11310
2023-04-11,Google Ads,Lead_Generation,233,138,149,75,9,470,17010
2023-04-11,Google Ads,Display_Generico,519,308,328,167,24,1046,37810
2023-04-11,Google Ads,Video_Awareness_Amplo,685,411,459,197,29,1370,49320
2023-04-11,Meta Ads,Performance_Search,503,299,320,157,26,1013,36580
2023-04-11,Meta Ads,Performance_Shopping,574,345,387,162,25,1146,41250
2023-04-11,Meta Ads,Remarketing_Display,127,53,87,33,7,312,12160
2023-04-11,Meta Ads,Lead_Generation,448,265,276,156,16,905,32750
2023-04-11,Meta Ads,Display_Generico,777,468,532,212,33,1549,55710
2023-04-11,Meta Ads,Video_Awareness_Amplo,636,378,401,199,36,1281,46260
2023-04-11,TikTok Ads,Performance_Search,408,243,266,127,15,820,29610
2023-04-11,TikTok Ads,Performance_Shopping,483,287,307,145,31,973,35140
2023-04-11,TikTok Ads,Remarketing_Display,219,90,141,64,14,541,21150
2023-04-11,TikTok Ads,Lead_Generation,516,309,342,151,23,1033,37230
2023-04-11,TikTok Ads,Display_Generico,1381,818,855,460,66,2788,100810
2023-04-11,TikTok Ads,Video_Awareness_Amplo,1045,623,670,328,47,2100,75760
2023-04-12,Google Ads,Performance_Search,383,226,236,123,24,775,28070
2023-04-12,Google Ads,Performance_Shopping,277,167,191,75,11,552,19840
2023-04-12,Google Ads,Remarketing_Display,142,59,93,42,7,349,13630
2023-04-12,Google Ads,Lead_Generation,237,144,175,53,9,469,16830
2023-04-12,Google Ads,Display_Generico,595,356,392,176,27,1192,42970
2023-04-12,Google Ads,Video_Awareness_Amplo,397,237,263,112,22,797,28740
2023-04-12,Meta Ads,Performance_Search,287,172,190,86,11,574,20690
2023-04-12,Meta Ads,Performance_Shopping,276,164,178,85,13,556,20080
2023-04-12,Meta Ads,Remarketing_Display,112,46,68,40,4,277,10820
2023-04-12,Meta Ads,Lead_Generation,603,362,405,166,32,1205,43390
2023-04-12,Meta Ads,Display_Generico,593,354,386,177,30,1190,42930
2023-04-12,Meta Ads,Video_Awareness_Amplo,472,281,306,139,27,949,34270
2023-04-12,TikTok Ads,Performance_Search,512,303,315,174,23,1034,37410
2023-04-12,TikTok Ads,Performance_Shopping,426,255,280,128,18,853,30750
2023-04-12,TikTok Ads,Remarketing_Display,201,82,119,71,11,498,19490
2023-04-12,TikTok Ads,Lead_Generation,857,513,565,249,43,1717,61860
2023-04-12,TikTok Ads,Display_Generico,752,448,482,239,31,1512,54560
2023-04-12,TikTok Ads,Video_Awareness_Amplo,1417,848,930,419,68,2839,102310
2023-04-13,Google Ads,Performance_Search,317,191,217,85,15,632,22720
2023-04-13,Google Ads,Performance_Shopping,310,187,218,78,14,617,22190
2023-04-13,Google Ads,Remarketing_Display,128,53,85,35,8,315,12310
2023-04-13,Google Ads,Lead_Generation,405,241,260,112,33,815,29420
2023-04-13,Google Ads,Display_Generico,569,341,381,157,31,1139,41020
2023-04-13,Google Ads,Video_Awareness_Amplo,511,305,336,147,28,1026,37000
2023-04-13,Meta Ads,Performance_Search,274,162,169,96,9,554,20040
2023-04-13,Meta Ads,Performance_Shopping,277,164,170,96,11,559,20230
2023-04-13,Meta Ads,Remarketing_Display,188,77,121,58,9,465,18190
2023-04-13,Meta Ads,Lead_Generation,440,263,291,131,18,882,31810
2023-04-13,Meta Ads,Display_Generico,810,481,509,254,47,1632,58970
2023-04-13,Meta Ads,Video_Awareness_Amplo,585,349,377,170,38,1175,42380
2023-04-13,TikTok Ads,Performance_Search,757,452,493,229,35,1519,54790
2023-04-13,TikTok Ads,Performance_Shopping,428,252,259,153,16,868,31440
2023-04-13,TikTok Ads,Remarketing_Display,185,75,111,67,7,460,18000
2023-04-13,TikTok Ads,Lead_Generation,579,346,383,171,25,1161,41870
2023-04-13,TikTok Ads,Display_Generico,855,510,553,258,44,1717,61950
2023-04-13,TikTok Ads,Video_Awareness_Amplo,797,477,528,230,39,1597,57540
2023-04-14,Google Ads,Performance_Search,260,154,166,80,14,525,18980
2023-04-14,Google Ads,Performance_Shopping,224,133,142,75,7,451,16310
2023-04-14,Google Ads,Remarketing_Display,129,52,77,42,10,321,12590
2023-04-14,Google Ads,Lead_Generation,352,209,223,102,27,709,25630
2023-04-14,Google Ads,Display_Generico,414,248,278,117,19,829,29860
2023-04-14,Google Ads,Video_Awareness_Amplo,425,251,262,139,24,860,31120
2023-04-14,Meta Ads,Performance_Search,523,311,335,162,26,1053,38020
2023-04-14,Meta Ads,Performance_Shopping,355,210,219,118,18,717,25950
2023-04-14,Meta Ads,Remarketing_Display,217,89,140,68,9,537,20980
2023-04-14,Meta Ads,Lead_Generation,321,189,194,108,19,651,23580
2023-04-14,Meta Ads,Display_Generico,739,440,473,231,35,1486,53650
2023-04-14,Meta Ads,Video_Awareness_Amplo,738,443,499,201,38,1475,53110
2023-04-14,TikTok Ads,Performance_Search,583,350,396,165,22,1165,41950
2023-04-14,TikTok Ads,Performance_Shopping,683,410,461,186,36,1365,49150
2023-04-14,TikTok Ads,Remarketing_Display,327,134,202,108,17,809,31630
2023-04-14,TikTok Ads,Lead_Generation,781,465,497,235,49,1571,56700
2023-04-14,TikTok Ads,Display_Generico,1063,634,689,322,52,2135,77030
2023-04-14,TikTok Ads,Video_Awareness_Amplo,894,535,588,263,43,1791,64550
2023-04-15,Google Ads,Performance_Search,210,125,135,55,20,422,15250
2023-04-15,Google Ads,Performance_Shopping,158,94,103,43,12,318,11480
2023-04-15,Google Ads,Remarketing_Display,54,21,27,17,10,136,5370
2023-04-15,Google Ads,Lead_Generation,191,114,126,54,11,383,13830
2023-04-15,Google Ads,Display_Generico,294,175,187,94,13,591,21350
2023-04-15,Google Ads,Video_Awareness_Amplo,323,192,206,98,19,650,23490
2023-04-15,Meta Ads,Performance_Search,176,104,112,56,8,356,12880
2023-04-15,Meta Ads,Performance_Shopping,226,135,149,69,8,453,16350
2023-04-15,Meta Ads,Remarketing_Display,109,45,74,27,8,269,10500
2023-04-15,Meta Ads,Lead_Generation,225,132,134,85,6,457,16590
2023-04-15,Meta Ads,Display_Generico,496,295,319,149,28,998,36050
2023-04-15,Meta Ads,Video_Awareness_Amplo,386,229,243,123,20,778,28130
2023-04-15,TikTok Ads,Performance_Search,531,316,339,162,30,1068,38570
2023-04-15,TikTok Ads,Performance_Shopping,347,206,220,107,20,699,25270
2023-04-15,TikTok Ads,Remarketing_Display,155,63,96,52,7,385,15060
2023-04-15,TikTok Ads,Lead_Generation,532,318,347,155,30,1067,38460
2023-04-15,TikTok Ads,Display_Generico,767,459,506,228,33,1537,55380
2023-04-15,TikTok Ads,Video_Awareness_Amplo,575,345,384,168,23,1150,41400
2023-04-16,Google Ads,Performance_Search,219,131,148,58,13,439,15820
2023-04-16,Google Ads,Performance_Shopping,189,114,136,44,9,376,13530
2023-04-16,Google Ads,Remarketing_Display,115,47,70,37,8,285,11140
2023-04-16,Google Ads,Lead_Generation,132,81,101,26,5,259,9270
2023-04-16,Google Ads,Display_Generico,322,192,208,101,13,647,23340
2023-04-16,Google Ads,Video_Awareness_Amplo,382,230,262,106,14,762,27400
2023-04-16,Meta Ads,Performance_Search,260,155,170,81,9,522,18850
2023-04-16,Meta Ads,Performance_Shopping,303,180,196,90,17,610,22050
2023-04-16,Meta Ads,Remarketing_Display,129,53,82,40,7,319,12460
2023-04-16,Meta Ads,Lead_Generation,230,138,156,65,9,460,16560
2023-04-16,Meta Ads,Display_Generico,507,303,334,146,27,1017,36660
2023-04-16,Meta Ads,Video_Awareness_Amplo,373,224,250,106,17,745,26830
2023-04-16,TikTok Ads,Performance_Search,390,231,246,125,19,787,28470
2023-04-16,TikTok Ads,Performance_Shopping,555,330,356,167,32,1117,40350
2023-04-16,TikTok Ads,Remarketing_Display,140,58,92,39,9,345,13460
2023-04-16,TikTok Ads,Lead_Generation,540,321,344,166,30,1087,39270
2023-04-16,TikTok Ads,Display_Generico,640,382,418,195,27,1285,46340
2023-04-16,TikTok Ads,Video_Awareness_Amplo,762,455,498,231,33,1529,55150
2023-04-17,Google Ads,Performance_Search,223,132,139,74,10,450,16290
2023-04-17,Google Ads,Performance_Shopping,247,148,168,68,11,494,17810
2023-04-17,Google Ads,Remarketing_Display,129,52,78,43,8,321,12590
2023-04-17,Google Ads,Lead_Generation,214,126,128,74,12,434,15720
2023-04-17,Google Ads,Display_Generico,413,247,270,126,17,828,29840
2023-04-17,Google Ads,Video_Awareness_Amplo,336,200,214,106,16,676,24400
2023-04-17,Meta Ads,Performance_Search,505,299,314,165,26,1020,36880
2023-04-17,Meta Ads,Performance_Shopping,238,140,143,75,20,483,17500
2023-04-17,Meta Ads,Remarketing_Display,164,67,97,57,10,406,15890
2023-04-17,Meta Ads,Lead_Generation,563,336,365,166,32,1130,40770
2023-04-17,Meta Ads,Display_Generico,865,513,540,267,58,1745,63060
2023-04-17,Meta Ads,Video_Awareness_Amplo,722,432,474,215,33,1447,52140
2023-04-17,TikTok Ads,Performance_Search,871,521,574,258,39,1746,62920
2023-04-17,TikTok Ads,Performance_Shopping,394,235,256,121,17,791,28550
2023-04-17,TikTok Ads,Remarketing_Display,211,87,132,68,11,521,20340
2023-04-17,TikTok Ads,Lead_Generation,510,304,328,157,25,1025,36980
2023-04-17,TikTok Ads,Display_Generico,977,585,647,287,43,1957,70500
2023-04-17,TikTok Ads,Video_Awareness_Amplo,1306,780,849,395,62,2621,94500
2023-04-18,Google Ads,Performance_Search,200,120,139,55,6,400,14400
2023-04-18,Google Ads,Performance_Shopping,279,166,182,83,14,561,20270
2023-04-18,Google Ads,Remarketing_Display,102,42,64,29,9,252,9840
2023-04-18,Google Ads,Lead_Generation,224,133,144,68,12,451,16310
2023-04-18,Google Ads,Display_Generico,457,272,293,141,23,919,33190
2023-04-18,Google Ads,Video_Awareness_Amplo,667,397,428,212,27,1342,48440
2023-04-18,Meta Ads,Performance_Search,588,351,385,176,27,1180,42570
2023-04-18,Meta Ads,Performance_Shopping,232,138,151,63,18,467,16860
2023-04-18,Meta Ads,Remarketing_Display,239,99,154,77,8,589,22980
2023-04-18,Meta Ads,Lead_Generation,501,298,319,156,26,1008,36410
2023-04-18,Meta Ads,Display_Generico,678,405,442,198,38,1360,49050
2023-04-18,Meta Ads,Video_Awareness_Amplo,558,336,384,143,31,1113,40020
2023-04-18,TikTok Ads,Performance_Search,447,264,276,149,22,904,32730
2023-04-18,TikTok Ads,Performance_Shopping,489,294,336,131,22,976,35130
2023-04-18,TikTok Ads,Remarketing_Display,324,134,207,102,15,799,31180
2023-04-18,TikTok Ads,Lead_Generation,728,434,472,222,34,1463,52780
2023-04-18,TikTok Ads,Display_Generico,716,427,464,219,33,1438,51890
2023-04-18,TikTok Ads,Video_Awareness_Amplo,958,570,612,297,49,1928,69600
2023-04-19,Google Ads,Performance_Search,237,142,162,60,15,474,17090
2023-04-19,Google Ads,Performance_Shopping,329,196,214,94,21,661,23870
2023-04-19,Google Ads,Remarketing_Display,161,67,109,40,12,396,15440
2023-04-19,Google Ads,Lead_Generation,183,109,118,55,10,368,13280
2023-04-19,Google Ads,Display_Generico,452,269,290,140,22,909,32830
2023-04-19,Google Ads,Video_Awareness_Amplo,708,423,465,211,32,1420,51210
2023-04-19,Meta Ads,Performance_Search,269,160,173,83,13,541,19550
2023-04-19,Meta Ads,Performance_Shopping,301,178,188,100,13,608,22010
2023-04-19,Meta Ads,Remarketing_Display,172,71,111,48,13,424,16570
2023-04-19,Meta Ads,Lead_Generation,280,166,175,87,18,565,20420
2023-04-19,Meta Ads,Display_Generico,557,329,343,183,31,1127,40780
2023-04-19,Meta Ads,Video_Awareness_Amplo,645,385,423,189,33,1295,46700
2023-04-19,TikTok Ads,Performance_Search,544,323,340,173,31,1096,39610
2023-04-19,TikTok Ads,Performance_Shopping,688,407,425,230,33,1390,50290
2023-04-19,TikTok Ads,Remarketing_Display,212,87,133,65,14,524,20490
2023-04-19,TikTok Ads,Lead_Generation,669,398,425,205,39,1346,48610
2023-04-19,TikTok Ads,Display_Generico,1107,659,707,330,70,2227,80380
2023-04-19,TikTok Ads,Video_Awareness_Amplo,1170,698,754,352,64,2350,84760
2023-04-20,Google Ads,Performance_Search,227,135,147,68,12,457,16500
2023-04-20,Google Ads,Performance_Shopping,398,238,265,112,21,798,28760
2023-04-20,Google Ads,Remarketing_Display,135,55,84,46,5,335,13100
2023-04-20,Google Ads,Lead_Generation,209,124,132,68,9,421,15230
2023-04-20,Google Ads,Display_Generico,424,253,277,120,27,851,30710
2023-04-20,Google Ads,Video_Awareness_Amplo,503,300,328,149,26,1010,36450
2023-04-20,Meta Ads,Performance_Search,552,330,366,154,32,1107,39900
2023-04-20,Meta Ads,Performance_Shopping,497,295,316,158,23,1002,36200
2023-04-20,Meta Ads,Remarketing_Display,132,53,74,54,4,329,12910
2023-04-20,Meta Ads,Lead_Generation,258,152,158,88,12,523,18940
2023-04-20,Meta Ads,Display_Generico,643,379,385,216,42,1303,47180
2023-04-20,Meta Ads,Video_Awareness_Amplo,787,470,515,234,38,1579,56950
2023-04-20,TikTok Ads,Performance_Search,778,462,488,254,36,1568,56640
2023-04-20,TikTok Ads,Performance_Shopping,728,429,435,247,46,1475,53430
2023-04-20,TikTok Ads,Remarketing_Display,178,73,110,60,8,440,17210
2023-04-20,TikTok Ads,Lead_Generation,606,360,383,193,30,1221,44100
2023-04-20,TikTok Ads,Display_Generico,1145,680,723,366,56,2307,83350
2023-04-20,TikTok Ads,Video_Awareness_Amplo,1263,756,832,369,62,2530,91170
2023-04-21,Google Ads,Performance_Search,326,193,204,109,13,658,23810
2023-04-21,Google Ads,Performance_Shopping,441,263,288,128,25,886,31960
2023-04-21,Google Ads,Remarketing_Display,171,71,114,50,7,421,16420
2023-04-21,Google Ads,Lead_Generation,327,195,215,94,18,657,23700
2023-04-21,Google Ads,Display_Generico,513,309,351,133,29,1023,36780
2023-04-21,Google Ads,Video_Awareness_Amplo,466,277,295,140,31,938,33890
2023-04-21,Meta Ads,Performance_Search,392,235,260,114,18,784,28250
2023-04-21,Meta Ads,Performance_Shopping,579,343,357,188,34,1169,42260
2023-04-21,Meta Ads,Remarketing_Display,204,84,126,66,12,504,19680
2023-04-21,Meta Ads,Lead_Generation,428,259,306,105,17,850,30530
2023-04-21,Meta Ads,Display_Generico,912,544,592,275,45,1832,66080
2023-04-21,Meta Ads,Video_Awareness_Amplo,791,470,497,248,46,1593,57550
2023-04-21,TikTok Ads,Performance_Search,518,308,331,154,33,1043,37660
2023-04-21,TikTok Ads,Performance_Shopping,426,253,272,138,16,858,31010
2023-04-21,TikTok Ads,Remarketing_Display,339,140,214,108,17,836,32650
2023-04-21,TikTok Ads,Lead_Generation,503,301,330,154,19,1008,36320
2023-04-21,TikTok Ads,Display_Generico,963,577,641,276,46,1928,69440
2023-04-21,TikTok Ads,Video_Awareness_Amplo,1137,681,752,329,56,2277,82020
2023-04-22,Google Ads,Performance_Search,164,97,105,52,7,331,11990
2023-04-22,Google Ads,Performance_Shopping,154,93,107,38,9,306,11010
2023-04-22,Google Ads,Remarketing_Display,96,40,64,27,5,236,9200
2023-04-22,Google Ads,Lead_Generation,220,130,138,74,8,445,16100
2023-04-22,Google Ads,Display_Generico,383,231,265,97,21,763,27420
2023-04-22,Google Ads,Video_Awareness_Amplo,391,233,255,112,24,786,28360
2023-04-22,Meta Ads,Performance_Search,257,154,171,72,14,514,18530
2023-04-22,Meta Ads,Performance_Shopping,263,156,166,85,12,530,19170
2023-04-22,Meta Ads,Remarketing_Display,103,42,65,31,7,255,9990
2023-04-22,Meta Ads,Lead_Generation,271,162,183,72,16,543,19590
2023-04-22,Meta Ads,Display_Generico,412,244,259,135,18,832,30080
2023-04-22,Meta Ads,Video_Awareness_Amplo,377,225,249,103,25,757,27300
2023-04-22,TikTok Ads,Performance_Search,599,362,418,153,28,1191,42790
2023-04-22,TikTok Ads,Performance_Shopping,451,269,294,135,22,906,32680
2023-04-22,TikTok Ads,Remarketing_Display,234,96,144,80,10,579,22620
2023-04-22,TikTok Ads,Lead_Generation,538,321,353,153,32,1080,38970
2023-04-22,TikTok Ads,Display_Generico,677,406,452,191,34,1354,48770
2023-04-22,TikTok Ads,Video_Awareness_Amplo,760,459,529,202,29,1512,54330
2023-04-23,Google Ads,Performance_Search,322,187,179,129,14,659,23990
2023-04-23,Google Ads,Performance_Shopping,184,110,122,55,7,369,13300
2023-04-23,Google Ads,Remarketing_Display,91,37,52,30,9,226,8840
2023-04-23,Google Ads,Lead_Generation,200,118,121,64,15,405,14660
2023-04-23,Google Ads,Display_Generico,319,189,200,104,15,644,23280
2023-04-23,Google Ads,Video_Awareness_Amplo,358,213,228,102,28,720,26010
2023-04-23,Meta Ads,Performance_Search,155,92,99,47,9,312,11290
2023-04-23,Meta Ads,Performance_Shopping,282,167,179,86,17,569,20590
2023-04-23,Meta Ads,Remarketing_Display,90,36,52,35,3,225,8820
2023-04-23,Meta Ads,Lead_Generation,314,190,226,73,15,624,22400
2023-04-23,Meta Ads,Display_Generico,499,298,327,144,28,1001,36110
2023-04-23,Meta Ads,Video_Awareness_Amplo,486,288,306,154,26,981,35460
2023-04-23,TikTok Ads,Performance_Search,555,331,358,169,28,1115,40220
2023-04-23,TikTok Ads,Performance_Shopping,494,296,332,139,23,989,35620
2023-04-23,TikTok Ads,Remarketing_Display,151,62,99,42,10,373,14590
2023-04-23,TikTok Ads,Lead_Generation,381,230,264,101,16,758,27250
2023-04-23,TikTok Ads,Display_Generico,848,503,529,282,37,1710,61810
2023-04-23,TikTok Ads,Video_Awareness_Amplo,873,519,553,278,42,1758,63480
2023-04-24,Google Ads,Performance_Search,252,149,154,84,14,509,18430
2023-04-24,Google Ads,Performance_Shopping,191,114,124,56,11,383,13830
2023-04-24,Google Ads,Remarketing_Display,189,78,119,57,13,466,18210
2023-04-24,Google Ads,Lead_Generation,273,163,183,77,13,548,19760
2023-04-24,Google Ads,Display_Generico,330,198,223,92,15,660,23760
2023-04-24,Google Ads,Video_Awareness_Amplo,598,356,383,184,31,1203,43420
2023-04-24,Meta Ads,Performance_Search,655,391,424,196,35,1315,47420
2023-04-24,Meta Ads,Performance_Shopping,395,236,260,116,19,792,28570
2023-04-24,Meta Ads,Remarketing_Display,193,79,117,65,11,478,18680
2023-04-24,Meta Ads,Lead_Generation,430,257,280,131,19,862,31090
2023-04-24,Meta Ads,Display_Generico,529,313,326,171,32,1069,38660
2023-04-24,Meta Ads,Video_Awareness_Amplo,518,306,318,172,28,1048,37920
2023-04-24,TikTok Ads,Performance_Search,573,338,344,201,28,1160,42010
2023-04-24,TikTok Ads,Performance_Shopping,631,378,419,176,36,1263,45510
2023-04-24,TikTok Ads,Remarketing_Display,252,105,172,73,7,619,24150
2023-04-24,TikTok Ads,Lead_Generation,737,439,472,225,40,1482,53480
2023-04-24,TikTok Ads,Display_Generico,815,483,509,263,43,1645,59460
2023-04-24,TikTok Ads,Video_Awareness_Amplo,1163,687,704,407,52,2353,85140
2023-04-25,Google Ads,Performance_Search,283,167,172,92,19,573,20740
2023-04-25,Google Ads,Performance_Shopping,165,98,106,55,4,332,12010
2023-04-25,Google Ads,Remarketing_Display,136,56,92,36,8,336,13120
2023-04-25,Google Ads,Lead_Generation,432,258,282,128,22,867,31260
2023-04-25,Google Ads,Display_Generico,454,270,287,127,40,914,33000
2023-04-25,Google Ads,Video_Awareness_Amplo,499,298,327,144,28,1001,36110
2023-04-25,Meta Ads,Performance_Search,526,314,345,149,32,1056,38080
2023-04-25,Meta Ads,Performance_Shopping,453,269,289,139,25,913,32980
2023-04-25,Meta Ads,Remarketing_Display,198,82,133,51,14,488,19040
2023-04-25,Meta Ads,Lead_Generation,357,211,222,116,19,722,26120
2023-04-25,Meta Ads,Display_Generico,793,474,520,236,37,1590,57330
2023-04-25,Meta Ads,Video_Awareness_Amplo,449,269,298,124,27,899,32380
2023-04-25,TikTok Ads,Performance_Search,447,267,295,129,23,897,32340
2023-04-25,TikTok Ads,Performance_Shopping,439,261,282,138,19,884,31920
2023-04-25,TikTok Ads,Remarketing_Display,382,158,248,115,19,942,36760
2023-04-25,TikTok Ads,Lead_Generation,665,396,429,209,27,1337,48270
2023-04-25,TikTok Ads,Display_Generico,718,424,438,237,43,1453,52580
2023-04-25,TikTok Ads,Video_Awareness_Amplo,1024,608,644,335,45,2064,74560
2023-04-26,Google Ads,Performance_Search,248,148,163,70,15,498,17960
2023-04-26,Google Ads,Performance_Shopping,308,185,213,83,12,615,22150
2023-04-26,Google Ads,Remarketing_Display,93,39,68,22,3,228,8880
2023-04-26,Google Ads,Lead_Generation,211,126,140,63,8,423,15270
2023-04-26,Google Ads,Display_Generico,492,295,327,137,28,984,35450
2023-04-26,Google Ads,Video_Awareness_Amplo,642,383,414,200,28,1289,46510
2023-04-26,Meta Ads,Performance_Search,274,162,171,86,17,554,20040
2023-04-26,Meta Ads,Performance_Shopping,386,230,248,121,17,776,28000
2023-04-26,Meta Ads,Remarketing_Display,123,51,83,34,6,303,11820
2023-04-26,Meta Ads,Lead_Generation,510,302,318,172,20,1030,37240
2023-04-26,Meta Ads,Display_Generico,528,316,349,159,20,1058,38120
2023-04-26,Meta Ads,Video_Awareness_Amplo,493,297,338,135,20,983,35340
2023-04-26,TikTok Ads,Performance_Search,811,484,527,238,46,1628,58730
2023-04-26,TikTok Ads,Performance_Shopping,836,498,534,271,31,1681,60660
2023-04-26,TikTok Ads,Remarketing_Display,350,145,231,104,15,862,33650
2023-04-26,TikTok Ads,Lead_Generation,838,502,554,248,36,1678,60440
2023-04-26,TikTok Ads,Display_Generico,1339,805,907,368,64,2674,96200
2023-04-26,TikTok Ads,Video_Awareness_Amplo,975,589,677,264,34,1940,69680
2023-04-27,Google Ads,Performance_Search,374,224,248,110,16,749,26980
2023-04-27,Google Ads,Performance_Shopping,247,148,166,73,8,494,17810
2023-04-27,Google Ads,Remarketing_Display,176,73,120,49,7,433,16910
2023-04-27,Google Ads,Lead_Generation,297,177,191,98,8,597,21540
2023-04-27,Google Ads,Display_Generico,606,364,413,165,28,1211,43580
2023-04-27,Google Ads,Video_Awareness_Amplo,437,261,286,115,36,877,31620
2023-04-27,Meta Ads,Performance_Search,313,186,197,100,16,630,22770
2023-04-27,Meta Ads,Performance_Shopping,479,283,294,144,41,969,35060
2023-04-27,Meta Ads,Remarketing_Display,147,61,97,42,8,362,14120
2023-04-27,Meta Ads,Lead_Generation,517,309,340,153,24,1037,37380
2023-04-27,Meta Ads,Display_Generico,845,501,524,273,48,1705,61620
2023-04-27,Meta Ads,Video_Awareness_Amplo,761,455,497,227,37,1526,55000
2023-04-27,TikTok Ads,Performance_Search,583,344,355,198,30,1180,42730
2023-04-27,TikTok Ads,Performance_Shopping,674,406,464,172,38,1344,48320
2023-04-27,TikTok Ads,Remarketing_Display,288,118,180,88,20,713,27860
2023-04-27,TikTok Ads,Lead_Generation,544,326,362,156,26,1089,39220
2023-04-27,TikTok Ads,Display_Generico,1136,682,766,316,54,2271,81740
2023-04-27,TikTok Ads,Video_Awareness_Amplo,1145,683,742,336,67,2300,82960
2023-04-28,Google Ads,Performance_Search,212,126,135,67,10,427,15420
2023-04-28,Google Ads,Performance_Shopping,277,163,164,96,17,562,20360
2023-04-28,Google Ads,Remarketing_Display,84,35,56,23,5,206,8050
2023-04-28,Google Ads,Lead_Generation,332,199,221,96,15,664,23930
2023-04-28,Google Ads,Display_Generico,460,272,285,148,27,930,33640
2023-04-28,Google Ads,Video_Awareness_Amplo,367,219,239,109,19,737,26580
2023-04-28,Meta Ads,Performance_Search,259,155,171,80,8,519,18700
2023-04-28,Meta Ads,Performance_Shopping,486,287,297,147,42,983,35590
2023-04-28,Meta Ads,Remarketing_Display,212,89,149,59,4,519,20230
2023-04-28,Meta Ads,Lead_Generation,575,345,384,163,28,1150,41400
2023-04-28,Meta Ads,Display_Generico,946,563,602,294,50,1903,68710
2023-04-28,Meta Ads,Video_Awareness_Amplo,701,420,467,205,29,1403,50550
2023-04-28,TikTok Ads,Performance_Search,679,409,466,176,37,1354,48680
2023-04-28,TikTok Ads,Performance_Shopping,385,228,242,124,19,777,28110
2023-04-28,TikTok Ads,Remarketing_Display,183,75,118,51,14,453,17700
2023-04-28,TikTok Ads,Lead_Generation,711,426,470,210,31,1423,51270
2023-04-28,TikTok Ads,Display_Generico,909,544,598,259,52,1821,65630
2023-04-28,TikTok Ads,Video_Awareness_Amplo,972,580,627,296,49,1952,70400
2023-04-29,Google Ads,Performance_Search,288,172,187,81,20,578,20840
2023-04-29,Google Ads,Performance_Shopping,186,109,113,62,11,378,13730
2023-04-29,Google Ads,Remarketing_Display,61,25,39,19,3,151,5900
2023-04-29,Google Ads,Lead_Generation,269,160,174,81,14,541,19550
2023-04-29,Google Ads,Display_Generico,372,223,252,94,26,744,26810
2023-04-29,Google Ads,Video_Awareness_Amplo,394,233,243,134,17,796,28810
2023-04-29,Meta Ads,Performance_Search,276,165,180,81,15,553,19950
2023-04-29,Meta Ads,Performance_Shopping,322,191,203,97,22,649,23470
2023-04-29,Meta Ads,Remarketing_Display,124,51,81,36,7,306,11970
2023-04-29,Meta Ads,Lead_Generation,266,161,192,62,12,528,18970
2023-04-29,Meta Ads,Display_Generico,334,200,224,99,11,669,24100
2023-04-29,Meta Ads,Video_Awareness_Amplo,450,268,290,139,21,905,32660
2023-04-29,TikTok Ads,Performance_Search,388,232,257,109,22,778,28040
2023-04-29,TikTok Ads,Performance_Shopping,412,246,271,125,16,827,29820
2023-04-29,TikTok Ads,Remarketing_Display,187,77,123,52,12,462,18040
2023-04-29,TikTok Ads,Lead_Generation,267,161,184,70,13,532,19120
2023-04-29,TikTok Ads,Display_Generico,519,310,340,156,23,1041,37550
2023-04-29,TikTok Ads,Video_Awareness_Amplo,662,397,446,192,24,1324,47690
2023-04-30,Google Ads,Performance_Search,193,115,128,54,11,388,14000
2023-04-30,Google Ads,Performance_Shopping,176,106,121,51,4,351,12620
2023-04-30,Google Ads,Remarketing_Display,99,40,63,26,10,246,9650
2023-04-30,Google Ads,Lead_Generation,153,92,106,39,8,305,10990
2023-04-30,Google Ads,Display_Generico,330,197,217,104,9,662,23890
2023-04-30,Google Ads,Video_Awareness_Amplo,314,191,233,75,6,621,22270
2023-04-30,Meta Ads,Performance_Search,224,133,141,77,6,451,16310
2023-04-30,Meta Ads,Performance_Shopping,294,173,179,98,17,596,21610
2023-04-30,Meta Ads,Remarketing_Display,109,44,67,32,10,271,10630
2023-04-30,Meta Ads,Lead_Generation,259,155,174,71,14,519,18700
2023-04-30,Meta Ads,Display_Generico,441,262,283,130,28,888,32090
2023-04-30,Meta Ads,Video_Awareness_Amplo,648,388,431,201,16,1298,46760
2023-04-30,TikTok Ads,Performance_Search,643,384,421,186,36,1290,46530
2023-04-30,TikTok Ads,Performance_Shopping,628,372,392,201,35,1268,45840
2023-04-30,TikTok Ads,Remarketing_Display,121,49,76,39,6,301,11780
2023-04-30,TikTok Ads,Lead_Generation,328,196,214,95,19,658,23720
2023-04-30,TikTok Ads,Display_Generico,507,303,336,149,22,1017,36660
2023-04-30,TikTok Ads,Video_Awareness_Amplo,828,492,526,263,39,1668,60240
2023-05-01,Google Ads,Performance_Search,405,241,258,119,28,815,29420
2023-05-01,Google Ads,Performance_Shopping,329,197,220,91,18,659,23740
2023-05-01,Google Ads,Remarketing_Display,161,66,106,46,9,398,15570
2023-05-01,Google Ads,Lead_Generation,231,138,152,67,12,463,16710
2023-05-01,Google Ads,Display_Generico,544,327,367,154,23,1086,39090
2023-05-01,Google Ads,Video_Awareness_Amplo,539,322,353,156,30,1081,38990
2023-05-01,Meta Ads,Performance_Search,466,276,293,150,23,941,34020
2023-05-01,Meta Ads,Performance_Shopping,311,186,205,94,12,623,22470
2023-05-01,Meta Ads,Remarketing_Display,197,81,129,60,8,487,19020
2023-05-01,Meta Ads,Lead_Generation,303,182,206,79,18,605,21790
2023-05-01,Meta Ads,Display_Generico,476,287,329,128,19,948,34090
2023-05-01,Meta Ads,Video_Awareness_Amplo,641,382,412,190,39,1288,46490
2023-05-01,TikTok Ads,Performance_Search,553,330,362,171,20,1110,40050
2023-05-01,TikTok Ads,Performance_Shopping,565,339,380,165,20,1130,40680
2023-05-01,TikTok Ads,Remarketing_Display,365,151,241,101,23,900,35120
2023-05-01,TikTok Ads,Lead_Generation,869,523,591,236,42,1734,62360
2023-05-01,TikTok Ads,Display_Generico,951,566,607,285,59,1913,69070
2023-05-01,TikTok Ads,Video_Awareness_Amplo,781,466,506,231,44,1568,56570
2023-05-02,Google Ads,Performance_Search,369,218,226,129,14,746,27010
2023-05-02,Google Ads,Performance_Shopping,318,191,216,82,20,635,22870
2023-05-02,Google Ads,Remarketing_Display,110,45,71,31,8,272,10650
2023-05-02,Google Ads,Lead_Generation,402,239,255,121,26,809,29230
2023-05-02,Google Ads,Display_Generico,474,283,310,147,17,951,34310
2023-05-02,Google Ads,Video_Awareness_Amplo,436,257,266,147,23,883,31990
2023-05-02,Meta Ads,Performance_Search,443,264,288,137,18,890,32130
2023-05-02,Meta Ads,Performance_Shopping,478,289,334,123,21,950,34130
2023-05-02,Meta Ads,Remarketing_Display,182,75,113,57,12,449,17550
2023-05-02,Meta Ads,Lead_Generation,312,185,194,98,20,629,22750
2023-05-02,Meta Ads,Display_Generico,691,416,471,184,36,1378,49570
2023-05-02,Meta Ads,Video_Awareness_Amplo,636,379,409,203,24,1278,46130
2023-05-02,TikTok Ads,Performance_Search,391,233,255,121,15,786,28360
2023-05-02,TikTok Ads,Performance_Shopping,455,273,309,123,23,910,32760
2023-05-02,TikTok Ads,Remarketing_Display,275,114,182,85,8,677,26430
2023-05-02,TikTok Ads,Lead_Generation,681,400,402,232,47,1383,50150
2023-05-02,TikTok Ads,Display_Generico,1553,926,1001,482,70,3120,112570
2023-05-02,TikTok Ads,Video_Awareness_Amplo,817,488,534,246,37,1639,59110
2023-05-03,Google Ads,Performance_Search,342,203,216,104,22,689,24910
2023-05-03,Google Ads,Performance_Shopping,194,115,122,62,10,391,14150
2023-05-03,Google Ads,Remarketing_Display,95,39,63,28,4,235,9180
2023-05-03,Google Ads,Lead_Generation,221,132,144,65,12,443,15990
2023-05-03,Google Ads,Display_Generico,645,385,418,202,25,1295,46700
2023-05-03,Google Ads,Video_Awareness_Amplo,537,321,350,158,29,1077,38820
2023-05-03,Meta Ads,Performance_Search,279,166,180,77,22,561,20270
2023-05-03,Meta Ads,Performance_Shopping,598,355,375,191,32,1205,43550
2023-05-03,Meta Ads,Remarketing_Display,207,87,150,49,8,507,19740
2023-05-03,Meta Ads,Lead_Generation,268,158,161,87,20,543,19660
2023-05-03,Meta Ads,Display_Generico,972,580,630,285,57,1952,70400
2023-05-03,Meta Ads,Video_Awareness_Amplo,703,421,465,199,39,1408,50720
2023-05-03,TikTok Ads,Performance_Search,747,444,473,236,38,1504,54330
2023-05-03,TikTok Ads,Performance_Shopping,642,384,426,187,29,1287,46380
2023-05-03,TikTok Ads,Remarketing_Display,275,114,186,72,17,677,26430
2023-05-03,TikTok Ads,Lead_Generation,358,214,235,105,18,718,25880
2023-05-03,TikTok Ads,Display_Generico,1189,707,754,383,52,2394,86440
2023-05-03,TikTok Ads,Video_Awareness_Amplo,715,425,455,214,46,1440,52000
2023-05-04,Google Ads,Performance_Search,253,150,158,85,10,510,18450
2023-05-04,Google Ads,Performance_Shopping,292,177,212,68,12,579,20790
2023-05-04,Google Ads,Remarketing_Display,88,36,58,27,3,218,8520
2023-05-04,Google Ads,Lead_Generation,371,223,255,105,11,741,26660
2023-05-04,Google Ads,Display_Generico,615,367,397,192,26,1235,44540
2023-05-04,Google Ads,Video_Awareness_Amplo,408,245,278,118,12,815,29350
2023-05-04,Meta Ads,Performance_Search,473,281,298,149,26,953,34420
2023-05-04,Meta Ads,Performance_Shopping,536,318,334,178,24,1081,39060
2023-05-04,Meta Ads,Remarketing_Display,182,75,117,57,8,449,17550
2023-05-04,Meta Ads,Lead_Generation,646,388,436,186,24,1291,46460
2023-05-04,Meta Ads,Display_Generico,631,374,395,202,34,1273,46030
2023-05-04,Meta Ads,Video_Awareness_Amplo,650,389,427,193,30,1302,46930
2023-05-04,TikTok Ads,Performance_Search,679,404,436,205,38,1366,49330
2023-05-04,TikTok Ads,Performance_Shopping,662,395,428,206,28,1329,47950
2023-05-04,TikTok Ads,Remarketing_Display,365,151,237,111,17,900,35120
2023-05-04,TikTok Ads,Lead_Generation,643,382,407,208,28,1295,46790
2023-05-04,TikTok Ads,Display_Generico,1230,733,789,381,60,2472,89210
2023-05-04,TikTok Ads,Video_Awareness_Amplo,826,493,534,244,48,1658,59810
2023-05-05,Google Ads,Performance_Search,203,122,141,56,6,405,14590
2023-05-05,Google Ads,Performance_Shopping,227,135,146,71,10,457,16500
2023-05-05,Google Ads,Remarketing_Display,94,39,69,21,4,231,9030
2023-05-05,Google Ads,Lead_Generation,311,186,204,95,12,623,22470
2023-05-05,Google Ads,Display_Generico,423,254,286,114,23,845,30430
2023-05-05,Google Ads,Video_Awareness_Amplo,440,262,286,131,23,885,31940
2023-05-05,Meta Ads,Performance_Search,252,150,166,67,19,507,18300
2023-05-05,Meta Ads,Performance_Shopping,475,283,309,150,16,955,34460
2023-05-05,Meta Ads,Remarketing_Display,158,66,112,37,9,388,15120
2023-05-05,Meta Ads,Lead_Generation,440,262,285,125,30,885,31940
2023-05-05,Meta Ads,Display_Generico,861,515,568,240,53,1726,62200
2023-05-05,Meta Ads,Video_Awareness_Amplo,702,420,463,195,44,1407,50700
2023-05-05,TikTok Ads,Performance_Search,541,321,341,167,33,1091,39420
2023-05-05,TikTok Ads,Performance_Shopping,797,476,520,237,40,1599,57670
2023-05-05,TikTok Ads,Remarketing_Display,178,74,117,54,7,438,17080
2023-05-05,TikTok Ads,Lead_Generation,870,517,551,284,35,1752,63290
2023-05-05,TikTok Ads,Display_Generico,1011,601,642,300,69,2036,73520
2023-05-05,TikTok Ads,Video_Awareness_Amplo,782,464,492,246,44,1577,56980
2023-05-06,Google Ads,Performance_Search,276,163,172,87,17,558,20210
2023-05-06,Google Ads,Performance_Shopping,227,135,147,68,12,457,16500
2023-05-06,Google Ads,Remarketing_Display,85,35,55,25,5,210,8200
2023-05-06,Google Ads,Lead_Generation,152,89,91,55,6,309,11230
2023-05-06,Google Ads,Display_Generico,249,148,159,79,11,501,18110
2023-05-06,Google Ads,Video_Awareness_Amplo,264,157,173,78,13,531,19190
2023-05-06,Meta Ads,Performance_Search,304,182,200,92,12,609,21940
2023-05-06,Meta Ads,Performance_Shopping,394,237,267,113,14,786,28290
2023-05-06,Meta Ads,Remarketing_Display,103,42,66,30,7,255,9990
2023-05-06,Meta Ads,Lead_Generation,184,111,127,49,8,366,13170
2023-05-06,Meta Ads,Display_Generico,396,235,249,133,14,798,28850
2023-05-06,Meta Ads,Video_Awareness_Amplo,529,316,348,153,28,1061,38270
2023-05-06,TikTok Ads,Performance_Search,620,371,407,186,27,1242,44770
2023-05-06,TikTok Ads,Performance_Shopping,280,165,169,95,16,567,20550
2023-05-06,TikTok Ads,Remarketing_Display,254,105,161,80,13,626,24450
2023-05-06,TikTok Ads,Lead_Generation,534,318,345,172,17,1074,38760
2023-05-06,TikTok Ads,Display_Generico,735,440,488,211,36,1472,53050
2023-05-06,TikTok Ads,Video_Awareness_Amplo,564,335,357,170,37,1136,41050
2023-05-07,Google Ads,Performance_Search,202,120,131,64,7,407,14700
2023-05-07,Google Ads,Performance_Shopping,237,141,150,77,10,477,17220
2023-05-07,Google Ads,Remarketing_Display,81,34,57,21,3,198,7730
2023-05-07,Google Ads,Lead_Generation,179,106,113,55,11,361,13070
2023-05-07,Google Ads,Display_Generico,287,170,181,92,14,579,20950
2023-05-07,Google Ads,Video_Awareness_Amplo,341,204,225,96,20,683,24630
2023-05-07,Meta Ads,Performance_Search,264,158,175,76,13,529,19060
2023-05-07,Meta Ads,Performance_Shopping,288,172,187,86,15,578,20840
2023-05-07,Meta Ads,Remarketing_Display,99,41,65,29,5,244,9520
2023-05-07,Meta Ads,Lead_Generation,206,122,133,64,9,416,15040
2023-05-07,Meta Ads,Display_Generico,480,285,305,135,40,967,34950
2023-05-07,Meta Ads,Video_Awareness_Amplo,446,265,283,142,21,898,32450
2023-05-07,TikTok Ads,Performance_Search,555,331,363,161,31,1115,40220
2023-05-07,TikTok Ads,Performance_Shopping,371,220,230,110,31,748,27050
2023-05-07,TikTok Ads,Remarketing_Display,194,81,134,52,8,476,18570
2023-05-07,TikTok Ads,Lead_Generation,456,273,302,135,19,913,32910
2023-05-07,TikTok Ads,Display_Generico,803,477,509,235,59,1618,58440
2023-05-07,TikTok Ads,Video_Awareness_Amplo,727,431,454,235,38,1467,53020
2023-05-08,Google Ads,Performance_Search,369,219,232,107,30,744,26880
2023-05-08,Google Ads,Performance_Shopping,281,167,183,83,15,566,20440
2023-05-08,Google Ads,Remarketing_Display,99,40,58,30,11,246,9650
2023-05-08,Google Ads,Lead_Generation,432,260,299,113,20,862,31000
2023-05-08,Google Ads,Display_Generico,623,372,405,189,29,1250,45090
2023-05-08,Google Ads,Video_Awareness_Amplo,607,366,417,167,23,1209,43470
2023-05-08,Meta Ads,Performance_Search,384,228,246,121,17,774,27960
2023-05-08,Meta Ads,Performance_Shopping,301,182,210,73,18,598,21490
2023-05-08,Meta Ads,Remarketing_Display,144,60,96,41,7,354,13800
2023-05-08,Meta Ads,Lead_Generation,435,259,281,131,23,875,31580
2023-05-08,Meta Ads,Display_Generico,792,473,514,230,48,1589,57310
2023-05-08,Meta Ads,Video_Awareness_Amplo,905,540,584,278,43,1817,65550
2023-05-08,TikTok Ads,Performance_Search,880,526,575,263,42,1765,63620
2023-05-08,TikTok Ads,Performance_Shopping,723,430,462,213,48,1455,52550
2023-05-08,TikTok Ads,Remarketing_Display,364,151,245,103,16,896,34970
2023-05-08,TikTok Ads,Lead_Generation,1037,619,670,319,48,2082,75080
2023-05-08,TikTok Ads,Display_Generico,1274,763,841,357,76,2551,91910
2023-05-08,TikTok Ads,Video_Awareness_Amplo,788,471,514,233,41,1580,56970
2023-05-09,Google Ads,Performance_Search,298,178,198,88,12,598,21560
2023-05-09,Google Ads,Performance_Shopping,198,117,124,60,14,400,14490
2023-05-09,Google Ads,Remarketing_Display,167,69,113,45,9,412,16080
2023-05-09,Google Ads,Lead_Generation,268,159,170,82,16,540,19530
2023-05-09,Google Ads,Display_Generico,688,409,436,222,30,1385,50030
2023-05-09,Google Ads,Video_Awareness_Amplo,391,231,243,125,23,791,28620
2023-05-09,Meta Ads,Performance_Search,357,213,230,104,23,717,25860
2023-05-09,Meta Ads,Performance_Shopping,383,229,256,106,21,768,27680
2023-05-09,Meta Ads,Remarketing_Display,152,62,97,46,9,377,14740
2023-05-09,Meta Ads,Lead_Generation,374,223,243,115,16,751,27110
2023-05-09,Meta Ads,Display_Generico,619,368,395,201,23,1246,45010
2023-05-09,Meta Ads,Video_Awareness_Amplo,719,430,470,211,38,1441,51950
2023-05-09,TikTok Ads,Performance_Search,939,561,616,271,52,1884,67920
2023-05-09,TikTok Ads,Performance_Shopping,465,277,297,142,26,935,33740
2023-05-09,TikTok Ads,Remarketing_Display,314,130,206,88,20,774,30200
2023-05-09,TikTok Ads,Lead_Generation,541,324,359,161,21,1083,39030
2023-05-09,TikTok Ads,Display_Generico,977,584,641,284,52,1959,70630
2023-05-09,TikTok Ads,Video_Awareness_Amplo,1290,768,822,397,71,2595,93660
2023-05-10,Google Ads,Performance_Search,294,176,195,82,17,589,21220
2023-05-10,Google Ads,Performance_Shopping,333,197,207,111,15,673,24340
2023-05-10,Google Ads,Remarketing_Display,160,66,107,45,8,395,15420
2023-05-10,Google Ads,Lead_Generation,250,148,159,75,16,505,18260
2023-05-10,Google Ads,Display_Generico,620,372,416,177,27,1240,44640
2023-05-10,Google Ads,Video_Awareness_Amplo,432,258,283,129,20,867,31260
2023-05-10,Meta Ads,Performance_Search,547,327,363,168,16,1097,39540
2023-05-10,Meta Ads,Performance_Shopping,555,334,377,161,17,1107,39830
2023-05-10,Meta Ads,Remarketing_Display,142,59,99,36,7,349,13630
2023-05-10,Meta Ads,Lead_Generation,303,179,185,97,21,613,22180
2023-05-10,Meta Ads,Display_Generico,627,372,394,197,36,1264,45690
2023-05-10,Meta Ads,Video_Awareness_Amplo,671,403,450,185,36,1341,48260
2023-05-10,TikTok Ads,Performance_Search,659,395,438,189,32,1319,47500
2023-05-10,TikTok Ads,Performance_Shopping,716,426,458,205,53,1441,52020
2023-05-10,TikTok Ads,Remarketing_Display,173,71,111,56,6,428,16720
2023-05-10,TikTok Ads,Lead_Generation,666,396,426,212,28,1341,48420
2023-05-10,TikTok Ads,Display_Generico,1364,814,884,414,66,2739,98780
2023-05-10,TikTok Ads,Video_Awareness_Amplo,1446,866,955,426,65,2896,104320
2023-05-11,Google Ads,Performance_Search,308,182,189,106,13,623,22540
2023-05-11,Google Ads,Performance_Shopping,258,154,173,76,9,518,18680
2023-05-11,Google Ads,Remarketing_Display,165,67,100,50,15,410,16040
2023-05-11,Google Ads,Lead_Generation,186,113,135,44,7,368,13210
2023-05-11,Google Ads,Display_Generico,620,370,406,184,30,1245,44900
2023-05-11,Google Ads,Video_Awareness_Amplo,380,228,259,106,15,760,27360
2023-05-11,Meta Ads,Performance_Search,412,248,281,109,22,822,29560
2023-05-11,Meta Ads,Performance_Shopping,444,265,290,130,24,891,32150
2023-05-11,Meta Ads,Remarketing_Display,144,59,94,42,8,356,13930
2023-05-11,Meta Ads,Lead_Generation,244,149,181,54,9,481,17230
2023-05-11,Meta Ads,Display_Generico,845,500,520,279,46,1707,61750
2023-05-11,Meta Ads,Video_Awareness_Amplo,605,361,395,174,36,1215,43820
2023-05-11,TikTok Ads,Performance_Search,517,307,327,158,32,1042,37640
2023-05-11,TikTok Ads,Performance_Shopping,907,541,584,280,43,1822,65720
2023-05-11,TikTok Ads,Remarketing_Display,328,136,219,90,19,808,31520
2023-05-11,TikTok Ads,Lead_Generation,932,558,617,270,45,1867,67260
2023-05-11,TikTok Ads,Display_Generico,1350,807,885,387,78,2707,97590
2023-05-11,TikTok Ads,Video_Awareness_Amplo,995,592,632,306,57,2002,72290
2023-05-12,Google Ads,Performance_Search,401,238,255,124,22,808,29210
2023-05-12,Google Ads,Performance_Shopping,402,237,242,137,23,814,29490
2023-05-12,Google Ads,Remarketing_Display,112,46,70,32,10,277,10820
2023-05-12,Google Ads,Lead_Generation,337,200,212,105,20,679,24550
2023-05-12,Google Ads,Display_Generico,502,298,317,153,32,1012,36560
2023-05-12,Google Ads,Video_Awareness_Amplo,441,264,295,129,17,883,31830
2023-05-12,Meta Ads,Performance_Search,357,212,229,105,23,719,25990
2023-05-12,Meta Ads,Performance_Shopping,574,342,370,174,30,1154,41640
2023-05-12,Meta Ads,Remarketing_Display,215,89,140,59,16,530,20680
2023-05-12,Meta Ads,Lead_Generation,452,270,296,130,26,907,32700
2023-05-12,Meta Ads,Display_Generico,956,575,649,261,46,1908,68650
2023-05-12,Meta Ads,Video_Awareness_Amplo,833,494,523,261,49,1680,60730
2023-05-12,TikTok Ads,Performance_Search,456,275,318,114,24,908,32650
2023-05-12,TikTok Ads,Performance_Shopping,844,505,556,243,45,1691,60950
2023-05-12,TikTok Ads,Remarketing_Display,213,88,140,64,9,525,20510
2023-05-12,TikTok Ads,Lead_Generation,633,378,411,194,28,1270,45810
2023-05-12,TikTok Ads,Display_Generico,1148,684,735,348,65,2308,83280
2023-05-12,TikTok Ads,Video_Awareness_Amplo,1105,659,713,331,61,2220,80080
2023-05-13,Google Ads,Performance_Search,187,111,123,59,5,377,13620
2023-05-13,Google Ads,Performance_Shopping,182,109,121,48,13,364,13130
2023-05-13,Google Ads,Remarketing_Display,63,26,40,20,3,155,6070
2023-05-13,Google Ads,Lead_Generation,192,116,136,46,10,382,13720
2023-05-13,Google Ads,Display_Generico,286,170,180,95,11,576,20800
2023-05-13,Google Ads,Video_Awareness_Amplo,245,146,159,79,7,492,17770
2023-05-13,Meta Ads,Performance_Search,370,220,239,113,18,745,26900
2023-05-13,Meta Ads,Performance_Shopping,249,147,156,79,14,504,18240
2023-05-13,Meta Ads,Remarketing_Display,123,50,77,37,9,305,11950
2023-05-13,Meta Ads,Lead_Generation,210,125,138,66,6,422,15250
2023-05-13,Meta Ads,Display_Generico,460,272,284,152,24,930,33640
2023-05-13,Meta Ads,Video_Awareness_Amplo,407,244,275,118,14,814,29330
2023-05-13,TikTok Ads,Performance_Search,486,291,322,140,24,973,35070
2023-05-13,TikTok Ads,Performance_Shopping,280,167,184,80,16,562,20290
2023-05-13,TikTok Ads,Remarketing_Display,242,99,149,75,18,599,23430
2023-05-13,TikTok Ads,Lead_Generation,394,234,253,121,20,794,28680
2023-05-13,TikTok Ads,Display_Generico,648,385,407,201,40,1305,47150
2023-05-13,TikTok Ads,Video_Awareness_Amplo,591,351,370,192,29,1191,43020
2023-05-14,Google Ads,Performance_Search,242,146,168,60,14,482,17320
2023-05-14,Google Ads,Performance_Shopping,173,104,117,48,8,345,12430
2023-05-14,Google Ads,Remarketing_Display,113,45,64,45,4,283,11100
2023-05-14,Google Ads,Lead_Generation,165,99,113,47,5,330,11880
2023-05-14,Google Ads,Display_Generico,405,243,276,113,16,810,29160
2023-05-14,Google Ads,Video_Awareness_Amplo,346,205,214,114,18,698,25250
2023-05-14,Meta Ads,Performance_Search,158,95,110,42,6,315,11350
2023-05-14,Meta Ads,Performance_Shopping,294,176,195,85,14,589,21220
2023-05-14,Meta Ads,Remarketing_Display,96,39,62,26,8,238,9330
2023-05-14,Meta Ads,Lead_Generation,415,245,255,131,29,840,30400
2023-05-14,Meta Ads,Display_Generico,470,280,302,143,25,945,34100
2023-05-14,Meta Ads,Video_Awareness_Amplo,525,311,328,173,24,1060,38320
2023-05-14,TikTok Ads,Performance_Search,404,244,280,105,19,804,28880
2023-05-14,TikTok Ads,Performance_Shopping,269,161,182,68,19,539,19420
2023-05-14,TikTok Ads,Remarketing_Display,132,54,84,43,5,327,12780
2023-05-14,TikTok Ads,Lead_Generation,650,389,428,190,32,1302,46930
2023-05-14,TikTok Ads,Display_Generico,736,438,468,234,34,1481,53460
2023-05-14,TikTok Ads,Video_Awareness_Amplo,666,398,439,196,31,1336,48160
2023-05-15,Google Ads,Performance_Search,379,226,247,103,29,761,27470
2023-05-15,Google Ads,Performance_Shopping,277,166,188,81,8,554,19970
2023-05-15,Google Ads,Remarketing_Display,184,76,120,57,7,454,17720
2023-05-15,Google Ads,Lead_Generation,349,206,211,114,24,706,25570
2023-05-15,Google Ads,Display_Generico,426,253,272,134,20,858,31010
2023-05-15,Google Ads,Video_Awareness_Amplo,546,326,355,158,33,1096,39520
2023-05-15,Meta Ads,Performance_Search,412,246,272,114,26,827,29820
2023-05-15,Meta Ads,Performance_Shopping,638,379,404,211,23,1285,46430
2023-05-15,Meta Ads,Remarketing_Display,219,92,155,57,7,536,20890
2023-05-15,Meta Ads,Lead_Generation,450,269,296,126,28,902,32530
2023-05-15,Meta Ads,Display_Generico,661,396,438,194,29,1323,47670
2023-05-15,Meta Ads,Video_Awareness_Amplo,664,398,446,188,30,1329,47860
2023-05-15,TikTok Ads,Performance_Search,504,299,319,170,15,1016,36730
2023-05-15,TikTok Ads,Performance_Shopping,871,519,563,269,39,1751,63180
2023-05-15,TikTok Ads,Remarketing_Display,278,115,183,87,8,685,26750
2023-05-15,TikTok Ads,Lead_Generation,573,340,361,181,31,1155,41750
2023-05-15,TikTok Ads,Display_Generico,975,582,630,287,58,1957,70590
2023-05-15,TikTok Ads,Video_Awareness_Amplo,915,546,593,270,52,1837,66270
2023-05-16,Google Ads,Performance_Search,410,245,272,119,19,822,29650
2023-05-16,Google Ads,Performance_Shopping,199,118,125,58,16,401,14510
2023-05-16,Google Ads,Remarketing_Display,120,49,75,36,9,297,11630
2023-05-16,Google Ads,Lead_Generation,288,172,189,87,12,578,20840
2023-05-16,Google Ads,Display_Generico,639,382,423,189,27,1281,46190
2023-05-16,Google Ads,Video_Awareness_Amplo,406,242,261,126,19,816,29440
2023-05-16,Meta Ads,Performance_Search,346,209,242,90,14,688,24730
2023-05-16,Meta Ads,Performance_Shopping,245,147,169,66,10,490,17640
2023-05-16,Meta Ads,Remarketing_Display,169,69,101,58,10,419,16380
2023-05-16,Meta Ads,Lead_Generation,331,198,219,93,19,663,23910
2023-05-16,Meta Ads,Display_Generico,1000,597,651,308,41,2007,72390
2023-05-16,Meta Ads,Video_Awareness_Amplo,956,570,617,284,55,1921,69300
2023-05-16,TikTok Ads,Performance_Search,1059,636,712,296,51,2116,76170
2023-05-16,TikTok Ads,Performance_Shopping,461,274,294,146,21,928,33530
2023-05-16,TikTok Ads,Remarketing_Display,272,112,172,87,13,672,26240
2023-05-16,TikTok Ads,Lead_Generation,591,354,391,170,30,1183,42630
2023-05-16,TikTok Ads,Display_Generico,1108,662,726,324,58,2223,80140
2023-05-16,TikTok Ads,Video_Awareness_Amplo,1187,709,775,343,69,2382,85880
2023-05-17,Google Ads,Performance_Search,189,112,120,62,7,381,13790
2023-05-17,Google Ads,Performance_Shopping,435,257,264,152,19,880,31840
2023-05-17,Google Ads,Remarketing_Display,170,70,110,52,8,420,16400
2023-05-17,Google Ads,Lead_Generation,307,183,202,91,14,617,22260
2023-05-17,Google Ads,Display_Generico,661,398,450,175,36,1318,47410
2023-05-17,Google Ads,Video_Awareness_Amplo,403,242,272,122,9,805,28990
2023-05-17,Meta Ads,Performance_Search,482,288,318,145,19,967,34860
2023-05-17,Meta Ads,Performance_Shopping,466,278,302,140,24,936,33760
2023-05-17,Meta Ads,Remarketing_Display,175,71,106,56,13,435,17020
2023-05-17,Meta Ads,Lead_Generation,501,299,328,148,25,1006,36280
2023-05-17,Meta Ads,Display_Generico,517,310,344,145,28,1034,37250
2023-05-17,Meta Ads,Video_Awareness_Amplo,971,580,632,285,54,1948,70250
2023-05-17,TikTok Ads,Performance_Search,826,490,519,262,45,1666,60200
2023-05-17,TikTok Ads,Performance_Shopping,467,279,307,132,28,937,33780
2023-05-17,TikTok Ads,Remarketing_Display,299,123,189,95,15,739,28860
2023-05-17,TikTok Ads,Lead_Generation,394,235,256,122,16,791,28550
2023-05-17,TikTok Ads,Display_Generico,834,497,535,259,40,1676,60490
2023-05-17,TikTok Ads,Video_Awareness_Amplo,1299,773,826,410,63,2614,94360
2023-05-18,Google Ads,Performance_Search,427,256,285,130,12,854,30770
2023-05-18,Google Ads,Performance_Shopping,471,283,323,133,15,941,33860
2023-05-18,Google Ads,Remarketing_Display,123,51,86,27,10,303,11820
2023-05-18,Google Ads,Lead_Generation,206,121,123,72,11,418,15170
2023-05-18,Google Ads,Display_Generico,514,308,346,137,31,1029,37060
2023-05-18,Google Ads,Video_Awareness_Amplo,378,224,238,118,22,763,27580
2023-05-18,Meta Ads,Performance_Search,336,201,224,91,21,673,24270
2023-05-18,Meta Ads,Performance_Shopping,515,309,346,144,25,1030,37080
2023-05-18,Meta Ads,Remarketing_Display,206,85,134,58,14,508,19850
2023-05-18,Meta Ads,Lead_Generation,277,165,182,88,7,557,20100
2023-05-18,Meta Ads,Display_Generico,895,535,588,253,54,1795,64700
2023-05-18,Meta Ads,Video_Awareness_Amplo,655,389,411,213,31,1320,47680
2023-05-18,TikTok Ads,Performance_Search,411,246,273,124,14,823,29670
2023-05-18,TikTok Ads,Performance_Shopping,489,296,345,117,27,971,34870
2023-05-18,TikTok Ads,Remarketing_Display,219,90,139,60,20,541,21150
2023-05-18,TikTok Ads,Lead_Generation,749,450,504,215,30,1496,53850
2023-05-18,TikTok Ads,Display_Generico,1272,759,824,382,66,2554,92130
2023-05-18,TikTok Ads,Video_Awareness_Amplo,1047,625,682,308,57,2102,75800
2023-05-19,Google Ads,Performance_Search,298,178,197,80,21,598,21560
2023-05-19,Google Ads,Performance_Shopping,459,273,293,140,26,924,33360
2023-05-19,Google Ads,Remarketing_Display,128,52,76,44,8,318,12440
2023-05-19,Google Ads,Lead_Generation,336,201,226,97,13,673,24270
2023-05-19,Google Ads,Display_Generico,514,306,332,157,25,1034,37320
2023-05-19,Google Ads,Video_Awareness_Amplo,600,358,388,193,19,1205,43460
2023-05-19,Meta Ads,Performance_Search,474,284,315,139,20,949,34180
2023-05-19,Meta Ads,Performance_Shopping,454,271,295,144,15,911,32870
2023-05-19,Meta Ads,Remarketing_Display,233,96,149,73,11,575,22470
2023-05-19,Meta Ads,Lead_Generation,673,400,426,224,23,1355,48950
2023-05-19,Meta Ads,Display_Generico,702,417,440,234,28,1414,51090
2023-05-19,Meta Ads,Video_Awareness_Amplo,650,390,437,182,31,1300,46800
2023-05-19,TikTok Ads,Performance_Search,906,540,583,273,50,1821,65700
2023-05-19,TikTok Ads,Performance_Shopping,384,229,251,116,17,771,27830
2023-05-19,TikTok Ads,Remarketing_Display,265,110,173,82,10,652,25450
2023-05-19,TikTok Ads,Lead_Generation,843,502,542,262,39,1695,61190
2023-05-19,TikTok Ads,Display_Generico,1010,600,637,333,40,2035,73500
2023-05-19,TikTok Ads,Video_Awareness_Amplo,1038,620,677,308,53,2083,75100
2023-05-20,Google Ads,Performance_Search,231,138,155,69,7,463,16710
2023-05-20,Google Ads,Performance_Shopping,285,173,204,67,14,565,20260
2023-05-20,Google Ads,Remarketing_Display,59,24,40,14,5,146,5730
2023-05-20,Google Ads,Lead_Generation,164,98,111,48,5,329,11860
2023-05-20,Google Ads,Display_Generico,427,255,282,131,14,857,30900
2023-05-20,Google Ads,Video_Awareness_Amplo,357,216,250,91,16,709,25470
2023-05-20,Meta Ads,Performance_Search,369,220,238,116,15,741,26750
2023-05-20,Meta Ads,Performance_Shopping,421,253,285,119,17,841,30260
2023-05-20,Meta Ads,Remarketing_Display,169,70,112,48,9,416,16250
2023-05-20,Meta Ads,Lead_Generation,335,199,211,105,19,675,24380
2023-05-20,Meta Ads,Display_Generico,517,306,321,169,27,1044,37770
2023-05-20,Meta Ads,Video_Awareness_Amplo,590,350,367,191,32,1190,43000
2023-05-20,TikTok Ads,Performance_Search,374,224,253,105,16,749,26980
2023-05-20,TikTok Ads,Performance_Shopping,370,222,247,104,19,740,26640
2023-05-20,TikTok Ads,Remarketing_Display,142,58,83,50,9,352,13760
2023-05-20,TikTok Ads,Lead_Generation,395,234,246,129,20,797,28830
2023-05-20,TikTok Ads,Display_Generico,818,487,526,252,40,1645,59390
2023-05-20,TikTok Ads,Video_Awareness_Amplo,607,362,396,173,38,1219,43990
2023-05-21,Google Ads,Performance_Search,224,131,132,82,10,456,16570
2023-05-21,Google Ads,Performance_Shopping,117,70,77,36,4,234,8450
2023-05-21,Google Ads,Remarketing_Display,105,44,81,20,4,257,10030
2023-05-21,Google Ads,Lead_Generation,177,106,118,51,8,354,12770
2023-05-21,Google Ads,Display_Generico,346,208,239,91,16,691,24860
2023-05-21,Google Ads,Video_Awareness_Amplo,445,266,293,127,25,892,32170
2023-05-21,Meta Ads,Performance_Search,361,216,239,107,15,723,26070
2023-05-21,Meta Ads,Performance_Shopping,265,159,177,77,11,530,19080
2023-05-21,Meta Ads,Remarketing_Display,140,57,84,49,7,347,13590
2023-05-21,Meta Ads,Lead_Generation,182,107,110,61,11,369,13390
2023-05-21,Meta Ads,Display_Generico,361,214,227,115,19,728,26330
2023-05-21,Meta Ads,Video_Awareness_Amplo,334,198,212,104,18,674,24360
2023-05-21,TikTok Ads,Performance_Search,460,275,301,133,26,922,33250
2023-05-21,TikTok Ads,Performance_Shopping,495,296,329,147,19,992,35770
2023-05-21,TikTok Ads,Remarketing_Display,134,56,91,39,4,329,12820
2023-05-21,TikTok Ads,Lead_Generation,250,148,158,80,12,505,18260
2023-05-21,TikTok Ads,Display_Generico,734,438,476,223,35,1474,53160
2023-05-21,TikTok Ads,Video_Awareness_Amplo,848,508,563,236,49,1698,61160
2023-05-22,Google Ads,Performance_Search,285,169,182,93,10,575,20780
2023-05-22,Google Ads,Performance_Shopping,268,159,172,84,12,540,19530
2023-05-22,Google Ads,Remarketing_Display,136,56,90,39,7,336,13120
2023-05-22,Google Ads,Lead_Generation,442,264,291,134,17,887,31980
2023-05-22,Google Ads,Display_Generico,536,320,351,160,25,1076,38800
2023-05-22,Google Ads,Video_Awareness_Amplo,577,345,379,167,31,1157,41700
2023-05-22,Meta Ads,Performance_Search,551,329,357,166,28,1106,39880
2023-05-22,Meta Ads,Performance_Shopping,513,308,347,146,20,1025,36910
2023-05-22,Meta Ads,Remarketing_Display,207,86,136,57,14,509,19870
2023-05-22,Meta Ads,Lead_Generation,351,207,215,118,18,711,25740
2023-05-22,Meta Ads,Display_Generico,490,290,301,162,27,990,35800
2023-05-22,Meta Ads,Video_Awareness_Amplo,743,444,486,225,32,1490,53730
2023-05-22,TikTok Ads,Performance_Search,698,417,455,207,36,1400,50490
2023-05-22,TikTok Ads,Performance_Shopping,518,307,325,170,23,1045,37790
2023-05-22,TikTok Ads,Remarketing_Display,181,75,117,54,10,446,17400
2023-05-22,TikTok Ads,Lead_Generation,424,254,283,123,18,849,30580
2023-05-22,TikTok Ads,Display_Generico,1185,705,751,358,76,2385,86100
2023-05-22,TikTok Ads,Video_Awareness_Amplo,1115,666,727,332,56,2237,80670
2023-05-23,Google Ads,Performance_Search,188,111,118,58,12,380,13770
2023-05-23,Google Ads,Performance_Shopping,238,142,158,68,12,478,17240
2023-05-23,Google Ads,Remarketing_Display,174,71,102,57,15,431,16870
2023-05-23,Google Ads,Lead_Generation,399,240,274,109,16,796,28650
2023-05-23,Google Ads,Display_Generico,567,342,395,142,30,1129,40590
2023-05-23,Google Ads,Video_Awareness_Amplo,406,242,262,123,21,816,29440
2023-05-23,Meta Ads,Performance_Search,674,401,431,208,35,1356,48970
2023-05-23,Meta Ads,Performance_Shopping,274,164,181,80,13,549,19780
2023-05-23,Meta Ads,Remarketing_Display,203,84,139,51,13,500,19530
2023-05-23,Meta Ads,Lead_Generation,495,297,336,135,24,990,35640
2023-05-23,Meta Ads,Display_Generico,909,541,581,279,49,1829,66020
2023-05-23,Meta Ads,Video_Awareness_Amplo,634,380,420,180,34,1269,45700
2023-05-23,TikTok Ads,Performance_Search,970,579,628,292,50,1947,70230
2023-05-23,TikTok Ads,Performance_Shopping,722,430,464,230,28,1452,52400
2023-05-23,TikTok Ads,Remarketing_Display,286,118,185,91,10,706,27560
2023-05-23,TikTok Ads,Lead_Generation,500,297,319,158,23,1007,36390
2023-05-23,TikTok Ads,Display_Generico,1268,757,825,384,59,2545,91790
2023-05-23,TikTok Ads,Video_Awareness_Amplo,897,534,576,280,41,1804,65130
2023-05-24,Google Ads,Performance_Search,436,263,301,109,26,868,31210
2023-05-24,Google Ads,Performance_Shopping,395,235,251,126,18,795,28700
2023-05-24,Google Ads,Remarketing_Display,104,43,69,26,9,256,10010
2023-05-24,Google Ads,Lead_Generation,434,259,281,132,21,871,31430
2023-05-24,Google Ads,Display_Generico,695,412,432,231,32,1402,50690
2023-05-24,Google Ads,Video_Awareness_Amplo,570,342,381,154,35,1140,41040
2023-05-24,Meta Ads,Performance_Search,461,276,306,133,22,923,33270
2023-05-24,Meta Ads,Performance_Shopping,352,210,228,101,23,707,25500
2023-05-24,Meta Ads,Remarketing_Display,168,69,103,56,9,415,16230
2023-05-24,Meta Ads,Lead_Generation,271,163,188,74,9,541,19460
2023-05-24,Meta Ads,Display_Generico,631,377,411,189,31,1266,45640
2023-05-24,Meta Ads,Video_Awareness_Amplo,551,329,357,169,25,1106,39880
2023-05-24,TikTok Ads,Performance_Search,934,560,621,271,42,1869,67300
2023-05-24,TikTok Ads,Performance_Shopping,682,409,458,182,42,1364,49130
2023-05-24,TikTok Ads,Remarketing_Display,191,78,121,61,9,473,18510
2023-05-24,TikTok Ads,Lead_Generation,834,496,532,252,50,1679,60620
2023-05-24,TikTok Ads,Display_Generico,1220,729,794,364,62,2447,88230
2023-05-24,TikTok Ads,Video_Awareness_Amplo,753,449,487,237,29,1513,54580
2023-05-25,Google Ads,Performance_Search,341,201,209,114,18,691,25020
2023-05-25,Google Ads,Performance_Shopping,335,200,223,92,20,672,24250
2023-05-25,Google Ads,Remarketing_Display,104,43,70,27,7,256,10010
2023-05-25,Google Ads,Lead_Generation,369,220,240,109,20,741,26750
2023-05-25,Google Ads,Display_Generico,681,406,441,196,44,1368,49370
2023-05-25,Google Ads,Video_Awareness_Amplo,567,340,378,162,27,1134,40850
2023-05-25,Meta Ads,Performance_Search,500,299,330,146,24,1002,36130
2023-05-25,Meta Ads,Performance_Shopping,421,250,265,136,20,848,30650
2023-05-25,Meta Ads,Remarketing_Display,147,61,97,47,3,362,14120
2023-05-25,Meta Ads,Lead_Generation,647,387,424,199,24,1297,46740
2023-05-25,Meta Ads,Display_Generico,869,520,570,262,37,1741,62750
2023-05-25,Meta Ads,Video_Awareness_Amplo,662,393,419,212,31,1334,48210
2023-05-25,TikTok Ads,Performance_Search,814,489,552,219,43,1626,58530
2023-05-25,TikTok Ads,Performance_Shopping,513,307,338,150,25,1028,37040
2023-05-25,TikTok Ads,Remarketing_Display,321,134,220,87,14,788,30730
2023-05-25,TikTok Ads,Lead_Generation,398,238,260,117,21,798,28760
2023-05-25,TikTok Ads,Display_Generico,1184,709,780,347,57,2371,85430
2023-05-25,TikTok Ads,Video_Awareness_Amplo,1001,599,662,297,42,2006,72280
2023-05-26,Google Ads,Performance_Search,350,209,230,107,13,702,25330
2023-05-26,Google Ads,Performance_Shopping,250,149,162,74,14,502,18130
2023-05-26,Google Ads,Remarketing_Display,121,50,84,33,4,298,11650
2023-05-26,Google Ads,Lead_Generation,373,223,244,111,18,748,26960
2023-05-26,Google Ads,Display_Generico,438,261,280,134,24,880,31770
2023-05-26,Google Ads,Video_Awareness_Amplo,504,301,332,136,36,1011,36470
2023-05-26,Meta Ads,Performance_Search,338,201,215,107,16,680,24570
2023-05-26,Meta Ads,Performance_Shopping,576,347,395,148,33,1148,41290
2023-05-26,Meta Ads,Remarketing_Display,253,105,166,73,14,623,24300
2023-05-26,Meta Ads,Lead_Generation,405,243,275,117,13,810,29160
2023-05-26,Meta Ads,Display_Generico,573,341,366,173,34,1153,41620
2023-05-26,Meta Ads,Video_Awareness_Amplo,465,277,298,142,25,935,33740
2023-05-26,TikTok Ads,Performance_Search,788,473,531,211,46,1575,56710
2023-05-26,TikTok Ads,Performance_Shopping,526,315,347,150,29,1053,37950
2023-05-26,TikTok Ads,Remarketing_Display,289,121,204,75,10,709,27620
2023-05-26,TikTok Ads,Lead_Generation,427,255,279,132,16,857,30900
2023-05-26,TikTok Ads,Display_Generico,1247,745,816,368,63,2502,90200
2023-05-26,TikTok Ads,Video_Awareness_Amplo,1258,751,818,371,69,2525,91070
2023-05-27,Google Ads,Performance_Search,184,111,127,51,6,366,13170
2023-05-27,Google Ads,Performance_Shopping,232,138,152,65,15,467,16860
2023-05-27,Google Ads,Remarketing_Display,85,35,59,22,4,210,8200
2023-05-27,Google Ads,Lead_Generation,181,107,114,52,15,366,13240
2023-05-27,Google Ads,Display_Generico,464,276,297,129,38,934,33720
2023-05-27,Google Ads,Video_Awareness_Amplo,476,285,314,142,20,953,34350
2023-05-27,Meta Ads,Performance_Search,254,151,162,83,9,511,18470
2023-05-27,Meta Ads,Performance_Shopping,177,106,121,43,13,354,12770
2023-05-27,Meta Ads,Remarketing_Display,161,67,109,44,8,396,15440
2023-05-27,Meta Ads,Lead_Generation,261,156,174,75,12,523,18870
2023-05-27,Meta Ads,Display_Generico,509,304,332,158,19,1021,36830
2023-05-27,Meta Ads,Video_Awareness_Amplo,320,192,217,89,14,640,23040
2023-05-27,TikTok Ads,Performance_Search,256,153,167,73,16,513,18510
2023-05-27,TikTok Ads,Performance_Shopping,255,154,177,64,14,507,18230
2023-05-27,TikTok Ads,Remarketing_Display,230,95,147,73,10,567,22150
2023-05-27,TikTok Ads,Lead_Generation,379,223,227,132,20,769,27860
2023-05-27,TikTok Ads,Display_Generico,851,508,554,249,48,1708,61610
2023-05-27,TikTok Ads,Video_Awareness_Amplo,634,376,397,207,30,1279,46220
2023-05-28,Google Ads,Performance_Search,216,127,128,74,14,438,15890
2023-05-28,Google Ads,Performance_Shopping,291,172,177,93,21,588,21290
2023-05-28,Google Ads,Remarketing_Display,91,38,63,26,2,223,8710
2023-05-28,Google Ads,Lead_Generation,218,132,154,56,8,433,15540
2023-05-28,Google Ads,Display_Generico,306,184,212,74,20,611,21980
2023-05-28,Google Ads,Video_Awareness_Amplo,330,195,205,114,11,667,24150
2023-05-28,Meta Ads,Performance_Search,319,190,209,92,18,641,23150
2023-05-28,Meta Ads,Performance_Shopping,209,124,132,64,13,421,15230
2023-05-28,Meta Ads,Remarketing_Display,152,64,108,33,11,372,14480
2023-05-28,Meta Ads,Lead_Generation,262,155,165,82,15,529,19150
2023-05-28,Meta Ads,Display_Generico,575,343,373,174,28,1155,41660
2023-05-28,Meta Ads,Video_Awareness_Amplo,397,237,263,117,17,797,28740
2023-05-28,TikTok Ads,Performance_Search,329,199,232,85,12,654,23480
2023-05-28,TikTok Ads,Performance_Shopping,401,241,276,107,18,801,28820
2023-05-28,TikTok Ads,Remarketing_Display,179,73,111,60,8,444,17360
2023-05-28,TikTok Ads,Lead_Generation,374,223,241,113,20,751,27110
2023-05-28,TikTok Ads,Display_Generico,886,526,556,286,44,1786,64520
2023-05-28,TikTok Ads,Video_Awareness_Amplo,829,491,513,270,46,1674,60520
2023-05-29,Google Ads,Performance_Search,299,178,194,92,13,601,21710
2023-05-29,Google Ads,Performance_Shopping,341,202,211,115,15,688,24890
2023-05-29,Google Ads,Remarketing_Display,156,65,106,42,8,383,14950
2023-05-29,Google Ads,Lead_Generation,416,246,256,132,28,841,30420
2023-05-29,Google Ads,Display_Generico,479,284,300,159,20,966,34930
2023-05-29,Google Ads,Video_Awareness_Amplo,656,395,447,188,21,1308,47050
2023-05-29,Meta Ads,Performance_Search,389,230,240,135,14,786,28450
2023-05-29,Meta Ads,Performance_Shopping,454,270,291,137,26,914,33000
2023-05-29,Meta Ads,Remarketing_Display,242,100,160,69,13,597,23300
2023-05-29,Meta Ads,Lead_Generation,635,380,419,189,27,1272,45850
2023-05-29,Meta Ads,Display_Generico,919,552,617,262,40,1836,66090
2023-05-29,Meta Ads,Video_Awareness_Amplo,561,335,368,165,28,1126,40600
2023-05-29,TikTok Ads,Performance_Search,450,268,289,140,21,905,32660
2023-05-29,TikTok Ads,Performance_Shopping,813,487,542,231,40,1628,58640
2023-05-29,TikTok Ads,Remarketing_Display,342,142,228,94,20,842,32840
2023-05-29,TikTok Ads,Lead_Generation,598,358,394,172,32,1198,43160
2023-05-29,TikTok Ads,Display_Generico,1322,793,884,375,63,2644,95210
2023-05-29,TikTok Ads,Video_Awareness_Amplo,1307,784,871,380,56,2614,94130
2023-05-30,Google Ads,Performance_Search,234,138,146,76,12,474,17160
2023-05-30,Google Ads,Performance_Shopping,378,224,236,124,18,763,27580
2023-05-30,Google Ads,Remarketing_Display,166,69,110,51,5,408,15930
2023-05-30,Google Ads,Lead_Generation,203,120,129,64,10,410,14850
2023-05-30,Google Ads,Display_Generico,493,294,318,143,32,990,35730
2023-05-30,Google Ads,Video_Awareness_Amplo,587,352,391,175,21,1174,42290
2023-05-30,Meta Ads,Performance_Search,454,273,312,127,15,906,32610
2023-05-30,Meta Ads,Performance_Shopping,318,189,201,100,17,640,23130
2023-05-30,Meta Ads,Remarketing_Display,137,55,79,50,8,342,13400
2023-05-30,Meta Ads,Lead_Generation,548,330,378,152,18,1093,39300
2023-05-30,Meta Ads,Display_Generico,705,417,433,228,44,1425,51540
2023-05-30,Meta Ads,Video_Awareness_Amplo,727,436,485,202,40,1454,52370
2023-05-30,TikTok Ads,Performance_Search,516,308,338,149,29,1036,37360
2023-05-30,TikTok Ads,Performance_Shopping,876,522,560,280,36,1761,63540
2023-05-30,TikTok Ads,Remarketing_Display,371,154,251,106,14,913,35630
2023-05-30,TikTok Ads,Lead_Generation,855,512,566,238,51,1712,61690
2023-05-30,TikTok Ads,Display_Generico,1343,800,861,398,84,2700,97450
2023-05-30,TikTok Ads,Video_Awareness_Amplo,1033,619,687,295,51,2068,74480
2023-05-31,Google Ads,Performance_Search,246,147,163,77,6,493,17790
2023-05-31,Google Ads,Performance_Shopping,474,283,311,139,24,951,34310
2023-05-31,Google Ads,Remarketing_Display,165,68,104,47,14,407,15910
2023-05-31,Google Ads,Lead_Generation,193,114,119,66,8,390,14130
2023-05-31,Google Ads,Display_Generico,615,368,407,187,21,1232,44410
2023-05-31,Google Ads,Video_Awareness_Amplo,550,330,368,145,37,1100,39600
2023-05-31,Meta Ads,Performance_Search,518,308,330,159,29,1043,37660
2023-05-31,Meta Ads,Performance_Shopping,542,321,334,177,31,1094,39570
2023-05-31,Meta Ads,Remarketing_Display,177,72,110,58,9,439,17190
2023-05-31,Meta Ads,Lead_Generation,457,270,279,150,28,924,33450
2023-05-31,Meta Ads,Display_Generico,880,527,586,251,43,1762,63490
2023-05-31,Meta Ads,Video_Awareness_Amplo,533,319,350,154,29,1068,38480
2023-05-31,TikTok Ads,Performance_Search,1043,627,704,291,48,2083,74940
2023-05-31,TikTok Ads,Performance_Shopping,663,395,426,202,35,1333,48100
2023-05-31,TikTok Ads,Remarketing_Display,346,143,225,109,12,853,33310
2023-05-31,TikTok Ads,Lead_Generation,914,551,629,246,39,1821,65470
2023-05-31,TikTok Ads,Display_Generico,714,425,459,213,42,1436,51850
2023-05-31,TikTok Ads,Video_Awareness_Amplo,1149,681,713,375,61,2319,83820
2023-06-01,Google Ads,Performance_Search,331,197,214,103,14,666,24040
2023-06-01,Google Ads,Performance_Shopping,292,173,182,94,16,589,21310
2023-06-01,Google Ads,Remarketing_Display,128,53,86,38,4,315,12310
2023-06-01,Google Ads,Lead_Generation,293,173,183,95,15,593,21460
2023-06-01,Google Ads,Display_Generico,675,404,446,199,30,1352,48730
2023-06-01,Google Ads,Video_Awareness_Amplo,628,377,425,177,26,1255,45190
2023-06-01,Meta Ads,Performance_Search,285,169,179,95,11,575,20780
2023-06-01,Meta Ads,Performance_Shopping,424,254,280,123,21,849,30580
2023-06-01,Meta Ads,Remarketing_Display,198,82,131,58,9,488,19040
2023-06-01,Meta Ads,Lead_Generation,576,346,389,159,28,1151,41420
2023-06-01,Meta Ads,Display_Generico,500,297,318,157,25,1007,36390
2023-06-01,Meta Ads,Video_Awareness_Amplo,543,324,351,151,41,1090,39330
2023-06-01,TikTok Ads,Performance_Search,731,435,464,233,34,1471,53100
2023-06-01,TikTok Ads,Performance_Shopping,787,471,519,224,44,1577,56820
2023-06-01,TikTok Ads,Remarketing_Display,259,107,168,76,15,639,24940
2023-06-01,TikTok Ads,Lead_Generation,455,273,304,119,32,910,32760
2023-06-01,TikTok Ads,Display_Generico,1436,857,929,429,78,2883,103990
2023-06-01,TikTok Ads,Video_Awareness_Amplo,1038,619,668,321,49,2085,75230
2023-06-02,Google Ads,Performance_Search,241,144,158,71,12,483,17430
2023-06-02,Google Ads,Performance_Shopping,200,119,132,62,6,402,14530
2023-06-02,Google Ads,Remarketing_Display,114,47,75,36,3,281,10990
2023-06-02,Google Ads,Lead_Generation,272,161,172,80,20,549,19870
2023-06-02,Google Ads,Display_Generico,422,251,268,131,23,849,30670
2023-06-02,Google Ads,Video_Awareness_Amplo,671,402,447,181,43,1343,48390
2023-06-02,Meta Ads,Performance_Search,488,290,312,155,21,983,35500
2023-06-02,Meta Ads,Performance_Shopping,329,195,205,105,19,664,24000
2023-06-02,Meta Ads,Remarketing_Display,216,90,147,59,10,531,20700
2023-06-02,Meta Ads,Lead_Generation,464,278,308,140,16,929,33460
2023-06-02,Meta Ads,Display_Generico,611,366,405,178,28,1223,44070
2023-06-02,Meta Ads,Video_Awareness_Amplo,817,484,508,267,42,1649,59630
2023-06-02,TikTok Ads,Performance_Search,870,519,566,261,43,1747,63030
2023-06-02,TikTok Ads,Performance_Shopping,872,517,546,286,40,1759,63590
2023-06-02,TikTok Ads,Remarketing_Display,299,124,201,84,14,736,28730
2023-06-02,TikTok Ads,Lead_Generation,338,201,216,104,18,680,24570
2023-06-02,TikTok Ads,Display_Generico,1141,683,750,330,61,2286,82360
2023-06-02,TikTok Ads,Video_Awareness_Amplo,1336,801,890,386,60,2673,96270
2023-06-03,Google Ads,Performance_Search,209,123,128,71,10,424,15360
2023-06-03,Google Ads,Performance_Shopping,265,159,180,68,17,530,19080
2023-06-03,Google Ads,Remarketing_Display,80,33,53,23,4,197,7710
2023-06-03,Google Ads,Lead_Generation,276,165,184,83,9,553,19950
2023-06-03,Google Ads,Display_Generico,288,171,184,95,9,580,20970
2023-06-03,Google Ads,Video_Awareness_Amplo,377,223,236,119,22,762,27560
2023-06-03,Meta Ads,Performance_Search,286,171,189,91,6,573,20670
2023-06-03,Meta Ads,Performance_Shopping,228,135,140,74,14,460,16650
2023-06-03,Meta Ads,Remarketing_Display,122,50,82,36,4,302,11800
2023-06-03,Meta Ads,Lead_Generation,297,176,188,101,8,599,21670
2023-06-03,Meta Ads,Display_Generico,423,255,290,113,20,843,30300
2023-06-03,Meta Ads,Video_Awareness_Amplo,570,339,363,162,45,1147,41430
2023-06-03,TikTok Ads,Performance_Search,277,163,169,92,16,562,20360
2023-06-03,TikTok Ads,Performance_Shopping,410,243,259,131,20,827,29910
2023-06-03,TikTok Ads,Remarketing_Display,172,71,114,48,10,424,16570
2023-06-03,TikTok Ads,Lead_Generation,377,224,239,115,23,759,27430
2023-06-03,TikTok Ads,Display_Generico,938,564,637,255,46,1873,67380
2023-06-03,TikTok Ads,Video_Awareness_Amplo,754,449,484,233,37,1516,54730
2023-06-04,Google Ads,Performance_Search,174,103,112,55,7,351,12710
2023-06-04,Google Ads,Performance_Shopping,121,72,77,38,6,243,8790
2023-06-04,Google Ads,Remarketing_Display,94,39,66,23,5,231,9030
2023-06-04,Google Ads,Lead_Generation,144,85,87,46,11,291,10550
2023-06-04,Google Ads,Display_Generico,391,233,252,116,23,786,28360
2023-06-04,Google Ads,Video_Awareness_Amplo,277,165,177,89,11,557,20100
2023-06-04,Meta Ads,Performance_Search,157,94,104,42,11,314,11330
2023-06-04,Meta Ads,Performance_Shopping,359,213,229,116,14,724,26160
2023-06-04,Meta Ads,Remarketing_Display,152,62,96,52,4,377,14740
2023-06-04,Meta Ads,Lead_Generation,147,87,94,40,13,297,10740
2023-06-04,Meta Ads,Display_Generico,409,243,262,127,20,824,29760
2023-06-04,Meta Ads,Video_Awareness_Amplo,401,241,274,109,18,801,28820
2023-06-04,TikTok Ads,Performance_Search,305,183,209,81,15,610,21960
2023-06-04,TikTok Ads,Performance_Shopping,454,271,294,139,21,911,32870
2023-06-04,TikTok Ads,Remarketing_Display,115,48,78,33,4,282,11010
2023-06-04,TikTok Ads,Lead_Generation,503,299,323,156,24,1013,36580
2023-06-04,TikTok Ads,Display_Generico,656,391,422,191,43,1318,47570
2023-06-04,TikTok Ads,Video_Awareness_Amplo,942,558,580,312,50,1902,68760
2023-06-05,Google Ads,Performance_Search,237,142,162,64,11,474,17090
2023-06-05,Google Ads,Performance_Shopping,244,146,161,71,12,489,17620
2023-06-05,Google Ads,Remarketing_Display,134,56,93,35,6,329,12820
2023-06-05,Google Ads,Lead_Generation,392,232,240,128,24,792,28640
2023-06-05,Google Ads,Display_Generico,489,289,299,165,25,989,35780
2023-06-05,Google Ads,Video_Awareness_Amplo,544,323,344,166,34,1096,39610
2023-06-05,Meta Ads,Performance_Search,442,262,278,139,25,892,32240
2023-06-05,Meta Ads,Performance_Shopping,327,193,199,102,26,662,23960
2023-06-05,Meta Ads,Remarketing_Display,149,61,97,44,8,369,14420
2023-06-05,Meta Ads,Lead_Generation,547,328,366,155,26,1094,39410
2023-06-05,Meta Ads,Display_Generico,590,353,392,168,30,1182,42610
2023-06-05,Meta Ads,Video_Awareness_Amplo,807,481,518,252,37,1622,58520
2023-06-05,TikTok Ads,Performance_Search,379,228,261,98,20,756,27210
2023-06-05,TikTok Ads,Performance_Shopping,774,462,505,239,30,1554,56040
2023-06-05,TikTok Ads,Remarketing_Display,236,96,142,83,11,586,22920
2023-06-05,TikTok Ads,Lead_Generation,412,246,269,122,21,827,29820
2023-06-05,TikTok Ads,Display_Generico,1021,612,683,293,45,2043,73590
2023-06-05,TikTok Ads,Video_Awareness_Amplo,878,523,560,272,46,1765,63710
2023-06-06,Google Ads,Performance_Search,195,116,124,64,7,392,14170
2023-06-06,Google Ads,Performance_Shopping,299,178,195,89,15,601,21710
2023-06-06,Google Ads,Remarketing_Display,100,41,66,33,1,247,9670
2023-06-06,Google Ads,Lead_Generation,203,122,139,53,11,405,14590
2023-06-06,Google Ads,Display_Generico,438,261,286,124,28,880,31770
2023-06-06,Google Ads,Video_Awareness_Amplo,548,325,340,171,37,1105,39950
2023-06-06,Meta Ads,Performance_Search,261,157,177,71,13,521,18740
2023-06-06,Meta Ads,Performance_Shopping,336,198,200,123,13,681,24660
2023-06-06,Meta Ads,Remarketing_Display,196,80,122,62,12,486,19000
2023-06-06,Meta Ads,Lead_Generation,595,354,381,188,26,1197,43230
2023-06-06,Meta Ads,Display_Generico,749,451,511,205,33,1494,53720
2023-06-06,Meta Ads,Video_Awareness_Amplo,619,369,398,188,33,1244,44880
2023-06-06,TikTok Ads,Performance_Search,521,309,329,160,32,1051,37980
2023-06-06,TikTok Ads,Performance_Shopping,863,518,577,245,41,1725,62110
2023-06-06,TikTok Ads,Remarketing_Display,259,107,166,87,6,639,24940
2023-06-06,TikTok Ads,Lead_Generation,610,364,397,186,27,1225,44180
2023-06-06,TikTok Ads,Display_Generico,1143,684,751,328,64,2290,82530
2023-06-06,TikTok Ads,Video_Awareness_Amplo,1095,654,715,323,57,2197,79230
2023-06-07,Google Ads,Performance_Search,196,116,120,66,10,396,14320
2023-06-07,Google Ads,Performance_Shopping,390,231,246,127,17,787,28470
2023-06-07,Google Ads,Remarketing_Display,116,49,84,28,4,283,11030
2023-06-07,Google Ads,Lead_Generation,345,204,211,117,17,697,25230
2023-06-07,Google Ads,Display_Generico,505,302,335,147,23,1012,36490
2023-06-07,Google Ads,Video_Awareness_Amplo,669,398,427,209,33,1346,48610
2023-06-07,Meta Ads,Performance_Search,572,341,372,162,38,1149,41470
2023-06-07,Meta Ads,Performance_Shopping,525,316,357,145,23,1047,37670
2023-06-07,Meta Ads,Remarketing_Display,169,70,118,46,5,416,16250
2023-06-07,Meta Ads,Lead_Generation,422,251,268,129,25,849,30670
2023-06-07,Meta Ads,Display_Generico,611,362,383,196,32,1233,44590
2023-06-07,Meta Ads,Video_Awareness_Amplo,517,308,336,157,24,1039,37510
2023-06-07,TikTok Ads,Performance_Search,518,310,346,150,22,1038,37400
2023-06-07,TikTok Ads,Performance_Shopping,406,240,253,129,24,821,29700
2023-06-07,TikTok Ads,Remarketing_Display,325,136,224,87,14,797,31070
2023-06-07,TikTok Ads,Lead_Generation,464,276,299,142,23,934,33720
2023-06-07,TikTok Ads,Display_Generico,890,530,570,271,49,1790,64600
2023-06-07,TikTok Ads,Video_Awareness_Amplo,1286,772,860,366,60,2571,92540
2023-06-08,Google Ads,Performance_Search,387,233,267,104,16,772,27760
2023-06-08,Google Ads,Performance_Shopping,277,167,190,71,16,552,19840
2023-06-08,Google Ads,Remarketing_Display,108,44,68,34,6,268,10480
2023-06-08,Google Ads,Lead_Generation,444,263,277,143,24,896,32410
2023-06-08,Google Ads,Display_Generico,525,311,326,178,21,1060,38320
2023-06-08,Google Ads,Video_Awareness_Amplo,579,346,383,167,29,1161,41870
2023-06-08,Meta Ads,Performance_Search,303,180,196,93,14,610,22050
2023-06-08,Meta Ads,Performance_Shopping,545,324,347,163,35,1097,39630
2023-06-08,Meta Ads,Remarketing_Display,181,74,112,59,10,448,17530
2023-06-08,Meta Ads,Lead_Generation,281,168,186,81,14,563,20310
2023-06-08,Meta Ads,Display_Generico,945,562,599,298,48,1902,68690
2023-06-08,Meta Ads,Video_Awareness_Amplo,862,514,555,263,44,1732,62480
2023-06-08,TikTok Ads,Performance_Search,866,516,555,264,47,1741,62820
2023-06-08,TikTok Ads,Performance_Shopping,353,208,213,127,13,715,25910
2023-06-08,TikTok Ads,Remarketing_Display,357,149,241,95,21,877,34180
2023-06-08,TikTok Ads,Lead_Generation,592,352,377,173,42,1192,43040
2023-06-08,TikTok Ads,Display_Generico,922,550,596,272,54,1852,66800
2023-06-08,TikTok Ads,Video_Awareness_Amplo,941,562,611,293,37,1888,68090
2023-06-09,Google Ads,Performance_Search,161,96,105,49,7,323,11670
2023-06-09,Google Ads,Performance_Shopping,177,106,120,47,10,354,12770
2023-06-09,Google Ads,Remarketing_Display,127,52,84,38,5,314,12290
2023-06-09,Google Ads,Lead_Generation,264,156,165,85,14,534,19320
2023-06-09,Google Ads,Display_Generico,580,344,366,178,36,1170,42280
2023-06-09,Google Ads,Video_Awareness_Amplo,374,223,243,110,21,751,27110
2023-06-09,Meta Ads,Performance_Search,604,359,384,191,29,1216,43930
2023-06-09,Meta Ads,Performance_Shopping,432,259,293,126,13,864,31130
2023-06-09,Meta Ads,Remarketing_Display,189,78,121,55,13,466,18210
2023-06-09,Meta Ads,Lead_Generation,303,181,202,91,10,608,21920
2023-06-09,Meta Ads,Display_Generico,776,464,510,225,41,1556,56080
2023-06-09,Meta Ads,Video_Awareness_Amplo,644,384,415,199,30,1294,46680
2023-06-09,TikTok Ads,Performance_Search,412,244,259,134,19,832,30080
2023-06-09,TikTok Ads,Performance_Shopping,492,295,332,137,23,984,35450
2023-06-09,TikTok Ads,Remarketing_Display,254,104,160,84,10,629,24580
2023-06-09,TikTok Ads,Lead_Generation,537,321,351,157,29,1077,38820
2023-06-09,TikTok Ads,Display_Generico,1330,792,847,407,76,2675,96540
2023-06-09,TikTok Ads,Video_Awareness_Amplo,992,593,649,302,41,1989,71710
2023-06-10,Google Ads,Performance_Search,259,153,162,84,13,524,18960
2023-06-10,Google Ads,Performance_Shopping,204,121,133,59,12,411,14870
2023-06-10,Google Ads,Remarketing_Display,88,37,64,22,2,215,8390
2023-06-10,Google Ads,Lead_Generation,271,162,181,79,11,543,19590
2023-06-10,Google Ads,Display_Generico,408,246,283,106,19,813,29220
2023-06-10,Google Ads,Video_Awareness_Amplo,445,266,291,131,23,892,32170
2023-06-10,Meta Ads,Performance_Search,261,156,170,78,13,523,18870
2023-06-10,Meta Ads,Performance_Shopping,268,159,172,85,11,540,19530
2023-06-10,Meta Ads,Remarketing_Display,138,57,95,41,2,340,13290
2023-06-10,Meta Ads,Lead_Generation,349,209,234,100,15,699,25180
2023-06-10,Meta Ads,Display_Generico,469,281,315,128,26,939,33820
2023-06-10,Meta Ads,Video_Awareness_Amplo,567,339,370,168,29,1137,40980
2023-06-10,TikTok Ads,Performance_Search,256,152,162,79,15,516,18640
2023-06-10,TikTok Ads,Performance_Shopping,292,173,180,102,10,589,21310
2023-06-10,TikTok Ads,Remarketing_Display,185,76,122,52,11,457,17870
2023-06-10,TikTok Ads,Lead_Generation,272,161,173,83,16,549,19870
2023-06-10,TikTok Ads,Display_Generico,702,422,479,186,37,1402,50440
2023-06-10,TikTok Ads,Video_Awareness_Amplo,724,433,474,209,41,1451,52310
2023-06-11,Google Ads,Performance_Search,175,106,126,42,7,347,12470
2023-06-11,Google Ads,Performance_Shopping,217,129,138,63,16,437,15780
2023-06-11,Google Ads,Remarketing_Display,74,30,42,25,7,184,7200
2023-06-11,Google Ads,Lead_Generation,174,104,116,52,6,349,12580
2023-06-11,Google Ads,Display_Generico,226,133,137,73,16,458,16610
2023-06-11,Google Ads,Video_Awareness_Amplo,232,138,152,65,15,467,16860
2023-06-11,Meta Ads,Performance_Search,268,160,174,77,17,538,19400
2023-06-11,Meta Ads,Performance_Shopping,310,183,193,103,14,627,22710
2023-06-11,Meta Ads,Remarketing_Display,96,39,61,31,4,238,9330
2023-06-11,Meta Ads,Lead_Generation,249,147,156,85,8,504,18240
2023-06-11,Meta Ads,Display_Generico,495,297,334,143,18,990,35640
2023-06-11,Meta Ads,Video_Awareness_Amplo,492,293,315,164,13,989,35710
2023-06-11,TikTok Ads,Performance_Search,560,333,354,176,30,1127,40710
2023-06-11,TikTok Ads,Performance_Shopping,364,216,230,118,16,734,26520
2023-06-11,TikTok Ads,Remarketing_Display,113,46,72,34,7,280,10970
2023-06-11,TikTok Ads,Lead_Generation,279,166,178,89,12,561,20270
2023-06-11,TikTok Ads,Display_Generico,794,475,523,234,37,1591,57350
2023-06-11,TikTok Ads,Video_Awareness_Amplo,709,423,461,213,35,1424,51360
2023-06-12,Google Ads,Performance_Search,376,225,252,108,16,753,27150
2023-06-12,Google Ads,Performance_Shopping,399,234,235,138,26,811,29430
2023-06-12,Google Ads,Remarketing_Display,97,39,59,34,4,242,9480
2023-06-12,Google Ads,Lead_Generation,255,151,159,84,12,515,18620
2023-06-12,Google Ads,Display_Generico,441,264,293,127,21,883,31830
2023-06-12,Google Ads,Video_Awareness_Amplo,610,364,395,184,31,1225,44180
2023-06-12,Meta Ads,Performance_Search,344,203,210,117,17,696,25210
2023-06-12,Meta Ads,Performance_Shopping,453,271,301,131,21,908,32720
2023-06-12,Meta Ads,Remarketing_Display,160,67,110,42,8,392,15290
2023-06-12,Meta Ads,Lead_Generation,284,170,191,77,16,569,20500
2023-06-12,Meta Ads,Display_Generico,513,306,331,156,26,1030,37170
2023-06-12,Meta Ads,Video_Awareness_Amplo,602,361,405,170,27,1204,43370
2023-06-12,TikTok Ads,Performance_Search,767,460,511,217,39,1534,55250
2023-06-12,TikTok Ads,Performance_Shopping,382,229,255,110,17,764,27530
2023-06-12,TikTok Ads,Remarketing_Display,186,78,132,48,6,456,17760
2023-06-12,TikTok Ads,Lead_Generation,666,401,456,179,31,1328,47770
2023-06-12,TikTok Ads,Display_Generico,856,509,540,276,40,1723,62230
2023-06-12,TikTok Ads,Video_Awareness_Amplo,930,555,605,273,52,1867,67350
2023-06-13,Google Ads,Performance_Search,336,198,203,116,17,681,24660
2023-06-13,Google Ads,Performance_Shopping,260,156,174,76,10,520,18720
2023-06-13,Google Ads,Remarketing_Display,163,67,102,48,13,403,15740
2023-06-13,Google Ads,Lead_Generation,257,154,171,74,12,514,18530
2023-06-13,Google Ads,Display_Generico,585,351,390,174,21,1170,42120
2023-06-13,Google Ads,Video_Awareness_Amplo,585,350,388,168,29,1172,42250
2023-06-13,Meta Ads,Performance_Search,546,325,350,168,28,1098,39650
2023-06-13,Meta Ads,Performance_Shopping,403,242,275,107,21,805,28990
2023-06-13,Meta Ads,Remarketing_Display,127,53,90,32,5,312,12160
2023-06-13,Meta Ads,Lead_Generation,332,199,226,100,6,664,23930
2023-06-13,Meta Ads,Display_Generico,544,325,356,165,23,1091,39350
2023-06-13,Meta Ads,Video_Awareness_Amplo,568,340,374,164,30,1138,41000
2023-06-13,TikTok Ads,Performance_Search,639,383,424,182,33,1279,46060
2023-06-13,TikTok Ads,Performance_Shopping,584,347,373,168,43,1176,42490
2023-06-13,TikTok Ads,Remarketing_Display,370,153,242,108,20,912,35610
2023-06-13,TikTok Ads,Lead_Generation,497,295,316,161,20,1002,36200
2023-06-13,TikTok Ads,Display_Generico,906,540,582,268,56,1821,65700
2023-06-13,TikTok Ads,Video_Awareness_Amplo,1526,918,1037,439,50,3046,109560
2023-06-14,Google Ads,Performance_Search,203,121,131,61,11,408,14720
2023-06-14,Google Ads,Performance_Shopping,238,141,148,72,18,480,17370
2023-06-14,Google Ads,Remarketing_Display,141,58,90,42,9,348,13610
2023-06-14,Google Ads,Lead_Generation,412,243,247,144,21,834,30210
2023-06-14,Google Ads,Display_Generico,635,376,396,207,32,1282,46370
2023-06-14,Google Ads,Video_Awareness_Amplo,450,268,292,137,21,905,32660
2023-06-14,Meta Ads,Performance_Search,467,280,312,142,13,934,33650
2023-06-14,Meta Ads,Performance_Shopping,449,269,302,123,24,899,32380
2023-06-14,Meta Ads,Remarketing_Display,123,51,83,32,8,303,11820
2023-06-14,Meta Ads,Lead_Generation,660,399,463,160,37,1312,47130
2023-06-14,Meta Ads,Display_Generico,588,350,379,188,21,1183,42700
2023-06-14,Meta Ads,Video_Awareness_Amplo,791,471,507,250,34,1591,57420
2023-06-14,TikTok Ads,Performance_Search,693,413,448,216,29,1393,50260
2023-06-14,TikTok Ads,Performance_Shopping,925,552,598,285,42,1857,66990
2023-06-14,TikTok Ads,Remarketing_Display,342,143,233,100,9,839,32710
2023-06-14,TikTok Ads,Lead_Generation,654,391,433,187,34,1311,47270
2023-06-14,TikTok Ads,Display_Generico,872,520,562,259,51,1752,63200
2023-06-14,TikTok Ads,Video_Awareness_Amplo,1295,772,834,405,56,2602,93890
2023-06-15,Google Ads,Performance_Search,324,192,204,105,15,654,23640
2023-06-15,Google Ads,Performance_Shopping,373,224,251,111,11,745,26830
2023-06-15,Google Ads,Remarketing_Display,136,56,86,46,4,336,13120
2023-06-15,Google Ads,Lead_Generation,214,126,129,68,17,434,15720
2023-06-15,Google Ads,Display_Generico,340,203,221,93,26,682,24610
2023-06-15,Google Ads,Video_Awareness_Amplo,341,206,238,91,12,678,24370
2023-06-15,Meta Ads,Performance_Search,492,296,336,133,23,982,35320
2023-06-15,Meta Ads,Performance_Shopping,439,261,282,131,26,884,31920
2023-06-15,Meta Ads,Remarketing_Display,126,51,76,47,3,313,12270
2023-06-15,Meta Ads,Lead_Generation,530,317,351,160,19,1062,38290
2023-06-15,Meta Ads,Display_Generico,908,539,570,294,44,1830,66130
2023-06-15,Meta Ads,Video_Awareness_Amplo,545,324,346,165,34,1097,39630
2023-06-15,TikTok Ads,Performance_Search,677,406,456,187,34,1354,48770
2023-06-15,TikTok Ads,Performance_Shopping,413,245,263,123,27,833,30100
2023-06-15,TikTok Ads,Remarketing_Display,322,135,223,82,17,789,30750
2023-06-15,TikTok Ads,Lead_Generation,434,260,288,126,20,869,31300
2023-06-15,TikTok Ads,Display_Generico,1216,725,784,372,60,2443,88150
2023-06-15,TikTok Ads,Video_Awareness_Amplo,1013,605,663,303,47,2033,73300
2023-06-16,Google Ads,Performance_Search,175,104,115,51,9,352,12730
2023-06-16,Google Ads,Performance_Shopping,319,188,192,114,13,646,23410
2023-06-16,Google Ads,Remarketing_Display,159,65,100,44,15,394,15400
2023-06-16,Google Ads,Lead_Generation,330,196,208,110,12,665,24020
2023-06-16,Google Ads,Display_Generico,414,246,266,124,24,834,30120
2023-06-16,Google Ads,Video_Awareness_Amplo,431,257,281,124,26,866,31240
2023-06-16,Meta Ads,Performance_Search,370,221,242,109,19,742,26770
2023-06-16,Meta Ads,Performance_Shopping,320,191,213,95,12,642,23170
2023-06-16,Meta Ads,Remarketing_Display,158,64,92,59,7,393,15380
2023-06-16,Meta Ads,Lead_Generation,478,287,321,136,21,955,34390
2023-06-16,Meta Ads,Display_Generico,944,566,629,271,44,1889,68020
2023-06-16,Meta Ads,Video_Awareness_Amplo,896,536,588,271,37,1796,64720
2023-06-16,TikTok Ads,Performance_Search,747,448,503,213,31,1494,53810
2023-06-16,TikTok Ads,Performance_Shopping,568,338,361,188,19,1143,41260
2023-06-16,TikTok Ads,Remarketing_Display,250,102,154,82,14,620,24240
2023-06-16,TikTok Ads,Lead_Generation,774,463,513,222,39,1551,55910
2023-06-16,TikTok Ads,Display_Generico,699,415,442,212,45,1409,50900
2023-06-16,TikTok Ads,Video_Awareness_Amplo,953,570,625,291,37,1910,68850
2023-06-17,Google Ads,Performance_Search,194,115,126,60,8,391,14150
2023-06-17,Google Ads,Performance_Shopping,189,114,132,51,6,376,13530
2023-06-17,Google Ads,Remarketing_Display,103,41,59,37,7,258,10120
2023-06-17,Google Ads,Lead_Generation,142,84,89,44,9,287,10380
2023-06-17,Google Ads,Display_Generico,370,222,252,99,19,740,26640
2023-06-17,Google Ads,Video_Awareness_Amplo,414,247,269,119,26,831,29990
2023-06-17,Meta Ads,Performance_Search,385,231,260,111,14,770,27720
2023-06-17,Meta Ads,Performance_Shopping,308,184,200,95,13,618,22280
2023-06-17,Meta Ads,Remarketing_Display,150,62,100,41,9,370,14440
2023-06-17,Meta Ads,Lead_Generation,369,221,245,98,26,739,26620
2023-06-17,Meta Ads,Display_Generico,605,361,391,186,28,1215,43820
2023-06-17,Meta Ads,Video_Awareness_Amplo,541,323,356,162,23,1086,39160
2023-06-17,TikTok Ads,Performance_Search,263,157,173,71,19,528,19040
2023-06-17,TikTok Ads,Performance_Shopping,314,189,214,82,18,626,22530
2023-06-17,TikTok Ads,Remarketing_Display,182,75,122,51,9,449,17550
2023-06-17,TikTok Ads,Lead_Generation,281,165,165,100,16,571,20700
2023-06-17,TikTok Ads,Display_Generico,737,439,473,220,44,1482,53480
2023-06-17,TikTok Ads,Video_Awareness_Amplo,505,301,327,155,23,1015,36620
2023-06-18,Google Ads,Performance_Search,131,79,91,39,1,261,9380
2023-06-18,Google Ads,Performance_Shopping,183,107,105,68,10,373,13540
2023-06-18,Google Ads,Remarketing_Display,65,27,46,16,3,160,6240
2023-06-18,Google Ads,Lead_Generation,188,110,110,71,7,383,13900
2023-06-18,Google Ads,Display_Generico,262,155,161,86,15,529,19150
2023-06-18,Google Ads,Video_Awareness_Amplo,311,186,207,90,14,623,22470
2023-06-18,Meta Ads,Performance_Search,250,149,164,73,13,502,18130
2023-06-18,Meta Ads,Performance_Shopping,217,129,139,71,7,437,15780
2023-06-18,Meta Ads,Remarketing_Display,125,51,79,39,7,310,12120
2023-06-18,Meta Ads,Lead_Generation,227,134,142,63,22,459,16630
2023-06-18,Meta Ads,Display_Generico,502,298,317,161,24,1012,36560
2023-06-18,Meta Ads,Video_Awareness_Amplo,429,258,296,118,15,856,30810
2023-06-18,TikTok Ads,Performance_Search,374,223,241,119,14,751,27110
2023-06-18,TikTok Ads,Performance_Shopping,300,179,199,84,17,602,21730
2023-06-18,TikTok Ads,Remarketing_Display,134,55,81,47,6,331,12950
2023-06-18,TikTok Ads,Lead_Generation,250,149,166,72,12,502,18130
2023-06-18,TikTok Ads,Display_Generico,596,355,386,176,34,1198,43250
2023-06-18,TikTok Ads,Video_Awareness_Amplo,589,354,399,169,21,1176,42330
2023-06-19,Google Ads,Performance_Search,341,203,220,104,17,686,24760
2023-06-19,Google Ads,Performance_Shopping,166,99,110,52,4,333,12030
2023-06-19,Google Ads,Remarketing_Display,87,35,55,28,4,217,8500
2023-06-19,Google Ads,Lead_Generation,219,130,137,70,12,441,15950
2023-06-19,Google Ads,Display_Generico,357,214,237,93,27,714,25730
2023-06-19,Google Ads,Video_Awareness_Amplo,520,307,319,180,21,1052,38090
2023-06-19,Meta Ads,Performance_Search,588,349,367,184,37,1185,42830
2023-06-19,Meta Ads,Performance_Shopping,540,322,353,155,32,1085,39140
2023-06-19,Meta Ads,Remarketing_Display,155,64,101,48,6,382,14930
2023-06-19,Meta Ads,Lead_Generation,310,186,212,87,11,620,22320
2023-06-19,Meta Ads,Display_Generico,641,381,406,205,30,1291,46620
2023-06-19,Meta Ads,Video_Awareness_Amplo,860,514,560,259,41,1725,62180
2023-06-19,TikTok Ads,Performance_Search,625,374,415,194,16,1252,45130
2023-06-19,TikTok Ads,Performance_Shopping,420,249,263,136,21,847,30630
2023-06-19,TikTok Ads,Remarketing_Display,306,125,183,99,24,758,29650
2023-06-19,TikTok Ads,Lead_Generation,673,402,439,198,36,1350,48690
2023-06-19,TikTok Ads,Display_Generico,883,530,594,242,47,1765,63550
2023-06-19,TikTok Ads,Video_Awareness_Amplo,1091,649,693,340,58,2196,79280
2023-06-20,Google Ads,Performance_Search,213,127,141,64,8,428,15440
2023-06-20,Google Ads,Performance_Shopping,217,129,141,68,8,437,15780
2023-06-20,Google Ads,Remarketing_Display,99,40,62,35,2,246,9650
2023-06-20,Google Ads,Lead_Generation,362,216,236,107,19,727,26220
2023-06-20,Google Ads,Display_Generico,426,254,276,129,21,856,30880
2023-06-20,Google Ads,Video_Awareness_Amplo,668,399,438,193,37,1340,48330
2023-06-20,Meta Ads,Performance_Search,538,322,357,157,24,1078,38840
2023-06-20,Meta Ads,Performance_Shopping,473,285,329,123,21,943,33900
2023-06-20,Meta Ads,Remarketing_Display,221,90,133,75,13,548,21450
2023-06-20,Meta Ads,Lead_Generation,474,283,307,143,24,951,34310
2023-06-20,Meta Ads,Display_Generico,613,368,410,175,28,1225,44110
2023-06-20,Meta Ads,Video_Awareness_Amplo,593,354,385,174,34,1190,42930
2023-06-20,TikTok Ads,Performance_Search,457,274,306,131,20,914,32930
2023-06-20,TikTok Ads,Performance_Shopping,861,511,539,282,40,1736,62720
2023-06-20,TikTok Ads,Remarketing_Display,278,114,170,92,16,688,26880
2023-06-20,TikTok Ads,Lead_Generation,902,537,574,270,58,1814,65490
2023-06-20,TikTok Ads,Display_Generico,1330,796,876,398,56,2665,96020
2023-06-20,TikTok Ads,Video_Awareness_Amplo,822,491,537,237,48,1649,59470
2023-06-21,Google Ads,Performance_Search,280,167,184,78,18,562,20290
2023-06-21,Google Ads,Performance_Shopping,303,182,205,90,8,605,21790
2023-06-21,Google Ads,Remarketing_Display,115,47,77,34,4,285,11140
2023-06-21,Google Ads,Lead_Generation,207,123,133,64,10,417,15060
2023-06-21,Google Ads,Display_Generico,634,377,403,198,33,1276,46090
2023-06-21,Google Ads,Video_Awareness_Amplo,542,321,337,171,34,1094,39570
2023-06-21,Meta Ads,Performance_Search,303,181,198,91,14,608,21920
2023-06-21,Meta Ads,Performance_Shopping,523,310,327,170,26,1055,38150
2023-06-21,Meta Ads,Remarketing_Display,162,67,109,46,7,399,15590
2023-06-21,Meta Ads,Lead_Generation,274,164,184,72,18,549,19780
2023-06-21,Meta Ads,Display_Generico,598,356,380,188,30,1203,43420
2023-06-21,Meta Ads,Video_Awareness_Amplo,740,439,462,226,52,1492,53930
2023-06-21,TikTok Ads,Performance_Search,771,457,480,260,31,1556,56240
2023-06-21,TikTok Ads,Performance_Shopping,751,447,483,234,34,1511,54540
2023-06-21,TikTok Ads,Remarketing_Display,216,89,138,61,17,533,20830
2023-06-21,TikTok Ads,Lead_Generation,588,349,368,192,28,1185,42830
2023-06-21,TikTok Ads,Display_Generico,717,434,505,175,37,1424,51130
2023-06-21,TikTok Ads,Video_Awareness_Amplo,891,534,591,249,51,1783,64230
2023-06-22,Google Ads,Performance_Search,294,174,186,90,18,594,21480
2023-06-22,Google Ads,Performance_Shopping,434,259,282,129,23,871,31430
2023-06-22,Google Ads,Remarketing_Display,139,57,90,41,8,344,13440
2023-06-22,Google Ads,Lead_Generation,373,223,245,113,15,748,26960
2023-06-22,Google Ads,Display_Generico,577,345,377,167,33,1157,41700
2023-06-22,Google Ads,Video_Awareness_Amplo,740,444,499,206,35,1480,53280
2023-06-22,Meta Ads,Performance_Search,511,302,316,172,23,1033,37390
2023-06-22,Meta Ads,Performance_Shopping,290,174,194,78,18,580,20880
2023-06-22,Meta Ads,Remarketing_Display,134,56,91,37,6,329,12820
2023-06-22,Meta Ads,Lead_Generation,599,360,408,160,31,1196,43050
2023-06-22,Meta Ads,Display_Generico,684,411,464,184,36,1366,49170
2023-06-22,Meta Ads,Video_Awareness_Amplo,603,363,415,158,30,1203,43260
2023-06-22,TikTok Ads,Performance_Search,827,496,553,234,40,1654,59570
2023-06-22,TikTok Ads,Performance_Shopping,654,390,426,191,37,1314,47400
2023-06-22,TikTok Ads,Remarketing_Display,318,132,214,89,15,783,30540
2023-06-22,TikTok Ads,Lead_Generation,477,287,324,134,19,952,34240
2023-06-22,TikTok Ads,Display_Generico,1270,757,815,402,53,2552,92090
2023-06-22,TikTok Ads,Video_Awareness_Amplo,702,423,481,191,30,1399,50310
2023-06-23,Google Ads,Performance_Search,238,141,152,74,12,480,17370
2023-06-23,Google Ads,Performance_Shopping,210,125,135,66,9,422,15250
2023-06-23,Google Ads,Remarketing_Display,113,46,71,35,7,280,10970
2023-06-23,Google Ads,Lead_Generation,293,174,186,97,10,590,21330
2023-06-23,Google Ads,Display_Generico,441,263,286,131,24,886,31960
2023-06-23,Google Ads,Video_Awareness_Amplo,423,253,278,124,21,848,30560
2023-06-23,Meta Ads,Performance_Search,486,292,332,128,26,971,34940
2023-06-23,Meta Ads,Performance_Shopping,534,319,351,153,30,1071,38630
2023-06-23,Meta Ads,Remarketing_Display,142,60,103,34,5,347,13500
2023-06-23,Meta Ads,Lead_Generation,384,229,253,105,26,771,27830
2023-06-23,Meta Ads,Display_Generico,755,452,498,217,40,1512,54490
2023-06-23,Meta Ads,Video_Awareness_Amplo,941,561,605,298,38,1891,68220
2023-06-23,TikTok Ads,Performance_Search,512,309,357,135,20,1019,36630
2023-06-23,TikTok Ads,Performance_Shopping,427,250,246,157,24,869,31550
2023-06-23,TikTok Ads,Remarketing_Display,212,90,158,47,7,517,20100
2023-06-23,TikTok Ads,Lead_Generation,568,338,361,168,39,1143,41260
2023-06-23,TikTok Ads,Display_Generico,696,417,466,207,23,1393,50190
2023-06-23,TikTok Ads,Video_Awareness_Amplo,709,424,465,211,33,1421,51230
2023-06-24,Google Ads,Performance_Search,241,143,154,73,14,486,17560
2023-06-24,Google Ads,Performance_Shopping,124,74,82,36,6,249,8980
2023-06-24,Google Ads,Remarketing_Display,88,35,48,30,10,220,8650
2023-06-24,Google Ads,Lead_Generation,131,77,78,45,8,266,9640
2023-06-24,Google Ads,Display_Generico,305,181,191,94,20,615,22220
2023-06-24,Google Ads,Video_Awareness_Amplo,320,190,201,103,16,645,23300
2023-06-24,Meta Ads,Performance_Search,211,125,131,67,13,426,15400
2023-06-24,Meta Ads,Performance_Shopping,306,183,204,90,12,613,22110
2023-06-24,Meta Ads,Remarketing_Display,145,59,87,51,7,360,14080
2023-06-24,Meta Ads,Lead_Generation,233,138,148,75,10,470,17010
2023-06-24,Meta Ads,Display_Generico,506,300,317,166,23,1021,36900
2023-06-24,Meta Ads,Video_Awareness_Amplo,387,229,243,127,17,782,28280
2023-06-24,TikTok Ads,Performance_Search,249,147,154,83,12,504,18240
2023-06-24,TikTok Ads,Performance_Shopping,497,299,338,141,18,992,35680
2023-06-24,TikTok Ads,Remarketing_Display,145,60,94,44,7,357,13950
2023-06-24,TikTok Ads,Lead_Generation,525,314,349,150,26,1052,37930
2023-06-24,TikTok Ads,Display_Generico,649,386,411,199,39,1306,47170
2023-06-24,TikTok Ads,Video_Awareness_Amplo,803,481,535,235,33,1608,57920
2023-06-25,Google Ads,Performance_Search,153,90,92,55,6,310,11250
2023-06-25,Google Ads,Performance_Shopping,262,158,185,64,13,522,18760
2023-06-25,Google Ads,Remarketing_Display,93,39,65,25,3,228,8880
2023-06-25,Google Ads,Lead_Generation,166,97,98,60,8,338,12290
2023-06-25,Google Ads,Display_Generico,255,150,155,89,11,517,18750
2023-06-25,Google Ads,Video_Awareness_Amplo,335,200,221,96,18,672,24250
2023-06-25,Meta Ads,Performance_Search,232,137,143,77,12,469,16990
2023-06-25,Meta Ads,Performance_Shopping,263,157,173,76,14,528,19040
2023-06-25,Meta Ads,Remarketing_Display,82,33,47,31,4,204,8010
2023-06-25,Meta Ads,Lead_Generation,307,183,201,84,22,617,22260
2023-06-25,Meta Ads,Display_Generico,419,250,275,123,21,841,30350
2023-06-25,Meta Ads,Video_Awareness_Amplo,412,245,260,131,21,829,29950
2023-06-25,TikTok Ads,Performance_Search,451,268,287,139,25,908,32810
2023-06-25,TikTok Ads,Performance_Shopping,331,195,198,114,19,671,24300
2023-06-25,TikTok Ads,Remarketing_Display,216,89,139,68,9,533,20830
2023-06-25,TikTok Ads,Lead_Generation,339,202,218,111,10,681,24590
2023-06-25,TikTok Ads,Display_Generico,642,385,431,190,21,1284,46250
2023-06-25,TikTok Ads,Video_Awareness_Amplo,652,385,399,217,36,1319,47750
2023-06-26,Google Ads,Performance_Search,356,212,227,110,19,716,25840
2023-06-26,Google Ads,Performance_Shopping,249,151,182,57,10,494,17720
2023-06-26,Google Ads,Remarketing_Display,145,59,90,49,6,360,14080
2023-06-26,Google Ads,Lead_Generation,299,178,196,88,15,601,21710
2023-06-26,Google Ads,Display_Generico,552,331,368,152,32,1104,39770
2023-06-26,Google Ads,Video_Awareness_Amplo,458,273,298,148,12,920,33210
2023-06-26,Meta Ads,Performance_Search,288,171,181,84,23,580,20970
2023-06-26,Meta Ads,Performance_Shopping,431,259,295,114,22,861,30980
2023-06-26,Meta Ads,Remarketing_Display,122,50,79,40,3,302,11800
2023-06-26,Meta Ads,Lead_Generation,413,247,272,121,20,828,29840
2023-06-26,Meta Ads,Display_Generico,756,450,484,229,43,1521,54900
2023-06-26,Meta Ads,Video_Awareness_Amplo,486,289,307,156,23,978,35330
2023-06-26,TikTok Ads,Performance_Search,739,440,471,232,36,1486,53650
2023-06-26,TikTok Ads,Performance_Shopping,655,392,434,185,36,1312,47290
2023-06-26,TikTok Ads,Remarketing_Display,308,129,221,71,16,755,29430
2023-06-26,TikTok Ads,Lead_Generation,722,430,461,225,36,1452,52400
2023-06-26,TikTok Ads,Display_Generico,876,523,573,262,41,1758,63410
2023-06-26,TikTok Ads,Video_Awareness_Amplo,1098,659,735,307,56,2195,79030
2023-06-27,Google Ads,Performance_Search,420,249,262,133,25,847,30630
2023-06-27,Google Ads,Performance_Shopping,227,135,149,70,8,457,16500
2023-06-27,Google Ads,Remarketing_Display,116,47,70,43,3,288,11290
2023-06-27,Google Ads,Lead_Generation,247,146,151,88,8,499,18070
2023-06-27,Google Ads,Display_Generico,367,221,254,101,12,732,26320
2023-06-27,Google Ads,Video_Awareness_Amplo,558,330,345,171,42,1128,40800
2023-06-27,Meta Ads,Performance_Search,376,225,250,105,21,753,27150
2023-06-27,Meta Ads,Performance_Shopping,330,197,219,97,14,662,23890
2023-06-27,Meta Ads,Remarketing_Display,132,54,80,47,5,327,12780
2023-06-27,Meta Ads,Lead_Generation,458,277,322,120,16,910,32690
2023-06-27,Meta Ads,Display_Generico,675,403,438,205,32,1355,48860
2023-06-27,Meta Ads,Video_Awareness_Amplo,713,426,466,216,31,1430,51570
2023-06-27,TikTok Ads,Performance_Search,733,436,466,228,39,1475,53270
2023-06-27,TikTok Ads,Performance_Shopping,794,473,513,247,34,1596,57610
2023-06-27,TikTok Ads,Remarketing_Display,315,131,208,92,15,775,30220
2023-06-27,TikTok Ads,Lead_Generation,734,437,472,228,34,1476,53290
2023-06-27,TikTok Ads,Display_Generico,1043,622,670,312,61,2095,75590
2023-06-27,TikTok Ads,Video_Awareness_Amplo,1048,624,670,330,48,2108,76080
2023-06-28,Google Ads,Performance_Search,356,212,227,111,18,716,25840
2023-06-28,Google Ads,Performance_Shopping,213,127,139,61,13,428,15440
2023-06-28,Google Ads,Remarketing_Display,187,78,126,49,12,459,17910
2023-06-28,Google Ads,Lead_Generation,309,186,212,84,13,616,22170
2023-06-28,Google Ads,Display_Generico,483,290,325,141,17,965,34750
2023-06-28,Google Ads,Video_Awareness_Amplo,653,392,438,188,27,1305,46990
2023-06-28,Meta Ads,Performance_Search,521,312,345,154,22,1043,37590
2023-06-28,Meta Ads,Performance_Shopping,406,243,268,115,23,813,29310
2023-06-28,Meta Ads,Remarketing_Display,123,51,85,35,3,303,11820
2023-06-28,Meta Ads,Lead_Generation,552,330,363,165,24,1107,39900
2023-06-28,Meta Ads,Display_Generico,825,495,553,228,44,1650,59400
2023-06-28,Meta Ads,Video_Awareness_Amplo,589,351,382,171,36,1184,42720
2023-06-28,TikTok Ads,Performance_Search,633,377,404,207,22,1273,45940
2023-06-28,TikTok Ads,Performance_Shopping,681,409,463,186,32,1361,48980
2023-06-28,TikTok Ads,Remarketing_Display,275,114,180,81,14,677,26430
2023-06-28,TikTok Ads,Lead_Generation,679,406,448,203,28,1361,49070
2023-06-28,TikTok Ads,Display_Generico,1111,668,755,301,55,2218,79810
2023-06-28,TikTok Ads,Video_Awareness_Amplo,898,535,578,269,51,1805,65150
2023-06-29,Google Ads,Performance_Search,393,235,258,117,18,788,28400
2023-06-29,Google Ads,Performance_Shopping,189,112,118,62,9,381,13790
2023-06-29,Google Ads,Remarketing_Display,122,50,79,33,10,302,11800
2023-06-29,Google Ads,Lead_Generation,406,245,280,106,20,808,29050
2023-06-29,Google Ads,Display_Generico,579,344,365,184,30,1166,42130
2023-06-29,Google Ads,Video_Awareness_Amplo,550,327,349,175,26,1107,39990
2023-06-29,Meta Ads,Performance_Search,673,402,438,198,37,1350,48690
2023-06-29,Meta Ads,Performance_Shopping,370,222,251,105,14,740,26640
2023-06-29,Meta Ads,Remarketing_Display,238,98,152,68,18,588,22960
2023-06-29,Meta Ads,Lead_Generation,405,242,266,115,24,812,29290
2023-06-29,Meta Ads,Display_Generico,695,416,461,196,38,1392,50170
2023-06-29,Meta Ads,Video_Awareness_Amplo,763,455,492,233,38,1533,55300
2023-06-29,TikTok Ads,Performance_Search,766,458,505,228,33,1536,55360
2023-06-29,TikTok Ads,Performance_Shopping,486,290,315,147,24,976,35200
2023-06-29,TikTok Ads,Remarketing_Display,228,94,142,77,9,563,21980
2023-06-29,TikTok Ads,Lead_Generation,877,522,561,270,46,1764,63690
2023-06-29,TikTok Ads,Display_Generico,1222,731,804,353,65,2449,88270
2023-06-29,TikTok Ads,Video_Awareness_Amplo,1302,777,846,394,62,2614,94290
2023-06-30,Google Ads,Performance_Search,195,114,113,68,14,397,14430
2023-06-30,Google Ads,Performance_Shopping,207,122,129,67,11,419,15190
2023-06-30,Google Ads,Remarketing_Display,145,59,92,47,6,360,14080
2023-06-30,Google Ads,Lead_Generation,403,240,263,122,18,810,29250
2023-06-30,Google Ads,Display_Generico,391,235,267,103,21,781,28100
2023-06-30,Google Ads,Video_Awareness_Amplo,393,235,257,117,19,788,28400
2023-06-30,Meta Ads,Performance_Search,351,208,219,111,21,708,25610
2023-06-30,Meta Ads,Performance_Shopping,438,259,271,141,26,885,32030
2023-06-30,Meta Ads,Remarketing_Display,147,62,108,32,7,359,13990
2023-06-30,Meta Ads,Lead_Generation,480,289,327,133,20,957,34430
2023-06-30,Meta Ads,Display_Generico,1016,607,665,302,49,2038,73490
2023-06-30,Meta Ads,Video_Awareness_Amplo,465,277,301,140,24,935,33740
2023-06-30,TikTok Ads,Performance_Search,486,289,308,150,28,978,35330
2023-06-30,TikTok Ads,Performance_Shopping,805,483,538,232,35,1610,57960
2023-06-30,TikTok Ads,Remarketing_Display,333,137,208,105,20,823,32140
2023-06-30,TikTok Ads,Lead_Generation,651,387,414,204,33,1311,47340
2023-06-30,TikTok Ads,Display_Generico,1213,729,818,351,44,2423,87180
2023-06-30,TikTok Ads,Video_Awareness_Amplo,933,556,602,285,46,1875,67670
2023-07-01,Google Ads,Performance_Search,187,112,127,46,14,374,13490
2023-07-01,Google Ads,Performance_Shopping,184,109,114,65,5,371,13430
2023-07-01,Google Ads,Remarketing_Display,67,27,44,21,2,167,6540
2023-07-01,Google Ads,Lead_Generation,159,96,113,38,8,316,11370
2023-07-01,Google Ads,Display_Generico,383,228,247,115,21,770,27810
2023-07-01,Google Ads,Video_Awareness_Amplo,394,235,257,119,18,791,28550
2023-07-01,Meta Ads,Performance_Search,225,136,163,50,12,447,16070
2023-07-01,Meta Ads,Performance_Shopping,311,184,193,103,15,628,22730
2023-07-01,Meta Ads,Remarketing_Display,90,37,58,26,6,222,8690
2023-07-01,Meta Ads,Lead_Generation,325,194,212,103,10,652,23530
2023-07-01,Meta Ads,Display_Generico,340,205,239,84,17,677,24350
2023-07-01,Meta Ads,Video_Awareness_Amplo,468,279,300,139,29,940,33930
2023-07-01,TikTok Ads,Performance_Search,319,191,211,90,18,639,23020
2023-07-01,TikTok Ads,Performance_Shopping,318,189,204,98,16,640,23130
2023-07-01,TikTok Ads,Remarketing_Display,181,74,112,59,10,448,17530
2023-07-01,TikTok Ads,Lead_Generation,282,168,180,89,13,567,20460
2023-07-01,TikTok Ads,Display_Generico,514,308,341,153,20,1029,37060
2023-07-01,TikTok Ads,Video_Awareness_Amplo,504,300,323,152,29,1014,36600
2023-07-02,Google Ads,Performance_Search,196,117,130,59,7,393,14190
2023-07-02,Google Ads,Performance_Shopping,272,163,180,84,8,544,19610
2023-07-02,Google Ads,Remarketing_Display,57,23,37,19,1,142,5560
2023-07-02,Google Ads,Lead_Generation,148,88,95,42,11,298,10760
2023-07-02,Google Ads,Display_Generico,338,201,217,105,16,680,24570
2023-07-02,Google Ads,Video_Awareness_Amplo,252,151,169,74,9,504,18170
2023-07-02,Meta Ads,Performance_Search,307,181,189,105,13,622,22520
2023-07-02,Meta Ads,Performance_Shopping,286,171,191,87,8,573,20670
2023-07-02,Meta Ads,Remarketing_Display,146,61,102,40,4,358,13970
2023-07-02,Meta Ads,Lead_Generation,366,219,242,100,24,733,26430
2023-07-02,Meta Ads,Display_Generico,310,185,200,96,14,622,22450
2023-07-02,Meta Ads,Video_Awareness_Amplo,426,251,259,145,22,863,31270
2023-07-02,TikTok Ads,Performance_Search,225,134,148,61,16,452,16330
2023-07-02,TikTok Ads,Performance_Shopping,297,177,191,94,12,597,21540
2023-07-02,TikTok Ads,Remarketing_Display,157,64,93,56,8,389,15230
2023-07-02,TikTok Ads,Lead_Generation,346,207,229,102,15,693,24990
2023-07-02,TikTok Ads,Display_Generico,641,384,424,177,40,1283,46230
2023-07-02,TikTok Ads,Video_Awareness_Amplo,556,330,353,174,29,1121,40500
2023-07-03,Google Ads,Performance_Search,331,197,212,104,15,666,24040
2023-07-03,Google Ads,Performance_Shopping,189,112,119,60,10,381,13790
2023-07-03,Google Ads,Remarketing_Display,110,46,80,24,6,270,10520
2023-07-03,Google Ads,Lead_Generation,368,221,247,94,27,735,26470
2023-07-03,Google Ads,Display_Generico,347,209,237,94,16,692,24880
2023-07-03,Google Ads,Video_Awareness_Amplo,609,364,397,176,36,1221,44030
2023-07-03,Meta Ads,Performance_Search,224,132,135,73,16,454,16440
2023-07-03,Meta Ads,Performance_Shopping,369,220,241,107,21,741,26750
2023-07-03,Meta Ads,Remarketing_Display,115,47,75,33,7,285,11140
2023-07-03,Meta Ads,Lead_Generation,263,155,157,91,15,533,19300
2023-07-03,Meta Ads,Display_Generico,536,319,342,163,31,1078,38930
2023-07-03,Meta Ads,Video_Awareness_Amplo,548,329,373,153,22,1095,39430
2023-07-03,TikTok Ads,Performance_Search,546,326,358,169,19,1096,39520
2023-07-03,TikTok Ads,Performance_Shopping,393,238,278,98,17,780,28010
2023-07-03,TikTok Ads,Remarketing_Display,332,137,210,102,20,819,31990
2023-07-03,TikTok Ads,Lead_Generation,435,259,282,142,11,875,31580
2023-07-03,TikTok Ads,Display_Generico,862,513,547,275,40,1734,62610
2023-07-03,TikTok Ads,Video_Awareness_Amplo,1044,621,660,333,51,2101,75870
2023-07-04,Google Ads,Performance_Search,306,183,202,84,20,613,22110
2023-07-04,Google Ads,Performance_Shopping,256,153,171,72,13,513,18510
2023-07-04,Google Ads,Remarketing_Display,84,34,55,26,3,209,8180
2023-07-04,Google Ads,Lead_Generation,349,207,218,116,15,704,25440
2023-07-04,Google Ads,Display_Generico,418,247,257,137,24,845,30590
2023-07-04,Google Ads,Video_Awareness_Amplo,559,333,363,170,26,1124,40560
2023-07-04,Meta Ads,Performance_Search,274,163,174,90,10,551,19910
2023-07-04,Meta Ads,Performance_Shopping,375,224,246,109,20,752,27130
2023-07-04,Meta Ads,Remarketing_Display,203,84,135,55,13,500,19530
2023-07-04,Meta Ads,Lead_Generation,376,227,263,100,13,748,26890
2023-07-04,Meta Ads,Display_Generico,556,330,351,170,35,1121,40500
2023-07-04,Meta Ads,Video_Awareness_Amplo,701,420,464,212,25,1403,50550
2023-07-04,TikTok Ads,Performance_Search,773,464,518,209,46,1545,55630
2023-07-04,TikTok Ads,Performance_Shopping,584,349,381,179,24,1171,42230
2023-07-04,TikTok Ads,Remarketing_Display,265,109,168,87,10,655,25580
2023-07-04,TikTok Ads,Lead_Generation,778,465,508,228,42,1560,56250
2023-07-04,TikTok Ads,Display_Generico,754,450,489,222,43,1514,54600
2023-07-04,TikTok Ads,Video_Awareness_Amplo,803,480,527,248,28,1610,58050
2023-07-05,Google Ads,Performance_Search,325,192,202,104,19,657,23790
2023-07-05,Google Ads,Performance_Shopping,355,211,228,111,16,715,25820
2023-07-05,Google Ads,Remarketing_Display,94,38,55,39,0,234,9160
2023-07-05,Google Ads,Lead_Generation,250,149,165,72,13,502,18130
2023-07-05,Google Ads,Display_Generico,590,349,360,196,34,1192,43130
2023-07-05,Google Ads,Video_Awareness_Amplo,620,369,395,190,35,1247,45030
2023-07-05,Meta Ads,Performance_Search,392,235,261,114,17,784,28250
2023-07-05,Meta Ads,Performance_Shopping,354,207,206,122,26,721,26190
2023-07-05,Meta Ads,Remarketing_Display,197,82,133,58,6,484,18890
2023-07-05,Meta Ads,Lead_Generation,201,120,134,53,14,403,14550
2023-07-05,Meta Ads,Display_Generico,550,327,353,168,29,1107,39990
2023-07-05,Meta Ads,Video_Awareness_Amplo,568,340,375,173,20,1138,41000
2023-07-05,TikTok Ads,Performance_Search,716,429,474,205,37,1433,51630
2023-07-05,TikTok Ads,Performance_Shopping,331,199,224,95,12,661,23780
2023-07-05,TikTok Ads,Remarketing_Display,269,110,166,91,12,666,26050
2023-07-05,TikTok Ads,Lead_Generation,391,232,248,126,17,788,28490
2023-07-05,TikTok Ads,Display_Generico,988,591,649,301,38,1980,71370
2023-07-05,TikTok Ads,Video_Awareness_Amplo,1072,639,689,315,68,2154,77730
2023-07-06,Google Ads,Performance_Search,186,112,132,44,10,371,13340
2023-07-06,Google Ads,Performance_Shopping,298,177,189,87,22,600,21690
2023-07-06,Google Ads,Remarketing_Display,153,63,98,49,6,378,14760
2023-07-06,Google Ads,Lead_Generation,239,141,147,78,14,484,17520
2023-07-06,Google Ads,Display_Generico,349,210,237,93,19,696,25050
2023-07-06,Google Ads,Video_Awareness_Amplo,364,220,254,94,16,724,26000
2023-07-06,Meta Ads,Performance_Search,228,135,144,68,16,460,16650
2023-07-06,Meta Ads,Performance_Shopping,557,332,357,178,22,1119,40390
2023-07-06,Meta Ads,Remarketing_Display,189,78,121,57,11,466,18210
2023-07-06,Meta Ads,Lead_Generation,308,186,218,78,12,613,22020
2023-07-06,Meta Ads,Display_Generico,529,318,358,144,27,1056,38010
2023-07-06,Meta Ads,Video_Awareness_Amplo,530,317,349,147,34,1062,38290
2023-07-06,TikTok Ads,Performance_Search,490,292,314,143,33,985,35540
2023-07-06,TikTok Ads,Performance_Shopping,392,233,252,116,24,789,28510
2023-07-06,TikTok Ads,Remarketing_Display,324,134,209,103,12,799,31180
2023-07-06,TikTok Ads,Lead_Generation,780,467,514,225,41,1562,56290
2023-07-06,TikTok Ads,Display_Generico,736,438,467,233,36,1481,53460
2023-07-06,TikTok Ads,Video_Awareness_Amplo,1242,741,804,377,61,2494,89970
2023-07-07,Google Ads,Performance_Search,305,183,207,84,14,610,21960
2023-07-07,Google Ads,Performance_Shopping,216,130,151,53,12,431,15500
2023-07-07,Google Ads,Remarketing_Display,102,42,66,28,8,252,9840
2023-07-07,Google Ads,Lead_Generation,164,99,114,46,4,326,11730
2023-07-07,Google Ads,Display_Generico,566,335,353,173,40,1143,41350
2023-07-07,Google Ads,Video_Awareness_Amplo,462,277,307,134,21,924,33290
2023-07-07,Meta Ads,Performance_Search,291,174,192,91,8,583,21030
2023-07-07,Meta Ads,Performance_Shopping,293,172,175,103,15,595,21590
2023-07-07,Meta Ads,Remarketing_Display,219,90,142,64,13,541,21150
2023-07-07,Meta Ads,Lead_Generation,275,164,178,82,15,552,19930
2023-07-07,Meta Ads,Display_Generico,433,258,279,131,23,870,31410
2023-07-07,Meta Ads,Video_Awareness_Amplo,533,316,333,178,22,1075,38870
2023-07-07,TikTok Ads,Performance_Search,641,383,421,192,28,1286,46360
2023-07-07,TikTok Ads,Performance_Shopping,534,316,331,182,21,1079,39020
2023-07-07,TikTok Ads,Remarketing_Display,251,104,169,73,9,618,24130
2023-07-07,TikTok Ads,Lead_Generation,535,319,348,159,28,1075,38780
2023-07-07,TikTok Ads,Display_Generico,1014,607,667,298,49,2031,73190
2023-07-07,TikTok Ads,Video_Awareness_Amplo,940,561,609,281,50,1887,68070
2023-07-08,Google Ads,Performance_Search,146,88,101,40,5,291,10460
2023-07-08,Google Ads,Performance_Shopping,156,93,102,47,7,313,11310
2023-07-08,Google Ads,Remarketing_Display,56,23,36,16,4,138,5410
2023-07-08,Google Ads,Lead_Generation,242,144,154,71,17,487,17580
2023-07-08,Google Ads,Display_Generico,351,211,242,96,13,701,25220
2023-07-08,Google Ads,Video_Awareness_Amplo,236,141,154,69,13,473,17070
2023-07-08,Meta Ads,Performance_Search,155,91,92,55,8,315,11420
2023-07-08,Meta Ads,Performance_Shopping,236,142,163,61,12,471,16940
2023-07-08,Meta Ads,Remarketing_Display,133,54,81,44,8,330,12930
2023-07-08,Meta Ads,Lead_Generation,330,197,217,102,11,662,23890
2023-07-08,Meta Ads,Display_Generico,358,215,240,101,17,715,25750
2023-07-08,Meta Ads,Video_Awareness_Amplo,363,215,225,115,23,733,26500
2023-07-08,TikTok Ads,Performance_Search,328,195,212,100,16,660,23850
2023-07-08,TikTok Ads,Performance_Shopping,239,142,155,71,13,481,17390
2023-07-08,TikTok Ads,Remarketing_Display,183,76,125,47,11,450,17570
2023-07-08,TikTok Ads,Lead_Generation,388,231,247,121,20,780,28170
2023-07-08,TikTok Ads,Display_Generico,510,303,321,166,23,1027,37110
2023-07-08,TikTok Ads,Video_Awareness_Amplo,482,289,326,133,23,964,34730
2023-07-09,Google Ads,Performance_Search,131,78,88,37,6,263,9510
2023-07-09,Google Ads,Performance_Shopping,163,97,104,50,9,328,11840
2023-07-09,Google Ads,Remarketing_Display,55,22,37,18,0,137,5390
2023-07-09,Google Ads,Lead_Generation,184,111,131,46,7,366,13170
2023-07-09,Google Ads,Display_Generico,305,182,202,90,13,612,22090
2023-07-09,Google Ads,Video_Awareness_Amplo,335,200,218,91,26,672,24250
2023-07-09,Meta Ads,Performance_Search,170,102,117,44,9,340,12240
2023-07-09,Meta Ads,Performance_Shopping,290,171,176,93,21,587,21270
2023-07-09,Meta Ads,Remarketing_Display,109,43,57,42,10,274,10760
2023-07-09,Meta Ads,Lead_Generation,267,160,182,75,10,534,19250
2023-07-09,Meta Ads,Display_Generico,414,246,261,125,28,834,30120
2023-07-09,Meta Ads,Video_Awareness_Amplo,271,163,189,66,16,541,19460
2023-07-09,TikTok Ads,Performance_Search,349,212,254,79,16,691,24790
2023-07-09,TikTok Ads,Performance_Shopping,471,283,323,123,25,941,33860
2023-07-09,TikTok Ads,Remarketing_Display,138,57,88,41,9,340,13290
2023-07-09,TikTok Ads,Lead_Generation,475,284,310,143,22,952,34330
2023-07-09,TikTok Ads,Display_Generico,470,278,291,160,19,950,34360
2023-07-09,TikTok Ads,Video_Awareness_Amplo,505,301,329,151,25,1015,36620
2023-07-10,Google Ads,Performance_Search,360,214,232,117,11,725,26180
2023-07-10,Google Ads,Performance_Shopping,357,214,240,105,12,714,25730
2023-07-10,Google Ads,Remarketing_Display,99,40,62,33,4,246,9650
2023-07-10,Google Ads,Lead_Generation,373,223,244,103,26,748,26960
2023-07-10,Google Ads,Display_Generico,626,373,402,193,31,1258,45410
2023-07-10,Google Ads,Video_Awareness_Amplo,548,326,348,170,30,1103,39820
2023-07-10,Meta Ads,Performance_Search,386,229,242,125,19,778,28130
2023-07-10,Meta Ads,Performance_Shopping,511,304,329,161,21,1028,37130
2023-07-10,Meta Ads,Remarketing_Display,209,87,142,50,17,514,20040
2023-07-10,Meta Ads,Lead_Generation,373,222,241,111,21,750,27090
2023-07-10,Meta Ads,Display_Generico,578,345,378,172,28,1160,41850
2023-07-10,Meta Ads,Video_Awareness_Amplo,756,449,477,236,43,1523,55030
2023-07-10,TikTok Ads,Performance_Search,454,270,289,141,24,914,33000
2023-07-10,TikTok Ads,Performance_Shopping,736,437,460,239,37,1483,53590
2023-07-10,TikTok Ads,Remarketing_Display,278,114,172,90,16,688,26880
2023-07-10,TikTok Ads,Lead_Generation,499,298,328,143,28,1001,36110
2023-07-10,TikTok Ads,Display_Generico,749,443,460,253,36,1514,54760
2023-07-10,TikTok Ads,Video_Awareness_Amplo,1137,676,719,352,66,2289,82670
2023-07-11,Google Ads,Performance_Search,238,142,157,70,11,478,17240
2023-07-11,Google Ads,Performance_Shopping,228,136,150,66,12,458,16520
2023-07-11,Google Ads,Remarketing_Display,76,31,46,27,3,188,7370
2023-07-11,Google Ads,Lead_Generation,337,197,195,117,25,687,24940
2023-07-11,Google Ads,Display_Generico,556,330,350,182,24,1121,40500
2023-07-11,Google Ads,Video_Awareness_Amplo,494,295,323,149,22,991,35750
2023-07-11,Meta Ads,Performance_Search,347,206,221,111,15,699,25270
2023-07-11,Meta Ads,Performance_Shopping,618,365,378,207,33,1250,45250
2023-07-11,Meta Ads,Remarketing_Display,141,57,84,47,10,351,13740
2023-07-11,Meta Ads,Lead_Generation,453,270,296,134,23,910,32850
2023-07-11,Meta Ads,Display_Generico,616,366,389,199,28,1241,44820
2023-07-11,Meta Ads,Video_Awareness_Amplo,825,490,522,263,40,1662,60050
2023-07-11,TikTok Ads,Performance_Search,813,487,543,231,39,1628,58640
2023-07-11,TikTok Ads,Performance_Shopping,793,472,505,245,43,1595,57590
2023-07-11,TikTok Ads,Remarketing_Display,235,98,164,59,12,577,22510
2023-07-11,TikTok Ads,Lead_Generation,523,311,332,168,23,1053,38020
2023-07-11,TikTok Ads,Display_Generico,816,486,521,250,45,1641,59220
2023-07-11,TikTok Ads,Video_Awareness_Amplo,754,450,491,226,37,1514,54600
2023-07-12,Google Ads,Performance_Search,302,179,192,99,11,609,22030
2023-07-12,Google Ads,Performance_Shopping,170,100,106,56,8,345,12500
2023-07-12,Google Ads,Remarketing_Display,126,51,77,45,4,313,12270
2023-07-12,Google Ads,Lead_Generation,370,220,239,110,21,745,26900
2023-07-12,Google Ads,Display_Generico,329,196,213,103,13,661,23870
2023-07-12,Google Ads,Video_Awareness_Amplo,472,281,302,144,26,949,34270
2023-07-12,Meta Ads,Performance_Search,442,263,285,136,21,889,32110
2023-07-12,Meta Ads,Performance_Shopping,573,342,373,173,27,1150,41490
2023-07-12,Meta Ads,Remarketing_Display,110,45,72,32,6,272,10650
2023-07-12,Meta Ads,Lead_Generation,342,204,220,103,19,687,24780
2023-07-12,Meta Ads,Display_Generico,666,396,423,215,28,1341,48420
2023-07-12,Meta Ads,Video_Awareness_Amplo,687,414,472,187,28,1369,49230
2023-07-12,TikTok Ads,Performance_Search,627,373,401,193,33,1262,45560
2023-07-12,TikTok Ads,Performance_Shopping,570,342,383,161,26,1140,41040
2023-07-12,TikTok Ads,Remarketing_Display,254,105,163,81,10,626,24450
2023-07-12,TikTok Ads,Lead_Generation,424,254,280,129,15,849,30580
2023-07-12,TikTok Ads,Display_Generico,755,452,499,212,44,1512,54490
2023-07-12,TikTok Ads,Video_Awareness_Amplo,722,431,470,211,41,1449,52270
2023-07-13,Google Ads,Performance_Search,312,187,210,87,15,624,22490
2023-07-13,Google Ads,Performance_Shopping,205,123,142,58,5,410,14760
2023-07-13,Google Ads,Remarketing_Display,115,47,72,39,4,285,11140
2023-07-13,Google Ads,Lead_Generation,392,234,258,123,11,787,28380
2023-07-13,Google Ads,Display_Generico,425,253,274,130,21,855,30860
2023-07-13,Google Ads,Video_Awareness_Amplo,506,302,330,149,27,1016,36640
2023-07-13,Meta Ads,Performance_Search,315,188,207,94,14,632,22810
2023-07-13,Meta Ads,Performance_Shopping,443,263,279,148,16,893,32260
2023-07-13,Meta Ads,Remarketing_Display,203,82,119,71,13,505,19790
2023-07-13,Meta Ads,Lead_Generation,213,125,125,79,9,433,15700
2023-07-13,Meta Ads,Display_Generico,634,380,426,160,48,1269,45700
2023-07-13,Meta Ads,Video_Awareness_Amplo,496,298,335,143,18,991,35660
2023-07-13,TikTok Ads,Performance_Search,430,256,274,135,21,865,31220
2023-07-13,TikTok Ads,Performance_Shopping,547,329,376,144,27,1092,39280
2023-07-13,TikTok Ads,Remarketing_Display,315,130,198,97,20,777,30350
2023-07-13,TikTok Ads,Lead_Generation,372,224,254,94,24,742,26680
2023-07-13,TikTok Ads,Display_Generico,802,480,530,234,38,1607,57900
2023-07-13,TikTok Ads,Video_Awareness_Amplo,1058,635,712,312,34,2115,76150
2023-07-14,Google Ads,Performance_Search,332,199,222,91,19,664,23930
2023-07-14,Google Ads,Performance_Shopping,314,184,183,106,25,639,23180
2023-07-14,Google Ads,Remarketing_Display,134,56,91,35,8,329,12820
2023-07-14,Google Ads,Lead_Generation,177,106,123,48,6,354,12770
2023-07-14,Google Ads,Display_Generico,568,340,375,164,29,1138,41000
2023-07-14,Google Ads,Video_Awareness_Amplo,370,223,259,100,11,737,26510
2023-07-14,Meta Ads,Performance_Search,301,179,195,83,23,606,21880
2023-07-14,Meta Ads,Performance_Shopping,531,317,346,156,29,1066,38440
2023-07-14,Meta Ads,Remarketing_Display,132,54,83,42,7,327,12780
2023-07-14,Meta Ads,Lead_Generation,452,268,281,148,23,912,32960
2023-07-14,Meta Ads,Display_Generico,600,357,382,190,28,1207,43590
2023-07-14,Meta Ads,Video_Awareness_Amplo,510,303,322,159,29,1027,37110
2023-07-14,TikTok Ads,Performance_Search,855,510,555,252,48,1717,61950
2023-07-14,TikTok Ads,Performance_Shopping,798,479,536,231,31,1595,57430
2023-07-14,TikTok Ads,Remarketing_Display,271,113,183,72,16,666,25960
2023-07-14,TikTok Ads,Lead_Generation,390,231,242,123,25,787,28470
2023-07-14,TikTok Ads,Display_Generico,1210,722,783,363,64,2430,87640
2023-07-14,TikTok Ads,Video_Awareness_Amplo,796,474,511,250,35,1601,57780
2023-07-15,Google Ads,Performance_Search,113,67,75,35,3,228,8240
2023-07-15,Google Ads,Performance_Shopping,131,79,91,36,4,261,9380
2023-07-15,Google Ads,Remarketing_Display,106,44,69,32,5,261,10180
2023-07-15,Google Ads,Lead_Generation,205,124,146,52,7,407,14630
2023-07-15,Google Ads,Display_Generico,266,159,179,75,12,533,19230
2023-07-15,Google Ads,Video_Awareness_Amplo,310,185,203,89,18,622,22450
2023-07-15,Meta Ads,Performance_Search,272,162,175,82,15,547,19740
2023-07-15,Meta Ads,Performance_Shopping,320,189,194,109,17,647,23430
2023-07-15,Meta Ads,Remarketing_Display,86,35,56,22,8,213,8350
2023-07-15,Meta Ads,Lead_Generation,299,178,196,83,20,601,21710
2023-07-15,Meta Ads,Display_Generico,321,192,213,97,11,643,23190
2023-07-15,Meta Ads,Video_Awareness_Amplo,347,207,225,102,20,697,25140
2023-07-15,TikTok Ads,Performance_Search,214,127,134,67,13,431,15590
2023-07-15,TikTok Ads,Performance_Shopping,315,189,216,81,18,630,22680
2023-07-15,TikTok Ads,Remarketing_Display,146,60,96,45,5,361,14100
2023-07-15,TikTok Ads,Lead_Generation,403,241,269,120,14,808,29120
2023-07-15,TikTok Ads,Display_Generico,724,431,460,239,25,1456,52570
2023-07-15,TikTok Ads,Video_Awareness_Amplo,777,464,509,220,48,1559,56230
2023-07-16,Google Ads,Performance_Search,135,81,92,35,8,270,9720
2023-07-16,Google Ads,Performance_Shopping,175,106,125,43,7,347,12470
2023-07-16,Google Ads,Remarketing_Display,82,34,53,23,6,202,7880
2023-07-16,Google Ads,Lead_Generation,196,116,123,60,13,396,14320
2023-07-16,Google Ads,Display_Generico,340,200,206,120,14,690,25000
2023-07-16,Google Ads,Video_Awareness_Amplo,287,172,193,82,12,574,20690
2023-07-16,Meta Ads,Performance_Search,223,132,142,71,10,450,16290
2023-07-16,Meta Ads,Performance_Shopping,211,127,144,59,8,421,15140
2023-07-16,Meta Ads,Remarketing_Display,101,42,73,20,8,248,9690
2023-07-16,Meta Ads,Lead_Generation,192,113,114,64,14,389,14110
2023-07-16,Meta Ads,Display_Generico,392,235,263,106,23,784,28250
2023-07-16,Meta Ads,Video_Awareness_Amplo,487,289,304,161,22,982,35480
2023-07-16,TikTok Ads,Performance_Search,255,153,171,71,13,510,18360
2023-07-16,TikTok Ads,Performance_Shopping,371,221,240,113,18,746,26920
2023-07-16,TikTok Ads,Remarketing_Display,129,52,72,50,7,321,12590
2023-07-16,TikTok Ads,Lead_Generation,404,239,253,126,25,816,29530
2023-07-16,TikTok Ads,Display_Generico,559,336,383,152,24,1116,40170
2023-07-16,TikTok Ads,Video_Awareness_Amplo,479,286,315,144,20,961,34670
2023-07-17,Google Ads,Performance_Search,302,180,195,89,18,607,21900
2023-07-17,Google Ads,Performance_Shopping,232,137,146,73,13,469,16990
2023-07-17,Google Ads,Remarketing_Display,114,47,73,33,8,281,10990
2023-07-17,Google Ads,Lead_Generation,177,106,119,50,8,354,12770
2023-07-17,Google Ads,Display_Generico,412,243,249,144,19,834,30210
2023-07-17,Google Ads,Video_Awareness_Amplo,540,323,354,149,37,1082,39010
2023-07-17,Meta Ads,Performance_Search,577,343,368,179,30,1162,41960
2023-07-17,Meta Ads,Performance_Shopping,303,181,198,86,19,608,21920
2023-07-17,Meta Ads,Remarketing_Display,119,49,78,39,2,294,11480
2023-07-17,Meta Ads,Lead_Generation,388,233,261,103,24,775,27910
2023-07-17,Meta Ads,Display_Generico,621,372,414,170,37,1243,44790
2023-07-17,Meta Ads,Video_Awareness_Amplo,484,287,306,149,29,976,35290
2023-07-17,TikTok Ads,Performance_Search,413,247,274,117,22,828,29840
2023-07-17,TikTok Ads,Performance_Shopping,838,505,574,221,43,1670,60050
2023-07-17,TikTok Ads,Remarketing_Display,277,114,176,88,13,684,26730
2023-07-17,TikTok Ads,Lead_Generation,726,436,493,198,35,1451,52220
2023-07-17,TikTok Ads,Display_Generico,827,491,517,262,48,1667,60220
2023-07-17,TikTok Ads,Video_Awareness_Amplo,848,507,558,240,50,1700,61290
2023-07-18,Google Ads,Performance_Search,209,126,145,51,13,416,14970
2023-07-18,Google Ads,Performance_Shopping,250,149,164,79,7,502,18130
2023-07-18,Google Ads,Remarketing_Display,147,61,98,44,5,362,14120
2023-07-18,Google Ads,Lead_Generation,371,221,242,114,15,746,26920
2023-07-18,Google Ads,Display_Generico,363,217,243,95,25,728,26240
2023-07-18,Google Ads,Video_Awareness_Amplo,348,207,226,107,15,700,25290
2023-07-18,Meta Ads,Performance_Search,473,282,309,143,21,950,34290
2023-07-18,Meta Ads,Performance_Shopping,341,203,218,109,14,686,24760
2023-07-18,Meta Ads,Remarketing_Display,198,81,125,64,9,490,19170
2023-07-18,Meta Ads,Lead_Generation,328,196,217,97,14,658,23720
2023-07-18,Meta Ads,Display_Generico,864,518,577,242,45,1729,62260
2023-07-18,Meta Ads,Video_Awareness_Amplo,505,300,317,156,32,1017,36750
2023-07-18,TikTok Ads,Performance_Search,554,332,369,163,22,1109,39940
2023-07-18,TikTok Ads,Performance_Shopping,437,259,276,143,18,882,31880
2023-07-18,TikTok Ads,Remarketing_Display,259,108,175,74,10,636,24810
2023-07-18,TikTok Ads,Lead_Generation,451,268,289,145,17,908,32810
2023-07-18,TikTok Ads,Display_Generico,854,508,544,263,47,1719,62060
2023-07-18,TikTok Ads,Video_Awareness_Amplo,1138,683,765,316,57,2275,81910
2023-07-19,Google Ads,Performance_Search,256,151,154,87,15,518,18770
2023-07-19,Google Ads,Performance_Shopping,197,119,139,47,11,392,14080
2023-07-19,Google Ads,Remarketing_Display,113,46,71,37,5,280,10970
2023-07-19,Google Ads,Lead_Generation,254,151,165,79,10,511,18470
2023-07-19,Google Ads,Display_Generico,672,400,432,207,33,1352,48800
2023-07-19,Google Ads,Video_Awareness_Amplo,379,228,258,104,17,756,27210
2023-07-19,Meta Ads,Performance_Search,324,194,214,90,20,649,23380
2023-07-19,Meta Ads,Performance_Shopping,577,344,371,186,20,1159,41830
2023-07-19,Meta Ads,Remarketing_Display,193,79,124,60,9,478,18680
2023-07-19,Meta Ads,Lead_Generation,257,153,169,81,7,517,18660
2023-07-19,Meta Ads,Display_Generico,784,472,537,214,33,1564,56240
2023-07-19,Meta Ads,Video_Awareness_Amplo,698,418,465,199,34,1398,50360
2023-07-19,TikTok Ads,Performance_Search,727,433,469,225,33,1462,52760
2023-07-19,TikTok Ads,Performance_Shopping,806,484,542,213,51,1611,57980
2023-07-19,TikTok Ads,Remarketing_Display,272,113,185,70,17,669,26110
2023-07-19,TikTok Ads,Lead_Generation,517,308,333,168,16,1039,37510
2023-07-19,TikTok Ads,Display_Generico,664,398,441,205,18,1329,47860
2023-07-19,TikTok Ads,Video_Awareness_Amplo,1343,801,864,411,68,2698,97320
2023-07-20,Google Ads,Performance_Search,174,102,102,63,9,354,12840
2023-07-20,Google Ads,Performance_Shopping,305,181,193,98,14,615,22220
2023-07-20,Google Ads,Remarketing_Display,145,61,104,33,8,355,13820
2023-07-20,Google Ads,Lead_Generation,319,191,215,89,15,639,23020
2023-07-20,Google Ads,Display_Generico,508,300,313,173,22,1028,37200
2023-07-20,Google Ads,Video_Awareness_Amplo,546,324,340,181,25,1101,39780
2023-07-20,Meta Ads,Performance_Search,325,193,207,101,17,655,23660
2023-07-20,Meta Ads,Performance_Shopping,414,247,270,120,24,831,29990
2023-07-20,Meta Ads,Remarketing_Display,100,41,68,30,2,247,9670
2023-07-20,Meta Ads,Lead_Generation,438,262,288,123,27,878,31640
2023-07-20,Meta Ads,Display_Generico,559,336,381,150,28,1116,40170
2023-07-20,Meta Ads,Video_Awareness_Amplo,603,361,400,168,35,1208,43520
2023-07-20,TikTok Ads,Performance_Search,574,343,376,174,24,1151,41510
2023-07-20,TikTok Ads,Performance_Shopping,517,306,322,166,29,1044,37770
2023-07-20,TikTok Ads,Remarketing_Display,200,83,132,60,8,492,19210
2023-07-20,TikTok Ads,Lead_Generation,775,464,510,224,41,1552,55930
2023-07-20,TikTok Ads,Display_Generico,1263,747,775,405,83,2553,92340
2023-07-20,TikTok Ads,Video_Awareness_Amplo,1063,635,693,314,56,2133,76900
2023-07-21,Google Ads,Performance_Search,172,101,101,60,11,349,12670
2023-07-21,Google Ads,Performance_Shopping,348,207,222,107,19,700,25290
2023-07-21,Google Ads,Remarketing_Display,88,36,61,26,1,218,8520
2023-07-21,Google Ads,Lead_Generation,173,103,111,51,11,348,12560
2023-07-21,Google Ads,Display_Generico,386,231,259,112,15,773,27870
2023-07-21,Google Ads,Video_Awareness_Amplo,414,246,264,132,18,834,30120
2023-07-21,Meta Ads,Performance_Search,465,280,323,127,15,927,33350
2023-07-21,Meta Ads,Performance_Shopping,422,251,267,131,24,849,30670
2023-07-21,Meta Ads,Remarketing_Display,108,45,73,33,2,265,10350
2023-07-21,Meta Ads,Lead_Generation,506,298,302,175,29,1026,37160
2023-07-21,Meta Ads,Display_Generico,486,290,315,147,24,976,35200
2023-07-21,Meta Ads,Video_Awareness_Amplo,604,364,417,156,31,1204,43280
2023-07-21,TikTok Ads,Performance_Search,667,398,432,206,29,1339,48310
2023-07-21,TikTok Ads,Performance_Shopping,598,357,387,176,35,1200,43290
2023-07-21,TikTok Ads,Remarketing_Display,317,131,208,91,18,782,30520
2023-07-21,TikTok Ads,Lead_Generation,359,216,247,100,12,716,25770
2023-07-21,TikTok Ads,Display_Generico,1019,611,680,296,43,2039,73420
2023-07-21,TikTok Ads,Video_Awareness_Amplo,782,461,471,267,44,1584,57370
2023-07-22,Google Ads,Performance_Search,166,98,103,54,9,336,12160
2023-07-22,Google Ads,Performance_Shopping,189,111,112,65,12,384,13920
2023-07-22,Google Ads,Remarketing_Display,82,34,53,22,7,202,7880
2023-07-22,Google Ads,Lead_Generation,181,106,107,62,12,368,13370
2023-07-22,Google Ads,Display_Generico,361,215,233,103,25,726,26200
2023-07-22,Google Ads,Video_Awareness_Amplo,294,175,187,95,12,591,21350
2023-07-22,Meta Ads,Performance_Search,302,181,203,86,13,604,21770
2023-07-22,Meta Ads,Performance_Shopping,243,144,153,78,12,490,17730
2023-07-22,Meta Ads,Remarketing_Display,139,57,90,44,5,344,13440
2023-07-22,Meta Ads,Lead_Generation,262,156,173,72,17,527,19020
2023-07-22,Meta Ads,Display_Generico,467,277,295,150,22,942,34040
2023-07-22,Meta Ads,Video_Awareness_Amplo,490,294,328,136,26,980,35280
2023-07-22,TikTok Ads,Performance_Search,450,272,318,115,17,895,32140
2023-07-22,TikTok Ads,Performance_Shopping,443,266,298,125,20,885,31870
2023-07-22,TikTok Ads,Remarketing_Display,132,55,88,36,8,324,12650
2023-07-22,TikTok Ads,Lead_Generation,440,263,291,129,20,882,31810
2023-07-22,TikTok Ads,Display_Generico,580,348,393,159,28,1160,41760
2023-07-22,TikTok Ads,Video_Awareness_Amplo,682,407,442,205,35,1369,49390
2023-07-23,Google Ads,Performance_Search,149,90,105,38,6,296,10650
2023-07-23,Google Ads,Performance_Shopping,248,151,180,61,7,490,17570
2023-07-23,Google Ads,Remarketing_Display,77,31,46,29,2,192,7520
2023-07-23,Google Ads,Lead_Generation,229,135,143,74,12,464,16800
2023-07-23,Google Ads,Display_Generico,218,129,135,72,11,440,15930
2023-07-23,Google Ads,Video_Awareness_Amplo,250,148,158,74,18,505,18260
2023-07-23,Meta Ads,Performance_Search,236,141,155,67,14,473,17070
2023-07-23,Meta Ads,Performance_Shopping,302,180,196,95,11,607,21900
2023-07-23,Meta Ads,Remarketing_Display,120,50,86,28,6,295,11500
2023-07-23,Meta Ads,Lead_Generation,203,119,118,72,13,413,14980
2023-07-23,Meta Ads,Display_Generico,429,255,271,139,19,864,31200
2023-07-23,Meta Ads,Video_Awareness_Amplo,447,267,295,131,21,897,32340
2023-07-23,TikTok Ads,Performance_Search,266,160,184,68,14,531,19100
2023-07-23,TikTok Ads,Performance_Shopping,408,246,282,114,12,813,29220
2023-07-23,TikTok Ads,Remarketing_Display,115,46,65,44,6,287,11270
2023-07-23,TikTok Ads,Lead_Generation,256,153,169,79,8,513,18510
2023-07-23,TikTok Ads,Display_Generico,713,426,468,211,34,1430,51570
2023-07-23,TikTok Ads,Video_Awareness_Amplo,796,475,519,243,34,1598,57650
2023-07-24,Google Ads,Performance_Search,385,230,251,107,27,772,27850
2023-07-24,Google Ads,Performance_Shopping,334,198,210,107,17,674,24360
2023-07-24,Google Ads,Remarketing_Display,86,36,62,21,3,211,8220
2023-07-24,Google Ads,Lead_Generation,422,250,266,123,33,852,30800
2023-07-24,Google Ads,Display_Generico,583,346,365,175,43,1175,42470
2023-07-24,Google Ads,Video_Awareness_Amplo,440,262,286,128,26,885,31940
2023-07-24,Meta Ads,Performance_Search,422,251,269,129,24,849,30670
2023-07-24,Meta Ads,Performance_Shopping,484,290,321,136,27,969,34900
2023-07-24,Meta Ads,Remarketing_Display,190,79,127,53,10,467,18230
2023-07-24,Meta Ads,Lead_Generation,467,279,307,134,26,937,33780
2023-07-24,Meta Ads,Display_Generico,743,446,501,204,38,1485,53470
2023-07-24,Meta Ads,Video_Awareness_Amplo,504,300,325,153,26,1014,36600
2023-07-24,TikTok Ads,Performance_Search,327,194,207,102,18,659,23830
2023-07-24,TikTok Ads,Performance_Shopping,761,454,490,224,47,1528,55130
2023-07-24,TikTok Ads,Remarketing_Display,177,74,121,48,8,434,16930
2023-07-24,TikTok Ads,Lead_Generation,351,209,225,107,19,706,25480
2023-07-24,TikTok Ads,Display_Generico,986,588,637,297,52,1981,71460
2023-07-24,TikTok Ads,Video_Awareness_Amplo,891,532,580,256,55,1788,64490
2023-07-25,Google Ads,Performance_Search,279,167,188,82,9,559,20140
2023-07-25,Google Ads,Performance_Shopping,367,218,232,113,22,739,26710
2023-07-25,Google Ads,Remarketing_Display,107,44,66,39,2,264,10330
2023-07-25,Google Ads,Lead_Generation,269,160,176,84,9,541,19550
2023-07-25,Google Ads,Display_Generico,430,257,284,125,21,862,31090
2023-07-25,Google Ads,Video_Awareness_Amplo,537,325,381,133,23,1067,38300
2023-07-25,Meta Ads,Performance_Search,328,198,230,87,11,653,23460
2023-07-25,Meta Ads,Performance_Shopping,227,134,140,74,13,459,16630
2023-07-25,Meta Ads,Remarketing_Display,168,70,113,48,7,413,16100
2023-07-25,Meta Ads,Lead_Generation,316,186,191,108,17,641,23220
2023-07-25,Meta Ads,Display_Generico,716,429,474,202,40,1433,51630
2023-07-25,Meta Ads,Video_Awareness_Amplo,436,260,285,132,19,876,31600
2023-07-25,TikTok Ads,Performance_Search,586,351,387,170,29,1173,42270
2023-07-25,TikTok Ads,Performance_Shopping,631,375,397,197,37,1271,45900
2023-07-25,TikTok Ads,Remarketing_Display,242,100,162,70,10,597,23300
2023-07-25,TikTok Ads,Lead_Generation,531,319,357,145,29,1061,38180
2023-07-25,TikTok Ads,Display_Generico,946,563,605,298,43,1903,68710
2023-07-25,TikTok Ads,Video_Awareness_Amplo,984,590,658,275,51,1969,70900
2023-07-26,Google Ads,Performance_Search,361,214,225,126,10,728,26330
2023-07-26,Google Ads,Performance_Shopping,256,153,173,69,14,513,18510
2023-07-26,Google Ads,Remarketing_Display,100,41,64,28,8,247,9670
2023-07-26,Google Ads,Lead_Generation,338,202,222,95,21,678,24440
2023-07-26,Google Ads,Display_Generico,483,287,305,153,25,973,35140
2023-07-26,Google Ads,Video_Awareness_Amplo,576,344,374,174,28,1156,41680
2023-07-26,Meta Ads,Performance_Search,372,223,249,106,17,744,26810
2023-07-26,Meta Ads,Performance_Shopping,318,188,195,106,17,643,23260
2023-07-26,Meta Ads,Remarketing_Display,216,87,122,82,12,538,21090
2023-07-26,Meta Ads,Lead_Generation,275,164,179,81,15,552,19930
2023-07-26,Meta Ads,Display_Generico,575,346,392,159,24,1147,41270
2023-07-26,Meta Ads,Video_Awareness_Amplo,415,246,260,136,19,837,30270
2023-07-26,TikTok Ads,Performance_Search,796,474,512,243,41,1601,57780
2023-07-26,TikTok Ads,Performance_Shopping,516,307,330,158,28,1038,37490
2023-07-26,TikTok Ads,Remarketing_Display,292,120,183,95,14,722,28200
2023-07-26,TikTok Ads,Lead_Generation,351,209,224,107,20,706,25480
2023-07-26,TikTok Ads,Display_Generico,1082,644,688,345,49,2177,78580
2023-07-26,TikTok Ads,Video_Awareness_Amplo,763,458,513,218,32,1525,54910
2023-07-27,Google Ads,Performance_Search,319,192,217,89,13,636,22890
2023-07-27,Google Ads,Performance_Shopping,178,107,125,51,2,355,12790
2023-07-27,Google Ads,Remarketing_Display,137,57,96,35,6,337,13140
2023-07-27,Google Ads,Lead_Generation,367,219,243,104,20,737,26580
2023-07-27,Google Ads,Display_Generico,498,300,341,134,23,993,35700
2023-07-27,Google Ads,Video_Awareness_Amplo,479,287,320,139,20,959,34540
2023-07-27,Meta Ads,Performance_Search,249,148,161,77,11,501,18110
2023-07-27,Meta Ads,Performance_Shopping,420,249,264,135,21,847,30630
2023-07-27,Meta Ads,Remarketing_Display,189,79,130,50,9,464,18080
2023-07-27,Meta Ads,Lead_Generation,416,248,267,127,22,836,30160
2023-07-27,Meta Ads,Display_Generico,425,257,299,109,17,845,30340
2023-07-27,Meta Ads,Video_Awareness_Amplo,602,357,377,192,33,1214,43890
2023-07-27,TikTok Ads,Performance_Search,754,450,491,221,42,1514,54600
2023-07-27,TikTok Ads,Performance_Shopping,682,411,468,171,43,1359,48870
2023-07-27,TikTok Ads,Remarketing_Display,244,102,166,63,15,599,23340
2023-07-27,TikTok Ads,Lead_Generation,514,307,337,160,17,1031,37190
2023-07-27,TikTok Ads,Display_Generico,840,499,533,266,41,1692,61130
2023-07-27,TikTok Ads,Video_Awareness_Amplo,836,499,541,233,62,1678,60530
2023-07-28,Google Ads,Performance_Search,306,184,209,87,10,611,21980
2023-07-28,Google Ads,Performance_Shopping,234,137,138,82,14,476,17290
2023-07-28,Google Ads,Remarketing_Display,132,55,91,37,4,324,12650
2023-07-28,Google Ads,Lead_Generation,295,177,199,83,13,590,21240
2023-07-28,Google Ads,Display_Generico,393,235,259,110,24,788,28400
2023-07-28,Google Ads,Video_Awareness_Amplo,387,231,256,113,18,777,28020
2023-07-28,Meta Ads,Performance_Search,353,213,246,90,17,703,25260
2023-07-28,Meta Ads,Performance_Shopping,300,180,206,81,13,600,21600
2023-07-28,Meta Ads,Remarketing_Display,169,69,108,53,8,419,16380
2023-07-28,Meta Ads,Lead_Generation,540,324,361,157,22,1080,38880
2023-07-28,Meta Ads,Display_Generico,630,374,399,202,29,1270,45880
2023-07-28,Meta Ads,Video_Awareness_Amplo,506,301,325,157,24,1018,36770
2023-07-28,TikTok Ads,Performance_Search,343,204,222,104,17,690,24930
2023-07-28,TikTok Ads,Performance_Shopping,576,345,381,169,26,1153,41550
2023-07-28,TikTok Ads,Remarketing_Display,160,67,112,43,5,392,15290
2023-07-28,TikTok Ads,Lead_Generation,524,312,339,156,29,1054,38040
2023-07-28,TikTok Ads,Display_Generico,1084,644,683,340,61,2184,78880
2023-07-28,TikTok Ads,Video_Awareness_Amplo,1023,610,663,301,59,2055,74150
2023-07-29,Google Ads,Performance_Search,151,90,98,43,10,303,10950
2023-07-29,Google Ads,Performance_Shopping,102,61,70,28,4,204,7370
2023-07-29,Google Ads,Remarketing_Display,54,22,35,14,5,134,5240
2023-07-29,Google Ads,Lead_Generation,113,68,81,30,2,225,8110
2023-07-29,Google Ads,Display_Generico,213,127,139,65,9,428,15440
2023-07-29,Google Ads,Video_Awareness_Amplo,209,123,127,70,12,424,15360
2023-07-29,Meta Ads,Performance_Search,295,174,179,99,17,597,21630
2023-07-29,Meta Ads,Performance_Shopping,152,90,98,48,6,307,11100
2023-07-29,Meta Ads,Remarketing_Display,119,49,76,39,4,294,11480
2023-07-29,Meta Ads,Lead_Generation,210,123,126,80,4,427,15510
2023-07-29,Meta Ads,Display_Generico,459,276,312,127,20,916,32970
2023-07-29,Meta Ads,Video_Awareness_Amplo,408,244,273,117,18,818,29480
2023-07-29,TikTok Ads,Performance_Search,292,174,188,92,12,587,21180
2023-07-29,TikTok Ads,Performance_Shopping,413,246,269,120,24,830,29970
2023-07-29,TikTok Ads,Remarketing_Display,181,74,114,61,6,448,17530
2023-07-29,TikTok Ads,Lead_Generation,427,254,275,135,17,859,31030
2023-07-29,TikTok Ads,Display_Generico,840,504,562,237,41,1680,60480
2023-07-29,TikTok Ads,Video_Awareness_Amplo,609,367,420,165,24,1214,43640
2023-07-30,Google Ads,Performance_Search,219,130,143,68,8,441,15950
2023-07-30,Google Ads,Performance_Shopping,144,85,88,49,7,291,10550
2023-07-30,Google Ads,Remarketing_Display,96,40,71,24,1,236,9200
2023-07-30,Google Ads,Lead_Generation,272,162,176,85,11,547,19740
2023-07-30,Google Ads,Display_Generico,214,127,136,68,10,431,15590
2023-07-30,Google Ads,Video_Awareness_Amplo,310,183,192,104,14,627,22710
2023-07-30,Meta Ads,Performance_Search,256,152,165,80,11,516,18640
2023-07-30,Meta Ads,Performance_Shopping,383,228,247,117,19,770,27810
2023-07-30,Meta Ads,Remarketing_Display,151,62,97,48,6,373,14590
2023-07-30,Meta Ads,Lead_Generation,183,109,121,54,8,368,13280
2023-07-30,Meta Ads,Display_Generico,392,234,254,129,9,787,28380
2023-07-30,Meta Ads,Video_Awareness_Amplo,384,229,247,121,16,771,27830
2023-07-30,TikTok Ads,Performance_Search,382,229,259,113,10,764,27530
2023-07-30,TikTok Ads,Performance_Shopping,460,273,290,149,21,927,33510
2023-07-30,TikTok Ads,Remarketing_Display,151,63,103,41,7,371,14460
2023-07-30,TikTok Ads,Lead_Generation,269,161,182,78,9,539,19420
2023-07-30,TikTok Ads,Display_Generico,395,235,255,127,13,795,28700
2023-07-30,TikTok Ads,Video_Awareness_Amplo,479,287,321,136,22,959,34540
2023-07-31,Google Ads,Performance_Search,234,140,158,67,9,469,16900
2023-07-31,Google Ads,Performance_Shopping,306,183,206,85,15,613,22110
2023-07-31,Google Ads,Remarketing_Display,123,51,82,34,7,303,11820
2023-07-31,Google Ads,Lead_Generation,291,172,183,96,12,588,21290
2023-07-31,Google Ads,Display_Generico,401,241,271,105,25,801,28820
2023-07-31,Google Ads,Video_Awareness_Amplo,595,355,389,175,31,1195,43100
2023-07-31,Meta Ads,Performance_Search,545,325,356,161,28,1095,39500
2023-07-31,Meta Ads,Performance_Shopping,453,268,277,141,35,915,33110
2023-07-31,Meta Ads,Remarketing_Display,120,50,80,36,4,295,11500
2023-07-31,Meta Ads,Lead_Generation,476,282,294,157,25,961,34740
2023-07-31,Meta Ads,Display_Generico,815,489,549,221,45,1630,58680
2023-07-31,Meta Ads,Video_Awareness_Amplo,583,346,367,190,26,1175,42470
2023-07-31,TikTok Ads,Performance_Search,792,473,517,244,31,1589,57310
2023-07-31,TikTok Ads,Performance_Shopping,449,268,295,127,27,901,32510
2023-07-31,TikTok Ads,Remarketing_Display,315,130,207,91,17,777,30350
2023-07-31,TikTok Ads,Lead_Generation,384,228,246,110,28,774,27960
2023-07-31,TikTok Ads,Display_Generico,1178,702,757,360,61,2368,85440
2023-07-31,TikTok Ads,Video_Awareness_Amplo,981,584,628,296,57,1973,71230
2023-08-01,Google Ads,Performance_Search,329,195,209,97,23,664,24000
2023-08-01,Google Ads,Performance_Shopping,250,147,153,80,17,507,18390
2023-08-01,Google Ads,Remarketing_Display,103,42,69,32,2,255,9990
2023-08-01,Google Ads,Lead_Generation,271,161,174,82,15,546,19720
2023-08-01,Google Ads,Display_Generico,574,341,361,179,34,1156,41770
2023-08-01,Google Ads,Video_Awareness_Amplo,481,284,294,162,25,973,35230
2023-08-01,Meta Ads,Performance_Search,435,259,278,125,32,875,31580
2023-08-01,Meta Ads,Performance_Shopping,449,268,290,129,30,901,32510
2023-08-01,Meta Ads,Remarketing_Display,233,96,153,72,8,575,22470
2023-08-01,Meta Ads,Lead_Generation,550,331,376,149,25,1097,39470
2023-08-01,Meta Ads,Display_Generico,832,502,574,220,38,1657,59540
2023-08-01,Meta Ads,Video_Awareness_Amplo,866,518,570,253,43,1736,62560
2023-08-01,TikTok Ads,Performance_Search,483,288,315,141,27,970,35010
2023-08-01,TikTok Ads,Performance_Shopping,384,232,267,100,17,764,27440
2023-08-01,TikTok Ads,Remarketing_Display,292,121,196,81,15,719,28070
2023-08-01,TikTok Ads,Lead_Generation,449,268,292,139,18,901,32510
2023-08-01,TikTok Ads,Display_Generico,1241,742,814,361,66,2488,89690
2023-08-01,TikTok Ads,Video_Awareness_Amplo,1053,629,689,311,53,2113,76180
2023-08-02,Google Ads,Performance_Search,187,112,127,51,9,374,13490
2023-08-02,Google Ads,Performance_Shopping,353,208,213,119,21,715,25910
2023-08-02,Google Ads,Remarketing_Display,131,55,92,34,5,321,12500
2023-08-02,Google Ads,Lead_Generation,227,135,148,69,10,457,16500
2023-08-02,Google Ads,Display_Generico,498,296,318,154,26,1003,36220
2023-08-02,Google Ads,Video_Awareness_Amplo,449,268,291,134,24,901,32510
2023-08-02,Meta Ads,Performance_Search,599,354,365,195,39,1211,43830
2023-08-02,Meta Ads,Performance_Shopping,597,357,394,165,38,1197,43140
2023-08-02,Meta Ads,Remarketing_Display,117,49,81,31,5,287,11180
2023-08-02,Meta Ads,Lead_Generation,470,282,317,133,20,940,33840
2023-08-02,Meta Ads,Display_Generico,734,437,471,234,29,1476,53290
2023-08-02,Meta Ads,Video_Awareness_Amplo,884,529,586,259,39,1771,63830
2023-08-02,TikTok Ads,Performance_Search,840,499,533,275,32,1692,61130
2023-08-02,TikTok Ads,Performance_Shopping,542,325,366,142,34,1084,39050
2023-08-02,TikTok Ads,Remarketing_Display,214,89,141,63,10,526,20530
2023-08-02,TikTok Ads,Lead_Generation,476,281,293,155,28,963,34870
2023-08-02,TikTok Ads,Display_Generico,1083,648,716,315,52,2170,78210
2023-08-02,TikTok Ads,Video_Awareness_Amplo,1270,757,817,396,57,2552,92090
2023-08-03,Google Ads,Performance_Search,246,147,166,74,6,493,17790
2023-08-03,Google Ads,Performance_Shopping,384,227,239,120,25,776,28090
2023-08-03,Google Ads,Remarketing_Display,95,39,64,26,5,235,9180
2023-08-03,Google Ads,Lead_Generation,231,137,144,76,11,466,16840
2023-08-03,Google Ads,Display_Generico,610,364,395,179,36,1225,44180
2023-08-03,Google Ads,Video_Awareness_Amplo,597,353,365,185,47,1207,43660
2023-08-03,Meta Ads,Performance_Search,402,240,260,123,19,807,29100
2023-08-03,Meta Ads,Performance_Shopping,544,327,368,152,24,1086,39090
2023-08-03,Meta Ads,Remarketing_Display,235,98,163,68,4,577,22510
2023-08-03,Meta Ads,Lead_Generation,415,247,266,127,22,835,30140
2023-08-03,Meta Ads,Display_Generico,632,381,436,179,17,1259,45270
2023-08-03,Meta Ads,Video_Awareness_Amplo,899,537,585,271,43,1804,65040
2023-08-03,TikTok Ads,Performance_Search,848,507,557,241,50,1700,61290
2023-08-03,TikTok Ads,Performance_Shopping,420,253,291,112,17,837,30110
2023-08-03,TikTok Ads,Remarketing_Display,305,127,206,84,15,750,29240
2023-08-03,TikTok Ads,Lead_Generation,699,414,436,220,43,1411,51030
2023-08-03,TikTok Ads,Display_Generico,1125,669,710,364,51,2265,81780
2023-08-03,TikTok Ads,Video_Awareness_Amplo,1132,672,710,352,70,2282,82440
2023-08-04,Google Ads,Performance_Search,320,193,221,73,26,637,22910
2023-08-04,Google Ads,Performance_Shopping,339,203,224,98,17,679,24460
2023-08-04,Google Ads,Remarketing_Display,104,43,71,31,2,256,10010
2023-08-04,Google Ads,Lead_Generation,313,184,189,98,26,635,23030
2023-08-04,Google Ads,Display_Generico,489,290,309,152,28,986,35650
2023-08-04,Google Ads,Video_Awareness_Amplo,618,367,389,204,25,1245,44990
2023-08-04,Meta Ads,Performance_Search,428,253,266,135,27,865,31310
2023-08-04,Meta Ads,Performance_Shopping,424,255,289,119,16,846,30450
2023-08-04,Meta Ads,Remarketing_Display,205,86,143,50,12,502,19570
2023-08-04,Meta Ads,Lead_Generation,260,154,162,85,13,525,18980
2023-08-04,Meta Ads,Display_Generico,440,262,286,134,20,885,31940
2023-08-04,Meta Ads,Video_Awareness_Amplo,727,431,454,235,38,1467,53020
2023-08-04,TikTok Ads,Performance_Search,595,355,387,180,28,1195,43100
2023-08-04,TikTok Ads,Performance_Shopping,925,555,623,249,53,1850,66600
2023-08-04,TikTok Ads,Remarketing_Display,210,86,133,69,8,520,20320
2023-08-04,TikTok Ads,Lead_Generation,582,348,381,166,35,1167,42060
2023-08-04,TikTok Ads,Display_Generico,1045,624,683,313,49,2097,75630
2023-08-04,TikTok Ads,Video_Awareness_Amplo,629,374,399,198,32,1266,45730
2023-08-05,Google Ads,Performance_Search,135,80,84,44,7,272,9850
2023-08-05,Google Ads,Performance_Shopping,239,142,151,82,6,481,17390
2023-08-05,Google Ads,Remarketing_Display,85,35,57,27,1,210,8200
2023-08-05,Google Ads,Lead_Generation,160,95,104,48,8,322,11650
2023-08-05,Google Ads,Display_Generico,237,141,154,69,14,477,17220
2023-08-05,Google Ads,Video_Awareness_Amplo,423,252,273,122,28,850,30690
2023-08-05,Meta Ads,Performance_Search,239,139,134,86,19,489,17780
2023-08-05,Meta Ads,Performance_Shopping,381,226,238,124,19,768,27770
2023-08-05,Meta Ads,Remarketing_Display,87,35,51,30,6,217,8500
2023-08-05,Meta Ads,Lead_Generation,190,114,129,51,10,380,13680
2023-08-05,Meta Ads,Display_Generico,448,266,280,135,33,903,32620
2023-08-05,Meta Ads,Video_Awareness_Amplo,297,179,205,79,13,592,21280
2023-08-05,TikTok Ads,Performance_Search,309,184,201,94,14,621,22430
2023-08-05,TikTok Ads,Performance_Shopping,336,201,222,101,13,673,24270
2023-08-05,TikTok Ads,Remarketing_Display,190,79,125,53,12,467,18230
2023-08-05,TikTok Ads,Lead_Generation,330,195,200,111,19,667,24150
2023-08-05,TikTok Ads,Display_Generico,640,382,417,196,27,1285,46340
2023-08-05,TikTok Ads,Video_Awareness_Amplo,559,333,360,160,39,1124,40560
2023-08-06,Google Ads,Performance_Search,199,118,128,57,14,401,14510
2023-08-06,Google Ads,Performance_Shopping,264,157,172,81,11,531,19190
2023-08-06,Google Ads,Remarketing_Display,105,42,62,41,2,262,10290
2023-08-06,Google Ads,Lead_Generation,227,134,140,75,12,459,16630
2023-08-06,Google Ads,Display_Generico,311,186,205,93,13,623,22470
2023-08-06,Google Ads,Video_Awareness_Amplo,245,147,165,71,9,490,17640
2023-08-06,Meta Ads,Performance_Search,200,119,131,60,9,402,14530
2023-08-06,Meta Ads,Performance_Shopping,323,192,204,100,19,650,23490
2023-08-06,Meta Ads,Remarketing_Display,89,36,55,28,6,221,8670
2023-08-06,Meta Ads,Lead_Generation,235,140,155,62,18,472,17050
2023-08-06,Meta Ads,Display_Generico,431,258,286,120,25,863,31110
2023-08-06,Meta Ads,Video_Awareness_Amplo,501,297,315,157,29,1011,36540
2023-08-06,TikTok Ads,Performance_Search,267,159,170,82,15,537,19380
2023-08-06,TikTok Ads,Performance_Shopping,322,193,216,85,21,644,23210
2023-08-06,TikTok Ads,Remarketing_Display,214,88,135,65,14,529,20660
2023-08-06,TikTok Ads,Lead_Generation,468,276,284,159,25,948,34320
2023-08-06,TikTok Ads,Display_Generico,471,280,303,146,22,948,34250
2023-08-06,TikTok Ads,Video_Awareness_Amplo,738,445,509,203,26,1470,52850
2023-08-07,Google Ads,Performance_Search,374,226,260,98,16,744,26720
2023-08-07,Google Ads,Performance_Shopping,254,151,166,72,16,511,18470
2023-08-07,Google Ads,Remarketing_Display,99,40,61,33,5,246,9650
2023-08-07,Google Ads,Lead_Generation,294,176,199,80,15,589,21220
2023-08-07,Google Ads,Display_Generico,346,206,224,106,16,696,25120
2023-08-07,Google Ads,Video_Awareness_Amplo,332,199,225,97,10,664,23930
2023-08-07,Meta Ads,Performance_Search,420,251,279,128,13,842,30370
2023-08-07,Meta Ads,Performance_Shopping,573,341,365,186,22,1153,41620
2023-08-07,Meta Ads,Remarketing_Display,175,72,109,55,11,432,16890
2023-08-07,Meta Ads,Lead_Generation,583,347,376,190,17,1173,42340
2023-08-07,Meta Ads,Display_Generico,550,329,361,157,32,1102,39730
2023-08-07,Meta Ads,Video_Awareness_Amplo,625,373,406,187,32,1255,45260
2023-08-07,TikTok Ads,Performance_Search,574,342,369,178,27,1154,41640
2023-08-07,TikTok Ads,Performance_Shopping,447,267,295,133,19,897,32340
2023-08-07,TikTok Ads,Remarketing_Display,238,97,146,80,12,590,23090
2023-08-07,TikTok Ads,Lead_Generation,697,418,467,198,32,1394,50210
2023-08-07,TikTok Ads,Display_Generico,806,482,532,238,36,1616,58240
2023-08-07,TikTok Ads,Video_Awareness_Amplo,834,501,565,226,43,1666,59970
2023-08-08,Google Ads,Performance_Search,310,185,204,88,18,622,22450
2023-08-08,Google Ads,Performance_Shopping,197,118,132,58,7,394,14210
2023-08-08,Google Ads,Remarketing_Display,147,60,91,49,7,364,14250
2023-08-08,Google Ads,Lead_Generation,190,111,111,69,10,387,14070
2023-08-08,Google Ads,Display_Generico,533,317,340,166,27,1073,38740
2023-08-08,Google Ads,Video_Awareness_Amplo,393,234,252,115,26,790,28530
2023-08-08,Meta Ads,Performance_Search,293,174,184,89,20,590,21330
2023-08-08,Meta Ads,Performance_Shopping,328,196,217,94,17,658,23720
2023-08-08,Meta Ads,Remarketing_Display,175,73,120,47,8,430,16760
2023-08-08,Meta Ads,Lead_Generation,424,255,288,116,20,846,30450
2023-08-08,Meta Ads,Display_Generico,888,531,585,261,42,1780,64170
2023-08-08,Meta Ads,Video_Awareness_Amplo,680,406,446,205,29,1365,49220
2023-08-08,TikTok Ads,Performance_Search,642,382,410,193,39,1292,46640
2023-08-08,TikTok Ads,Performance_Shopping,366,221,257,92,17,728,26170
2023-08-08,TikTok Ads,Remarketing_Display,204,84,128,62,14,504,19680
2023-08-08,TikTok Ads,Lead_Generation,512,304,323,166,23,1032,37280
2023-08-08,TikTok Ads,Display_Generico,1011,603,651,314,46,2031,73260
2023-08-08,TikTok Ads,Video_Awareness_Amplo,1262,751,804,383,75,2539,91670
2023-08-09,Google Ads,Performance_Search,297,179,204,80,13,592,21280
2023-08-09,Google Ads,Performance_Shopping,182,108,117,54,11,367,13260
2023-08-09,Google Ads,Remarketing_Display,95,39,64,23,8,235,9180
2023-08-09,Google Ads,Lead_Generation,190,113,123,61,6,382,13810
2023-08-09,Google Ads,Display_Generico,607,357,363,203,41,1232,44640
2023-08-09,Google Ads,Video_Awareness_Amplo,318,192,222,86,10,633,22740
2023-08-09,Meta Ads,Performance_Search,459,274,302,136,21,921,33230
2023-08-09,Meta Ads,Performance_Shopping,555,328,341,186,28,1122,40610
2023-08-09,Meta Ads,Remarketing_Display,182,73,99,67,16,454,17810
2023-08-09,Meta Ads,Lead_Generation,310,185,203,89,18,622,22450
2023-08-09,Meta Ads,Display_Generico,460,275,302,136,22,922,33250
2023-08-09,Meta Ads,Video_Awareness_Amplo,819,490,537,253,29,1641,59150
2023-08-09,TikTok Ads,Performance_Search,587,346,354,205,28,1189,43070
2023-08-09,TikTok Ads,Performance_Shopping,783,470,525,225,33,1565,56350
2023-08-09,TikTok Ads,Remarketing_Display,269,111,177,77,15,664,25920
2023-08-09,TikTok Ads,Lead_Generation,566,338,371,165,30,1136,40960
2023-08-09,TikTok Ads,Display_Generico,846,502,531,278,37,1706,61640
2023-08-09,TikTok Ads,Video_Awareness_Amplo,815,483,504,263,48,1645,59460
2023-08-10,Google Ads,Performance_Search,385,228,241,122,22,777,28110
2023-08-10,Google Ads,Performance_Shopping,225,135,152,59,14,450,16200
2023-08-10,Google Ads,Remarketing_Display,137,57,92,40,5,337,13140
2023-08-10,Google Ads,Lead_Generation,155,92,102,44,9,312,11290
2023-08-10,Google Ads,Display_Generico,431,258,287,125,19,863,31110
2023-08-10,Google Ads,Video_Awareness_Amplo,653,390,429,198,26,1310,47250
2023-08-10,Meta Ads,Performance_Search,401,241,275,107,19,801,28820
2023-08-10,Meta Ads,Performance_Shopping,398,236,252,127,19,803,29020
2023-08-10,Meta Ads,Remarketing_Display,140,58,94,39,7,345,13460
2023-08-10,Meta Ads,Lead_Generation,390,231,246,125,19,787,28470
2023-08-10,Meta Ads,Display_Generico,629,375,404,198,27,1264,45600
2023-08-10,Meta Ads,Video_Awareness_Amplo,735,438,470,225,40,1477,53310
2023-08-10,TikTok Ads,Performance_Search,592,351,372,188,32,1194,43170
2023-08-10,TikTok Ads,Performance_Shopping,703,418,444,224,35,1415,51110
2023-08-10,TikTok Ads,Remarketing_Display,226,94,153,62,11,556,21680
2023-08-10,TikTok Ads,Lead_Generation,824,491,529,253,42,1656,59770
2023-08-10,TikTok Ads,Display_Generico,901,538,585,272,44,1808,65210
2023-08-10,TikTok Ads,Video_Awareness_Amplo,1034,622,700,286,48,2064,74240
2023-08-11,Google Ads,Performance_Search,318,187,191,102,25,645,23390
2023-08-11,Google Ads,Performance_Shopping,343,204,219,96,28,690,24930
2023-08-11,Google Ads,Remarketing_Display,157,65,106,46,5,387,15100
2023-08-11,Google Ads,Lead_Generation,295,176,191,82,22,592,21370
2023-08-11,Google Ads,Display_Generico,384,229,251,116,17,771,27830
2023-08-11,Google Ads,Video_Awareness_Amplo,677,406,455,190,32,1354,48770
2023-08-11,Meta Ads,Performance_Search,434,259,284,127,23,871,31430
2023-08-11,Meta Ads,Performance_Shopping,348,207,220,114,14,700,25290
2023-08-11,Meta Ads,Remarketing_Display,204,84,135,53,16,504,19680
2023-08-11,Meta Ads,Lead_Generation,391,236,274,104,13,778,27970
2023-08-11,Meta Ads,Display_Generico,802,479,521,231,50,1609,58030
2023-08-11,Meta Ads,Video_Awareness_Amplo,513,306,336,147,30,1030,37170
2023-08-11,TikTok Ads,Performance_Search,786,470,515,231,40,1576,56800
2023-08-11,TikTok Ads,Performance_Shopping,483,290,329,136,18,965,34750
2023-08-11,TikTok Ads,Remarketing_Display,186,77,123,52,11,458,17890
2023-08-11,TikTok Ads,Lead_Generation,517,307,328,148,41,1042,37640
2023-08-11,TikTok Ads,Display_Generico,1017,605,648,325,44,2047,73900
2023-08-11,TikTok Ads,Video_Awareness_Amplo,1043,622,675,323,45,2095,75590
2023-08-12,Google Ads,Performance_Search,152,88,86,51,15,312,11360
2023-08-12,Google Ads,Performance_Shopping,183,107,108,71,4,373,13540
2023-08-12,Google Ads,Remarketing_Display,54,22,40,13,1,134,5240
2023-08-12,Google Ads,Lead_Generation,131,79,90,34,7,261,9380
2023-08-12,Google Ads,Display_Generico,385,229,247,120,18,775,27980
2023-08-12,Google Ads,Video_Awareness_Amplo,283,170,190,81,12,565,20350
2023-08-12,Meta Ads,Performance_Search,295,177,203,71,21,590,21240
2023-08-12,Meta Ads,Performance_Shopping,307,185,214,79,14,612,22000
2023-08-12,Meta Ads,Remarketing_Display,116,48,75,35,6,286,11160
2023-08-12,Meta Ads,Lead_Generation,300,178,189,99,12,605,21860
2023-08-12,Meta Ads,Display_Generico,427,255,281,123,23,857,30900
2023-08-12,Meta Ads,Video_Awareness_Amplo,514,307,338,149,27,1031,37190
2023-08-12,TikTok Ads,Performance_Search,519,309,333,152,34,1044,37680
2023-08-12,TikTok Ads,Performance_Shopping,259,155,170,72,17,519,18700
2023-08-12,TikTok Ads,Remarketing_Display,129,53,87,38,4,319,12460
2023-08-12,TikTok Ads,Lead_Generation,526,313,334,167,25,1058,38210
2023-08-12,TikTok Ads,Display_Generico,708,422,458,211,39,1423,51340
2023-08-12,TikTok Ads,Video_Awareness_Amplo,651,387,412,200,39,1311,47340
2023-08-13,Google Ads,Performance_Search,266,160,181,71,14,531,19100
2023-08-13,Google Ads,Performance_Shopping,263,158,178,68,17,525,18910
2023-08-13,Google Ads,Remarketing_Display,75,30,45,26,4,187,7350
2023-08-13,Google Ads,Lead_Generation,189,112,123,52,14,381,13790
2023-08-13,Google Ads,Display_Generico,321,194,226,87,8,638,22930
2023-08-13,Google Ads,Video_Awareness_Amplo,265,158,172,85,8,532,19210
2023-08-13,Meta Ads,Performance_Search,277,165,182,84,11,557,20100
2023-08-13,Meta Ads,Performance_Shopping,236,141,159,67,10,473,17070
2023-08-13,Meta Ads,Remarketing_Display,115,47,74,36,5,285,11140
2023-08-13,Meta Ads,Lead_Generation,220,130,139,68,13,445,16100
2023-08-13,Meta Ads,Display_Generico,398,238,262,122,14,798,28760
2023-08-13,Meta Ads,Video_Awareness_Amplo,495,294,316,151,28,997,36030
2023-08-13,TikTok Ads,Performance_Search,419,251,283,119,17,839,30220
2023-08-13,TikTok Ads,Performance_Shopping,495,297,335,138,22,990,35640
2023-08-13,TikTok Ads,Remarketing_Display,117,48,72,40,5,289,11310
2023-08-13,TikTok Ads,Lead_Generation,450,267,282,139,29,907,32790
2023-08-13,TikTok Ads,Display_Generico,761,455,502,219,40,1526,55000
2023-08-13,TikTok Ads,Video_Awareness_Amplo,778,466,514,232,32,1558,56120
2023-08-14,Google Ads,Performance_Search,340,200,206,111,23,690,25000
2023-08-14,Google Ads,Performance_Shopping,445,265,285,139,21,895,32300
2023-08-14,Google Ads,Remarketing_Display,150,62,98,47,5,370,14440
2023-08-14,Google Ads,Lead_Generation,282,171,205,62,15,559,20070
2023-08-14,Google Ads,Display_Generico,356,211,226,114,16,718,25970
2023-08-14,Google Ads,Video_Awareness_Amplo,601,359,394,175,32,1206,43480
2023-08-14,Meta Ads,Performance_Search,221,133,156,58,7,441,15860
2023-08-14,Meta Ads,Performance_Shopping,243,145,159,69,15,488,17600
2023-08-14,Meta Ads,Remarketing_Display,200,82,122,70,8,495,19340
2023-08-14,Meta Ads,Lead_Generation,257,155,178,75,4,512,18400
2023-08-14,Meta Ads,Display_Generico,655,391,426,196,33,1315,47420
2023-08-14,Meta Ads,Video_Awareness_Amplo,700,416,443,222,35,1410,50920
2023-08-14,TikTok Ads,Performance_Search,787,469,506,238,43,1582,57080
2023-08-14,TikTok Ads,Performance_Shopping,413,248,282,115,16,825,29710
2023-08-14,TikTok Ads,Remarketing_Display,315,130,207,89,19,777,30350
2023-08-14,TikTok Ads,Lead_Generation,537,322,357,159,21,1074,38690
2023-08-14,TikTok Ads,Display_Generico,727,431,453,231,43,1467,53020
2023-08-14,TikTok Ads,Video_Awareness_Amplo,1080,645,702,318,60,2167,78150
2023-08-15,Google Ads,Performance_Search,376,225,253,111,12,753,27150
2023-08-15,Google Ads,Performance_Shopping,214,129,148,61,5,426,15330
2023-08-15,Google Ads,Remarketing_Display,99,40,62,27,10,246,9650
2023-08-15,Google Ads,Lead_Generation,212,128,148,56,8,422,15160
2023-08-15,Google Ads,Display_Generico,361,214,224,120,17,728,26330
2023-08-15,Google Ads,Video_Awareness_Amplo,514,304,318,165,31,1039,37580
2023-08-15,Meta Ads,Performance_Search,294,176,194,80,20,589,21220
2023-08-15,Meta Ads,Performance_Shopping,352,210,228,111,13,707,25500
2023-08-15,Meta Ads,Remarketing_Display,177,73,118,53,6,437,17060
2023-08-15,Meta Ads,Lead_Generation,374,221,230,118,26,756,27370
2023-08-15,Meta Ads,Display_Generico,489,294,334,130,25,976,35130
2023-08-15,Meta Ads,Video_Awareness_Amplo,602,359,387,186,29,1209,43630
2023-08-15,TikTok Ads,Performance_Search,722,428,451,225,46,1457,52660
2023-08-15,TikTok Ads,Performance_Shopping,866,520,583,243,40,1731,62300
2023-08-15,TikTok Ads,Remarketing_Display,281,115,170,102,9,696,27200
2023-08-15,TikTok Ads,Lead_Generation,666,397,433,204,29,1338,48290
2023-08-15,TikTok Ads,Display_Generico,904,541,596,261,47,1811,65270
2023-08-15,TikTok Ads,Video_Awareness_Amplo,668,398,430,201,37,1343,48460
2023-08-16,Google Ads,Performance_Search,238,142,155,69,14,478,17240
2023-08-16,Google Ads,Performance_Shopping,341,203,223,97,21,686,24760
2023-08-16,Google Ads,Remarketing_Display,73,30,46,23,4,180,7050
2023-08-16,Google Ads,Lead_Generation,179,106,113,58,8,361,13070
2023-08-16,Google Ads,Display_Generico,438,262,287,125,26,878,31640
2023-08-16,Google Ads,Video_Awareness_Amplo,347,208,232,94,21,694,25010
2023-08-16,Meta Ads,Performance_Search,417,247,262,133,22,842,30440
2023-08-16,Meta Ads,Performance_Shopping,388,227,220,146,22,790,28690
2023-08-16,Meta Ads,Remarketing_Display,139,57,93,42,4,344,13440
2023-08-16,Meta Ads,Lead_Generation,246,146,155,77,14,496,17920
2023-08-16,Meta Ads,Display_Generico,900,534,565,292,43,1815,65580
2023-08-16,Meta Ads,Video_Awareness_Amplo,672,399,426,216,30,1354,48930
2023-08-16,TikTok Ads,Performance_Search,728,435,479,212,37,1460,52650
2023-08-16,TikTok Ads,Performance_Shopping,561,334,358,169,34,1128,40730
2023-08-16,TikTok Ads,Remarketing_Display,260,108,173,78,9,640,24960
2023-08-16,TikTok Ads,Lead_Generation,777,464,508,234,35,1559,56230
2023-08-16,TikTok Ads,Display_Generico,877,523,568,272,37,1762,63560
2023-08-16,TikTok Ads,Video_Awareness_Amplo,1069,635,675,337,57,2154,77800
2023-08-17,Google Ads,Performance_Search,398,238,263,114,21,798,28760
2023-08-17,Google Ads,Performance_Shopping,361,214,228,114,19,728,26330
2023-08-17,Google Ads,Remarketing_Display,125,52,84,33,8,307,11990
2023-08-17,Google Ads,Lead_Generation,284,169,181,89,14,571,20630
2023-08-17,Google Ads,Display_Generico,619,369,402,193,24,1244,44880
2023-08-17,Google Ads,Video_Awareness_Amplo,526,315,350,148,28,1053,37950
2023-08-17,Meta Ads,Performance_Search,398,239,269,113,16,795,28630
2023-08-17,Meta Ads,Performance_Shopping,227,135,147,70,10,457,16500
2023-08-17,Meta Ads,Remarketing_Display,234,98,162,56,16,574,22360
2023-08-17,Meta Ads,Lead_Generation,231,137,145,77,9,466,16840
2023-08-17,Meta Ads,Display_Generico,701,420,468,202,31,1403,50550
2023-08-17,Meta Ads,Video_Awareness_Amplo,468,278,298,146,24,943,34060
2023-08-17,TikTok Ads,Performance_Search,524,312,338,152,34,1054,38040
2023-08-17,TikTok Ads,Performance_Shopping,753,452,507,207,39,1505,54190
2023-08-17,TikTok Ads,Remarketing_Display,234,96,150,68,16,579,22620
2023-08-17,TikTok Ads,Lead_Generation,405,243,275,114,16,810,29160
2023-08-17,TikTok Ads,Display_Generico,867,520,582,248,37,1734,62450
2023-08-17,TikTok Ads,Video_Awareness_Amplo,881,524,562,279,40,1773,64030
2023-08-18,Google Ads,Performance_Search,420,250,273,132,15,845,30500
2023-08-18,Google Ads,Performance_Shopping,278,167,191,73,14,555,19990
2023-08-18,Google Ads,Remarketing_Display,123,51,80,36,7,303,11820
2023-08-18,Google Ads,Lead_Generation,228,136,148,64,16,458,16520
2023-08-18,Google Ads,Display_Generico,416,248,267,128,21,836,30160
2023-08-18,Google Ads,Video_Awareness_Amplo,447,267,291,137,19,897,32340
2023-08-18,Meta Ads,Performance_Search,437,259,274,137,26,882,31880
2023-08-18,Meta Ads,Performance_Shopping,366,219,242,102,22,733,26430
2023-08-18,Meta Ads,Remarketing_Display,122,50,77,34,11,302,11800
2023-08-18,Meta Ads,Lead_Generation,410,244,265,123,22,825,29780
2023-08-18,Meta Ads,Display_Generico,478,283,299,157,22,965,34910
2023-08-18,Meta Ads,Video_Awareness_Amplo,631,380,432,166,33,1258,45250
2023-08-18,TikTok Ads,Performance_Search,654,391,430,180,44,1311,47270
2023-08-18,TikTok Ads,Performance_Shopping,356,211,221,120,15,718,25970
2023-08-18,TikTok Ads,Remarketing_Display,279,116,184,84,11,686,26770
2023-08-18,TikTok Ads,Lead_Generation,643,385,429,183,31,1288,46400
2023-08-18,TikTok Ads,Display_Generico,748,444,468,240,40,1508,54480
2023-08-18,TikTok Ads,Video_Awareness_Amplo,1082,643,684,351,47,2179,78710
2023-08-19,Google Ads,Performance_Search,105,62,66,31,8,212,7690
2023-08-19,Google Ads,Performance_Shopping,244,147,171,65,8,486,17490
2023-08-19,Google Ads,Remarketing_Display,108,45,77,26,5,265,10350
2023-08-19,Google Ads,Lead_Generation,240,142,153,79,8,485,17540
2023-08-19,Google Ads,Display_Generico,321,192,212,96,13,643,23190
2023-08-19,Google Ads,Video_Awareness_Amplo,353,210,228,106,19,710,25650
2023-08-19,Meta Ads,Performance_Search,226,133,136,75,15,458,16610
2023-08-19,Meta Ads,Performance_Shopping,165,99,114,45,6,330,11880
2023-08-19,Meta Ads,Remarketing_Display,129,53,88,38,3,319,12460
2023-08-19,Meta Ads,Lead_Generation,186,110,116,59,11,376,13600
2023-08-19,Meta Ads,Display_Generico,366,219,245,98,23,733,26430
2023-08-19,Meta Ads,Video_Awareness_Amplo,340,203,222,97,21,682,24610
2023-08-19,TikTok Ads,Performance_Search,281,168,185,83,13,563,20310
2023-08-19,TikTok Ads,Performance_Shopping,333,198,211,101,21,670,24210
2023-08-19,TikTok Ads,Remarketing_Display,143,59,96,37,10,353,13780
2023-08-19,TikTok Ads,Lead_Generation,377,225,246,114,17,757,27300
2023-08-19,TikTok Ads,Display_Generico,637,379,407,190,40,1282,46280
2023-08-19,TikTok Ads,Video_Awareness_Amplo,663,397,440,198,25,1328,47840
2023-08-20,Google Ads,Performance_Search,212,127,146,50,16,424,15290
2023-08-20,Google Ads,Performance_Shopping,275,162,165,97,13,557,20190
2023-08-20,Google Ads,Remarketing_Display,88,36,55,25,8,218,8520
2023-08-20,Google Ads,Lead_Generation,168,100,112,48,8,338,12200
2023-08-20,Google Ads,Display_Generico,240,143,158,68,14,482,17410
2023-08-20,Google Ads,Video_Awareness_Amplo,272,163,181,75,16,544,19610
2023-08-20,Meta Ads,Performance_Search,320,191,212,89,19,642,23170
2023-08-20,Meta Ads,Performance_Shopping,355,213,242,103,10,710,25560
2023-08-20,Meta Ads,Remarketing_Display,93,38,58,30,5,230,9010
2023-08-20,Meta Ads,Lead_Generation,304,183,207,85,12,606,21810
2023-08-20,Meta Ads,Display_Generico,553,329,354,168,31,1113,40180
2023-08-20,Meta Ads,Video_Awareness_Amplo,470,281,313,134,23,942,33970
2023-08-20,TikTok Ads,Performance_Search,537,321,355,149,33,1077,38820
2023-08-20,TikTok Ads,Performance_Shopping,329,197,218,94,17,659,23740
2023-08-20,TikTok Ads,Remarketing_Display,171,72,122,44,5,418,16290
2023-08-20,TikTok Ads,Lead_Generation,531,321,371,137,23,1056,37920
2023-08-20,TikTok Ads,Display_Generico,685,408,442,218,25,1377,49710
2023-08-20,TikTok Ads,Video_Awareness_Amplo,878,525,578,264,36,1760,63450
2023-08-21,Google Ads,Performance_Search,389,233,262,108,19,779,28060
2023-08-21,Google Ads,Performance_Shopping,331,196,209,95,27,668,24170
2023-08-21,Google Ads,Remarketing_Display,119,49,75,36,8,294,11480
2023-08-21,Google Ads,Lead_Generation,233,138,148,73,12,470,17010
2023-08-21,Google Ads,Display_Generico,414,247,273,119,22,831,29990
2023-08-21,Google Ads,Video_Awareness_Amplo,487,291,322,137,28,977,35220
2023-08-21,Meta Ads,Performance_Search,487,292,328,134,25,974,35090
2023-08-21,Meta Ads,Performance_Shopping,322,194,223,86,13,642,23080
2023-08-21,Meta Ads,Remarketing_Display,173,73,128,39,6,423,16460
2023-08-21,Meta Ads,Lead_Generation,388,232,256,114,18,778,28040
2023-08-21,Meta Ads,Display_Generico,557,334,372,151,34,1114,40130
2023-08-21,Meta Ads,Video_Awareness_Amplo,862,512,545,276,41,1737,62740
2023-08-21,TikTok Ads,Performance_Search,443,264,285,132,26,890,32130
2023-08-21,TikTok Ads,Performance_Shopping,525,312,330,161,34,1057,38190
2023-08-21,TikTok Ads,Remarketing_Display,164,67,99,54,11,406,15890
2023-08-21,TikTok Ads,Lead_Generation,766,456,487,236,43,1541,55620
2023-08-21,TikTok Ads,Display_Generico,1148,690,778,320,50,2293,82500
2023-08-21,TikTok Ads,Video_Awareness_Amplo,1063,638,712,300,51,2125,76510
2023-08-22,Google Ads,Performance_Search,309,183,191,102,16,624,22560
2023-08-22,Google Ads,Performance_Shopping,273,162,174,90,9,550,19890
2023-08-22,Google Ads,Remarketing_Display,121,49,72,44,5,301,11780
2023-08-22,Google Ads,Lead_Generation,350,210,237,101,12,700,25200
2023-08-22,Google Ads,Display_Generico,559,333,358,168,33,1124,40560
2023-08-22,Google Ads,Video_Awareness_Amplo,420,249,265,136,19,847,30630
2023-08-22,Meta Ads,Performance_Search,417,249,275,122,20,837,30180
2023-08-22,Meta Ads,Performance_Shopping,501,300,335,145,21,1003,36150
2023-08-22,Meta Ads,Remarketing_Display,204,84,133,66,5,504,19680
2023-08-22,Meta Ads,Lead_Generation,569,338,363,165,41,1146,41410
2023-08-22,Meta Ads,Display_Generico,625,371,395,197,33,1260,45520
2023-08-22,Meta Ads,Video_Awareness_Amplo,551,327,347,168,36,1111,40140
2023-08-22,TikTok Ads,Performance_Search,639,380,405,192,42,1286,46450
2023-08-22,TikTok Ads,Performance_Shopping,396,237,266,110,20,793,28590
2023-08-22,TikTok Ads,Remarketing_Display,261,108,173,74,14,643,25110
2023-08-22,TikTok Ads,Lead_Generation,655,394,445,181,29,1307,47030
2023-08-22,TikTok Ads,Display_Generico,1186,713,800,340,46,2368,85210
2023-08-22,TikTok Ads,Video_Awareness_Amplo,1082,647,709,316,57,2169,78190
2023-08-23,Google Ads,Performance_Search,262,156,169,85,8,527,19020
2023-08-23,Google Ads,Performance_Shopping,315,190,219,80,16,627,22550
2023-08-23,Google Ads,Remarketing_Display,156,64,98,54,4,386,15080
2023-08-23,Google Ads,Lead_Generation,276,165,180,84,12,553,19950
2023-08-23,Google Ads,Display_Generico,451,271,304,125,22,901,32420
2023-08-23,Google Ads,Video_Awareness_Amplo,392,234,258,128,6,787,28380
2023-08-23,Meta Ads,Performance_Search,217,130,144,60,13,434,15650
2023-08-23,Meta Ads,Performance_Shopping,272,162,174,79,19,547,19740
2023-08-23,Meta Ads,Remarketing_Display,165,68,106,52,7,407,15910
2023-08-23,Meta Ads,Lead_Generation,439,261,278,144,17,884,31920
2023-08-23,Meta Ads,Display_Generico,577,344,372,177,28,1159,41830
2023-08-23,Meta Ads,Video_Awareness_Amplo,455,271,292,143,20,915,33020
2023-08-23,TikTok Ads,Performance_Search,375,222,234,109,32,757,27390
2023-08-23,TikTok Ads,Performance_Shopping,499,296,316,158,25,1006,36370
2023-08-23,TikTok Ads,Remarketing_Display,252,104,158,82,12,622,24280
2023-08-23,TikTok Ads,Lead_Generation,854,511,565,238,51,1711,61670
2023-08-23,TikTok Ads,Display_Generico,1300,777,848,394,58,2607,93990
2023-08-23,TikTok Ads,Video_Awareness_Amplo,992,593,647,294,51,1989,71710
2023-08-24,Google Ads,Performance_Search,351,211,238,103,10,701,25220
2023-08-24,Google Ads,Performance_Shopping,249,150,174,67,8,496,17850
2023-08-24,Google Ads,Remarketing_Display,84,34,55,25,4,209,8180
2023-08-24,Google Ads,Lead_Generation,221,133,151,61,9,441,15860
2023-08-24,Google Ads,Display_Generico,413,247,274,120,19,828,29840
2023-08-24,Google Ads,Video_Awareness_Amplo,584,351,398,159,27,1166,41970
2023-08-24,Meta Ads,Performance_Search,330,195,201,114,15,667,24150
2023-08-24,Meta Ads,Performance_Shopping,262,158,183,68,11,522,18760
2023-08-24,Meta Ads,Remarketing_Display,175,73,118,49,8,430,16760
2023-08-24,Meta Ads,Lead_Generation,310,185,203,97,10,622,22450
2023-08-24,Meta Ads,Display_Generico,632,377,412,192,28,1269,45790
2023-08-24,Meta Ads,Video_Awareness_Amplo,778,464,501,231,46,1563,56380
2023-08-24,TikTok Ads,Performance_Search,770,459,497,241,32,1547,55830
2023-08-24,TikTok Ads,Performance_Shopping,671,401,438,209,24,1346,48520
2023-08-24,TikTok Ads,Remarketing_Display,195,81,130,51,14,480,18720
2023-08-24,TikTok Ads,Lead_Generation,764,456,498,231,35,1534,55320
2023-08-24,TikTok Ads,Display_Generico,925,551,596,286,43,1860,67120
2023-08-24,TikTok Ads,Video_Awareness_Amplo,1148,687,757,338,53,2300,82890
2023-08-25,Google Ads,Performance_Search,322,191,202,106,14,649,23470
2023-08-25,Google Ads,Performance_Shopping,278,165,178,79,21,560,20250
2023-08-25,Google Ads,Remarketing_Display,143,59,93,40,10,353,13780
2023-08-25,Google Ads,Lead_Generation,365,217,230,111,24,735,26540
2023-08-25,Google Ads,Display_Generico,550,327,353,178,19,1107,39990
2023-08-25,Google Ads,Video_Awareness_Amplo,546,325,352,167,27,1098,39650
2023-08-25,Meta Ads,Performance_Search,371,221,238,119,14,746,26920
2023-08-25,Meta Ads,Performance_Shopping,331,197,211,101,19,666,24040
2023-08-25,Meta Ads,Remarketing_Display,220,89,127,82,11,547,21430
2023-08-25,Meta Ads,Lead_Generation,471,280,301,147,23,948,34250
2023-08-25,Meta Ads,Display_Generico,559,333,357,169,33,1124,40560
2023-08-25,Meta Ads,Video_Awareness_Amplo,521,312,345,148,28,1043,37590
2023-08-25,TikTok Ads,Performance_Search,586,348,371,184,31,1181,42660
2023-08-25,TikTok Ads,Performance_Shopping,390,235,268,98,24,777,27950
2023-08-25,TikTok Ads,Remarketing_Display,275,113,175,87,13,680,26560
2023-08-25,TikTok Ads,Lead_Generation,513,306,330,151,32,1030,37170
2023-08-25,TikTok Ads,Display_Generico,938,557,589,288,61,1890,68290
2023-08-25,TikTok Ads,Video_Awareness_Amplo,765,455,484,243,38,1540,55600
2023-08-26,Google Ads,Performance_Search,246,146,156,81,9,496,17920
2023-08-26,Google Ads,Performance_Shopping,203,121,133,63,7,408,14720
2023-08-26,Google Ads,Remarketing_Display,92,38,61,27,4,227,8860
2023-08-26,Google Ads,Lead_Generation,138,81,84,47,7,280,10170
2023-08-26,Google Ads,Display_Generico,280,169,195,73,12,557,20030
2023-08-26,Google Ads,Video_Awareness_Amplo,314,187,200,91,23,631,22790
2023-08-26,Meta Ads,Performance_Search,244,145,159,67,18,491,17750
2023-08-26,Meta Ads,Performance_Shopping,378,227,254,111,13,755,27190
2023-08-26,Meta Ads,Remarketing_Display,143,60,101,33,9,350,13650
2023-08-26,Meta Ads,Lead_Generation,298,177,191,93,14,600,21690
2023-08-26,Meta Ads,Display_Generico,313,186,200,99,14,630,22770
2023-08-26,Meta Ads,Video_Awareness_Amplo,449,269,303,126,20,899,32380
2023-08-26,TikTok Ads,Performance_Search,354,213,242,92,20,706,25410
2023-08-26,TikTok Ads,Performance_Shopping,256,154,175,71,10,511,18380
2023-08-26,TikTok Ads,Remarketing_Display,137,57,92,37,8,337,13140
2023-08-26,TikTok Ads,Lead_Generation,362,216,235,116,11,727,26220
2023-08-26,TikTok Ads,Display_Generico,574,347,401,151,22,1141,40990
2023-08-26,TikTok Ads,Video_Awareness_Amplo,696,420,485,181,30,1386,49800
2023-08-27,Google Ads,Performance_Search,193,114,123,61,9,390,14130
2023-08-27,Google Ads,Performance_Shopping,194,115,122,64,8,391,14150
2023-08-27,Google Ads,Remarketing_Display,94,38,58,31,5,234,9160
2023-08-27,Google Ads,Lead_Generation,173,103,110,50,13,348,12560
2023-08-27,Google Ads,Display_Generico,406,244,275,112,19,811,29180
2023-08-27,Google Ads,Video_Awareness_Amplo,368,220,245,102,21,738,26600
2023-08-27,Meta Ads,Performance_Search,271,162,178,76,17,543,19590
2023-08-27,Meta Ads,Performance_Shopping,337,202,228,93,16,674,24290
2023-08-27,Meta Ads,Remarketing_Display,140,58,91,37,12,345,13460
2023-08-27,Meta Ads,Lead_Generation,155,93,106,40,9,310,11160
2023-08-27,Meta Ads,Display_Generico,430,256,274,141,15,865,31220
2023-08-27,Meta Ads,Video_Awareness_Amplo,548,326,350,172,26,1103,39820
2023-08-27,TikTok Ads,Performance_Search,323,191,198,113,12,653,23620
2023-08-27,TikTok Ads,Performance_Shopping,227,136,150,63,14,454,16370
2023-08-27,TikTok Ads,Remarketing_Display,154,63,94,51,9,381,14910
2023-08-27,TikTok Ads,Lead_Generation,250,148,157,76,17,505,18260
2023-08-27,TikTok Ads,Display_Generico,632,377,408,197,27,1269,45790
2023-08-27,TikTok Ads,Video_Awareness_Amplo,494,292,306,157,31,999,36140
2023-08-28,Google Ads,Performance_Search,323,191,201,98,24,653,23620
2023-08-28,Google Ads,Performance_Shopping,360,216,241,99,20,720,25920
2023-08-28,Google Ads,Remarketing_Display,86,36,63,20,3,211,8220
2023-08-28,Google Ads,Lead_Generation,181,107,113,55,13,366,13240
2023-08-28,Google Ads,Display_Generico,682,409,454,195,33,1364,49130
2023-08-28,Google Ads,Video_Awareness_Amplo,527,314,343,161,23,1059,38230
2023-08-28,Meta Ads,Performance_Search,444,265,290,130,24,891,32150
2023-08-28,Meta Ads,Performance_Shopping,313,189,220,79,14,623,22380
2023-08-28,Meta Ads,Remarketing_Display,125,52,83,35,7,307,11990
2023-08-28,Meta Ads,Lead_Generation,384,230,257,109,18,769,27700
2023-08-28,Meta Ads,Display_Generico,746,445,483,225,38,1498,54050
2023-08-28,Meta Ads,Video_Awareness_Amplo,639,382,419,186,34,1281,46190
2023-08-28,TikTok Ads,Performance_Search,336,199,211,100,25,678,24530
2023-08-28,TikTok Ads,Performance_Shopping,789,471,514,234,41,1584,57120
2023-08-28,TikTok Ads,Remarketing_Display,363,150,239,114,10,895,34950
2023-08-28,TikTok Ads,Lead_Generation,529,315,342,162,25,1064,38400
2023-08-28,TikTok Ads,Display_Generico,1080,643,693,344,43,2172,78410
2023-08-28,TikTok Ads,Video_Awareness_Amplo,984,589,647,284,53,1971,71030
2023-08-29,Google Ads,Performance_Search,257,151,155,90,12,522,18920
2023-08-29,Google Ads,Performance_Shopping,256,153,170,68,18,513,18510
2023-08-29,Google Ads,Remarketing_Display,143,59,99,38,6,353,13780
2023-08-29,Google Ads,Lead_Generation,215,126,126,78,11,437,15870
2023-08-29,Google Ads,Display_Generico,554,331,362,160,32,1111,40070
2023-08-29,Google Ads,Video_Awareness_Amplo,449,267,287,142,20,904,32640
2023-08-29,Meta Ads,Performance_Search,592,351,369,185,38,1194,43170
2023-08-29,Meta Ads,Performance_Shopping,251,150,169,71,11,503,18150
2023-08-29,Meta Ads,Remarketing_Display,196,81,131,54,11,483,18870
2023-08-29,Meta Ads,Lead_Generation,374,220,225,129,20,759,27500
2023-08-29,Meta Ads,Display_Generico,648,390,442,171,35,1293,46500
2023-08-29,Meta Ads,Video_Awareness_Amplo,618,368,399,177,42,1243,44860
2023-08-29,TikTok Ads,Performance_Search,769,457,486,239,44,1549,55940
2023-08-29,TikTok Ads,Performance_Shopping,380,226,242,116,22,765,27620
2023-08-29,TikTok Ads,Remarketing_Display,182,75,121,56,5,449,17550
2023-08-29,TikTok Ads,Lead_Generation,703,419,453,223,27,1413,50980
2023-08-29,TikTok Ads,Display_Generico,888,532,589,257,42,1778,64040
2023-08-29,TikTok Ads,Video_Awareness_Amplo,1117,671,750,319,48,2232,80320
2023-08-30,Google Ads,Performance_Search,351,208,223,114,14,708,25610
2023-08-30,Google Ads,Performance_Shopping,259,156,177,66,16,516,18570
2023-08-30,Google Ads,Remarketing_Display,143,59,92,43,8,353,13780
2023-08-30,Google Ads,Lead_Generation,334,200,220,96,18,669,24100
2023-08-30,Google Ads,Display_Generico,544,326,361,152,31,1089,39220
2023-08-30,Google Ads,Video_Awareness_Amplo,332,199,224,91,17,664,23930
2023-08-30,Meta Ads,Performance_Search,372,220,230,117,25,752,27200
2023-08-30,Meta Ads,Performance_Shopping,440,263,290,132,18,882,31810
2023-08-30,Meta Ads,Remarketing_Display,149,61,98,44,7,369,14420
2023-08-30,Meta Ads,Lead_Generation,534,315,326,172,36,1081,39150
2023-08-30,Meta Ads,Display_Generico,746,446,491,222,33,1496,53920
2023-08-30,Meta Ads,Video_Awareness_Amplo,591,354,390,168,33,1183,42630
2023-08-30,TikTok Ads,Performance_Search,665,394,416,219,30,1342,48530
2023-08-30,TikTok Ads,Performance_Shopping,691,412,445,210,36,1388,50090
2023-08-30,TikTok Ads,Remarketing_Display,201,83,130,54,17,496,19360
2023-08-30,TikTok Ads,Lead_Generation,441,259,259,158,24,896,32480
2023-08-30,TikTok Ads,Display_Generico,1065,635,684,320,61,2140,77200
2023-08-30,TikTok Ads,Video_Awareness_Amplo,1322,787,841,397,84,2659,95990
2023-08-31,Google Ads,Performance_Search,280,167,184,79,17,562,20290
2023-08-31,Google Ads,Performance_Shopping,448,267,292,137,19,900,32490
2023-08-31,Google Ads,Remarketing_Display,152,62,95,48,9,377,14740
2023-08-31,Google Ads,Lead_Generation,273,163,183,81,9,548,19760
2023-08-31,Google Ads,Display_Generico,450,269,294,135,21,902,32530
2023-08-31,Google Ads,Video_Awareness_Amplo,454,269,282,141,31,916,33130
2023-08-31,Meta Ads,Performance_Search,337,202,224,99,14,674,24290
2023-08-31,Meta Ads,Performance_Shopping,441,264,295,127,19,883,31830
2023-08-31,Meta Ads,Remarketing_Display,235,97,153,71,11,580,22640
2023-08-31,Meta Ads,Lead_Generation,305,181,193,98,14,615,22220
2023-08-31,Meta Ads,Display_Generico,608,363,398,179,31,1220,44010
2023-08-31,Meta Ads,Video_Awareness_Amplo,846,505,551,260,35,1698,61250
2023-08-31,TikTok Ads,Performance_Search,594,353,375,193,26,1196,43210
2023-08-31,TikTok Ads,Performance_Shopping,501,297,313,161,27,1011,36540
2023-08-31,TikTok Ads,Remarketing_Display,254,105,161,72,21,626,24450
2023-08-31,TikTok Ads,Lead_Generation,852,504,525,298,29,1722,62280
2023-08-31,TikTok Ads,Display_Generico,1122,672,742,324,56,2247,80940
2023-08-31,TikTok Ads,Video_Awareness_Amplo,1337,800,883,389,65,2679,96550
2023-09-01,Google Ads,Performance_Search,288,172,189,85,14,578,20840
2023-09-01,Google Ads,Performance_Shopping,237,142,158,66,13,474,17090
2023-09-01,Google Ads,Remarketing_Display,130,54,91,32,7,320,12480
2023-09-01,Google Ads,Lead_Generation,195,116,127,57,11,392,14170
2023-09-01,Google Ads,Display_Generico,371,221,241,112,18,746,26920
2023-09-01,Google Ads,Video_Awareness_Amplo,550,328,356,169,25,1105,39860
2023-09-01,Meta Ads,Performance_Search,428,254,273,135,20,863,31180
2023-09-01,Meta Ads,Performance_Shopping,310,183,193,96,21,627,22710
2023-09-01,Meta Ads,Remarketing_Display,214,88,134,69,11,529,20660
2023-09-01,Meta Ads,Lead_Generation,364,216,227,115,22,734,26520
2023-09-01,Meta Ads,Display_Generico,486,292,330,132,24,971,34940
2023-09-01,Meta Ads,Video_Awareness_Amplo,692,411,437,217,38,1394,50370
2023-09-01,TikTok Ads,Performance_Search,560,331,345,186,29,1132,40970
2023-09-01,TikTok Ads,Performance_Shopping,814,491,560,205,49,1621,58270
2023-09-01,TikTok Ads,Remarketing_Display,241,99,151,78,12,596,23280
2023-09-01,TikTok Ads,Lead_Generation,587,348,367,192,28,1184,42810
2023-09-01,TikTok Ads,Display_Generico,1092,657,742,300,50,2179,78390
2023-09-01,TikTok Ads,Video_Awareness_Amplo,1220,729,799,358,63,2447,88230
2023-09-02,Google Ads,Performance_Search,234,141,165,59,10,466,16770
2023-09-02,Google Ads,Performance_Shopping,223,132,141,68,14,450,16290
2023-09-02,Google Ads,Remarketing_Display,62,25,39,20,3,154,6050
2023-09-02,Google Ads,Lead_Generation,209,127,153,48,8,414,14840
2023-09-02,Google Ads,Display_Generico,308,184,200,90,18,618,22280
2023-09-02,Google Ads,Video_Awareness_Amplo,283,168,181,88,14,570,20610
2023-09-02,Meta Ads,Performance_Search,234,138,142,75,17,474,17160
2023-09-02,Meta Ads,Performance_Shopping,206,124,141,56,9,411,14780
2023-09-02,Meta Ads,Remarketing_Display,99,41,73,24,2,244,9520
2023-09-02,Meta Ads,Lead_Generation,158,93,99,48,11,320,11610
2023-09-02,Meta Ads,Display_Generico,412,245,263,130,19,829,29950
2023-09-02,Meta Ads,Video_Awareness_Amplo,518,308,331,160,27,1043,37660
2023-09-02,TikTok Ads,Performance_Search,394,234,250,126,18,794,28680
2023-09-02,TikTok Ads,Performance_Shopping,231,138,155,66,10,463,16710
2023-09-02,TikTok Ads,Remarketing_Display,170,70,108,54,8,420,16400
2023-09-02,TikTok Ads,Lead_Generation,428,259,300,108,20,850,30530
2023-09-02,TikTok Ads,Display_Generico,617,368,400,181,36,1239,44710
2023-09-02,TikTok Ads,Video_Awareness_Amplo,524,313,345,161,18,1051,37910
2023-09-03,Google Ads,Performance_Search,158,92,93,55,10,323,11740
2023-09-03,Google Ads,Performance_Shopping,252,149,159,82,11,509,18430
2023-09-03,Google Ads,Remarketing_Display,67,28,48,16,3,164,6410
2023-09-03,Google Ads,Lead_Generation,200,120,138,59,3,400,14400
2023-09-03,Google Ads,Display_Generico,230,138,158,58,14,460,16560
2023-09-03,Google Ads,Video_Awareness_Amplo,329,197,218,98,13,659,23740
2023-09-03,Meta Ads,Performance_Search,325,194,213,91,21,652,23530
2023-09-03,Meta Ads,Performance_Shopping,259,153,160,87,12,524,18960
2023-09-03,Meta Ads,Remarketing_Display,146,60,97,39,10,361,14100
2023-09-03,Meta Ads,Lead_Generation,352,211,234,100,18,704,25370
2023-09-03,Meta Ads,Display_Generico,441,265,299,124,18,881,31700
2023-09-03,Meta Ads,Video_Awareness_Amplo,419,248,262,135,22,846,30610
2023-09-03,TikTok Ads,Performance_Search,446,266,289,135,22,896,32320
2023-09-03,TikTok Ads,Performance_Shopping,542,326,370,149,23,1082,38920
2023-09-03,TikTok Ads,Remarketing_Display,126,52,84,35,7,311,12140
2023-09-03,TikTok Ads,Lead_Generation,525,313,342,153,30,1055,38060
2023-09-03,TikTok Ads,Display_Generico,561,334,360,174,27,1128,40730
2023-09-03,TikTok Ads,Video_Awareness_Amplo,874,522,568,260,46,1754,63240
2023-09-04,Google Ads,Performance_Search,403,243,278,108,17,803,28860
2023-09-04,Google Ads,Performance_Shopping,282,168,182,82,18,567,20460
2023-09-04,Google Ads,Remarketing_Display,161,66,99,50,12,398,15570
2023-09-04,Google Ads,Lead_Generation,325,194,212,99,14,652,23530
2023-09-04,Google Ads,Display_Generico,512,304,326,160,26,1032,37280
2023-09-04,Google Ads,Video_Awareness_Amplo,401,240,267,111,23,803,28950
2023-09-04,Meta Ads,Performance_Search,476,282,296,152,28,961,34740
2023-09-04,Meta Ads,Performance_Shopping,420,252,281,120,19,840,30240
2023-09-04,Meta Ads,Remarketing_Display,183,75,117,55,11,453,17700
2023-09-04,Meta Ads,Lead_Generation,305,182,199,86,20,612,22090
2023-09-04,Meta Ads,Display_Generico,743,444,485,225,33,1490,53730
2023-09-04,Meta Ads,Video_Awareness_Amplo,756,451,490,226,40,1518,54770
2023-09-04,TikTok Ads,Performance_Search,699,417,450,212,37,1404,50640
2023-09-04,TikTok Ads,Performance_Shopping,468,278,299,141,28,943,34060
2023-09-04,TikTok Ads,Remarketing_Display,225,93,149,64,12,555,21660
2023-09-04,TikTok Ads,Lead_Generation,531,317,344,159,28,1066,38440
2023-09-04,TikTok Ads,Display_Generico,1428,852,925,434,69,2868,103440
2023-09-04,TikTok Ads,Video_Awareness_Amplo,735,438,474,231,30,1477,53310
2023-09-05,Google Ads,Performance_Search,245,144,146,87,12,497,18030
2023-09-05,Google Ads,Performance_Shopping,244,144,151,78,15,494,17880
2023-09-05,Google Ads,Remarketing_Display,114,47,72,39,3,281,10990
2023-09-05,Google Ads,Lead_Generation,295,174,177,99,19,597,21630
2023-09-05,Google Ads,Display_Generico,594,355,387,183,24,1191,42950
2023-09-05,Google Ads,Video_Awareness_Amplo,622,370,398,189,35,1252,45200
2023-09-05,Meta Ads,Performance_Search,357,211,219,119,19,722,26120
2023-09-05,Meta Ads,Performance_Shopping,280,163,154,110,16,572,20810
2023-09-05,Meta Ads,Remarketing_Display,172,70,103,62,7,427,16700
2023-09-05,Meta Ads,Lead_Generation,563,335,363,181,19,1133,40900
2023-09-05,Meta Ads,Display_Generico,491,293,318,157,16,986,35560
2023-09-05,Meta Ads,Video_Awareness_Amplo,600,357,381,189,30,1207,43590
2023-09-05,TikTok Ads,Performance_Search,384,232,269,100,15,764,27440
2023-09-05,TikTok Ads,Performance_Shopping,411,243,251,136,24,831,30060
2023-09-05,TikTok Ads,Remarketing_Display,391,163,265,107,19,961,37460
2023-09-05,TikTok Ads,Lead_Generation,932,556,602,277,53,1872,67520
2023-09-05,TikTok Ads,Display_Generico,881,526,574,261,46,1768,63770
2023-09-05,TikTok Ads,Video_Awareness_Amplo,1151,688,750,338,63,2308,83210
2023-09-06,Google Ads,Performance_Search,312,187,211,82,19,624,22490
2023-09-06,Google Ads,Performance_Shopping,472,282,313,137,22,947,34140
2023-09-06,Google Ads,Remarketing_Display,177,73,116,53,8,437,17060
2023-09-06,Google Ads,Lead_Generation,313,186,202,92,19,630,22770
2023-09-06,Google Ads,Display_Generico,691,413,456,183,52,1386,49960
2023-09-06,Google Ads,Video_Awareness_Amplo,433,260,291,129,13,865,31150
2023-09-06,Meta Ads,Performance_Search,335,200,219,96,20,672,24250
2023-09-06,Meta Ads,Performance_Shopping,294,175,187,94,13,591,21350
2023-09-06,Meta Ads,Remarketing_Display,196,81,129,62,5,483,18870
2023-09-06,Meta Ads,Lead_Generation,558,331,350,181,27,1125,40670
2023-09-06,Meta Ads,Display_Generico,505,301,328,146,31,1015,36620
2023-09-06,Meta Ads,Video_Awareness_Amplo,508,304,335,150,23,1018,36680
2023-09-06,TikTok Ads,Performance_Search,553,330,361,164,28,1110,40050
2023-09-06,TikTok Ads,Performance_Shopping,651,387,415,198,38,1311,47340
2023-09-06,TikTok Ads,Remarketing_Display,282,117,184,86,12,694,27090
2023-09-06,TikTok Ads,Lead_Generation,549,324,335,184,30,1111,40230
2023-09-06,TikTok Ads,Display_Generico,677,403,431,206,40,1362,49160
2023-09-06,TikTok Ads,Video_Awareness_Amplo,877,524,571,247,59,1759,63430
2023-09-07,Google Ads,Performance_Search,268,159,170,82,16,540,19530
2023-09-07,Google Ads,Performance_Shopping,351,208,223,110,18,708,25610
2023-09-07,Google Ads,Remarketing_Display,148,61,92,48,8,365,14270
2023-09-07,Google Ads,Lead_Generation,344,204,216,103,25,694,25080
2023-09-07,Google Ads,Display_Generico,475,284,313,133,29,952,34330
2023-09-07,Google Ads,Video_Awareness_Amplo,516,309,346,149,21,1033,37230
2023-09-07,Meta Ads,Performance_Search,280,165,171,101,8,567,20550
2023-09-07,Meta Ads,Performance_Shopping,313,186,202,97,14,630,22770
2023-09-07,Meta Ads,Remarketing_Display,160,66,102,50,8,395,15420
2023-09-07,Meta Ads,Lead_Generation,412,247,277,119,16,824,29690
2023-09-07,Meta Ads,Display_Generico,689,410,437,223,29,1386,50050
2023-09-07,Meta Ads,Video_Awareness_Amplo,462,273,286,154,22,934,33810
2023-09-07,TikTok Ads,Performance_Search,734,439,484,220,30,1471,53030
2023-09-07,TikTok Ads,Performance_Shopping,674,403,446,194,34,1351,48710
2023-09-07,TikTok Ads,Remarketing_Display,329,136,210,107,12,811,31670
2023-09-07,TikTok Ads,Lead_Generation,785,468,505,245,35,1577,56910
2023-09-07,TikTok Ads,Display_Generico,706,420,453,218,35,1421,51300
2023-09-07,TikTok Ads,Video_Awareness_Amplo,1166,695,750,351,65,2343,84550
2023-09-08,Google Ads,Performance_Search,334,200,221,100,13,669,24100
2023-09-08,Google Ads,Performance_Shopping,433,260,292,123,18,865,31150
2023-09-08,Google Ads,Remarketing_Display,150,63,110,37,3,367,14310
2023-09-08,Google Ads,Lead_Generation,389,232,251,118,20,781,28190
2023-09-08,Google Ads,Display_Generico,455,272,303,131,21,912,32890
2023-09-08,Google Ads,Video_Awareness_Amplo,506,300,319,160,27,1021,36900
2023-09-08,Meta Ads,Performance_Search,480,286,308,145,27,965,34820
2023-09-08,Meta Ads,Performance_Shopping,495,296,324,142,29,992,35770
2023-09-08,Meta Ads,Remarketing_Display,213,87,131,69,13,528,20640
2023-09-08,Meta Ads,Lead_Generation,394,234,249,120,25,794,28680
2023-09-08,Meta Ads,Display_Generico,675,401,428,200,47,1360,49120
2023-09-08,Meta Ads,Video_Awareness_Amplo,796,473,506,257,33,1603,57910
2023-09-08,TikTok Ads,Performance_Search,366,220,247,98,21,731,26300
2023-09-08,TikTok Ads,Performance_Shopping,805,482,535,236,34,1612,58090
2023-09-08,TikTok Ads,Remarketing_Display,332,138,227,86,19,817,31860
2023-09-08,TikTok Ads,Lead_Generation,376,226,255,99,22,751,27020
2023-09-08,TikTok Ads,Display_Generico,1050,630,700,303,47,2100,75600
2023-09-08,TikTok Ads,Video_Awareness_Amplo,1106,663,736,323,47,2213,79710
2023-09-09,Google Ads,Performance_Search,235,142,164,65,6,467,16790
2023-09-09,Google Ads,Performance_Shopping,210,125,138,62,10,422,15250
2023-09-09,Google Ads,Remarketing_Display,77,30,39,32,6,194,7650
2023-09-09,Google Ads,Lead_Generation,252,150,164,74,14,507,18300
2023-09-09,Google Ads,Display_Generico,338,203,230,96,12,675,24310
2023-09-09,Google Ads,Video_Awareness_Amplo,247,145,149,86,12,502,18200
2023-09-09,Meta Ads,Performance_Search,155,92,100,52,3,312,11290
2023-09-09,Meta Ads,Performance_Shopping,178,104,103,69,6,363,13180
2023-09-09,Meta Ads,Remarketing_Display,101,41,57,38,6,251,9820
2023-09-09,Meta Ads,Lead_Generation,281,167,178,90,13,566,20440
2023-09-09,Meta Ads,Display_Generico,325,195,219,82,24,650,23400
2023-09-09,Meta Ads,Video_Awareness_Amplo,397,236,256,119,22,799,28870
2023-09-09,TikTok Ads,Performance_Search,508,304,337,143,28,1018,36680
2023-09-09,TikTok Ads,Performance_Shopping,395,237,269,112,14,790,28440
2023-09-09,TikTok Ads,Remarketing_Display,170,70,109,53,8,420,16400
2023-09-09,TikTok Ads,Lead_Generation,374,223,245,112,17,751,27110
2023-09-09,TikTok Ads,Display_Generico,733,440,494,206,33,1465,52750
2023-09-09,TikTok Ads,Video_Awareness_Amplo,666,397,433,201,32,1338,48290
2023-09-10,Google Ads,Performance_Search,121,73,84,28,9,241,8660
2023-09-10,Google Ads,Performance_Shopping,222,133,150,62,10,444,16010
2023-09-10,Google Ads,Remarketing_Display,84,34,50,29,5,209,8180
2023-09-10,Google Ads,Lead_Generation,267,159,174,78,15,537,19380
2023-09-10,Google Ads,Display_Generico,342,202,211,106,25,692,25040
2023-09-10,Google Ads,Video_Awareness_Amplo,382,229,254,113,15,764,27530
2023-09-10,Meta Ads,Performance_Search,216,130,148,57,11,431,15500
2023-09-10,Meta Ads,Performance_Shopping,228,134,139,75,14,463,16780
2023-09-10,Meta Ads,Remarketing_Display,99,41,64,32,3,244,9520
2023-09-10,Meta Ads,Lead_Generation,403,239,251,136,16,813,29380
2023-09-10,Meta Ads,Display_Generico,408,242,258,127,23,823,29740
2023-09-10,Meta Ads,Video_Awareness_Amplo,338,203,232,90,16,675,24310
2023-09-10,TikTok Ads,Performance_Search,345,208,239,84,22,687,24710
2023-09-10,TikTok Ads,Performance_Shopping,482,287,311,145,26,969,34990
2023-09-10,TikTok Ads,Remarketing_Display,221,91,140,71,10,546,21320
2023-09-10,TikTok Ads,Lead_Generation,252,150,163,79,10,507,18300
2023-09-10,TikTok Ads,Display_Generico,695,414,446,212,37,1397,50430
2023-09-10,TikTok Ads,Video_Awareness_Amplo,483,289,320,134,29,968,34880
2023-09-11,Google Ads,Performance_Search,350,206,207,125,18,710,25720
2023-09-11,Google Ads,Performance_Shopping,262,157,174,76,12,524,18890
2023-09-11,Google Ads,Remarketing_Display,103,43,76,25,2,253,9860
2023-09-11,Google Ads,Lead_Generation,413,247,272,127,14,828,29840
2023-09-11,Google Ads,Display_Generico,616,367,395,191,30,1238,44690
2023-09-11,Google Ads,Video_Awareness_Amplo,460,276,312,132,16,920,33120
2023-09-11,Meta Ads,Performance_Search,488,294,335,125,28,973,34980
2023-09-11,Meta Ads,Performance_Shopping,352,210,228,113,11,707,25500
2023-09-11,Meta Ads,Remarketing_Display,135,56,90,40,5,332,12970
2023-09-11,Meta Ads,Lead_Generation,475,283,309,137,29,955,34460
2023-09-11,Meta Ads,Display_Generico,545,329,378,151,16,1085,38980
2023-09-11,Meta Ads,Video_Awareness_Amplo,676,405,452,187,37,1353,48750
2023-09-11,TikTok Ads,Performance_Search,618,369,400,179,39,1240,44730
2023-09-11,TikTok Ads,Performance_Shopping,401,237,247,136,18,811,29340
2023-09-11,TikTok Ads,Remarketing_Display,266,110,173,79,14,656,25600
2023-09-11,TikTok Ads,Lead_Generation,472,282,308,139,25,947,34140
2023-09-11,TikTok Ads,Display_Generico,1434,862,968,397,69,2864,103040
2023-09-11,TikTok Ads,Video_Awareness_Amplo,1256,754,841,351,64,2511,90380
2023-09-12,Google Ads,Performance_Search,409,243,263,127,19,824,29760
2023-09-12,Google Ads,Performance_Shopping,262,154,156,90,16,532,19280
2023-09-12,Google Ads,Remarketing_Display,83,33,49,28,6,208,8160
2023-09-12,Google Ads,Lead_Generation,344,206,230,97,17,689,24820
2023-09-12,Google Ads,Display_Generico,481,287,314,133,34,966,34840
2023-09-12,Google Ads,Video_Awareness_Amplo,539,322,350,162,27,1081,38990
2023-09-12,Meta Ads,Performance_Search,440,261,276,136,28,887,32070
2023-09-12,Meta Ads,Performance_Shopping,226,134,141,74,11,456,16480
2023-09-12,Meta Ads,Remarketing_Display,135,55,85,46,4,335,13100
2023-09-12,Meta Ads,Lead_Generation,357,214,240,106,11,714,25730
2023-09-12,Meta Ads,Display_Generico,524,312,337,162,25,1054,38040
2023-09-12,Meta Ads,Video_Awareness_Amplo,630,376,413,184,33,1265,45620
2023-09-12,TikTok Ads,Performance_Search,859,512,552,265,42,1726,62290
2023-09-12,TikTok Ads,Performance_Shopping,674,400,422,218,34,1359,49100
2023-09-12,TikTok Ads,Remarketing_Display,256,106,164,76,16,631,24620
2023-09-12,TikTok Ads,Lead_Generation,887,529,574,270,43,1782,64280
2023-09-12,TikTok Ads,Display_Generico,1069,639,701,305,63,2144,77280
2023-09-12,TikTok Ads,Video_Awareness_Amplo,797,475,510,236,51,1602,57800
2023-09-13,Google Ads,Performance_Search,170,101,109,51,10,342,12370
2023-09-13,Google Ads,Performance_Shopping,261,155,167,77,17,526,19000
2023-09-13,Google Ads,Remarketing_Display,112,46,69,37,6,277,10820
2023-09-13,Google Ads,Lead_Generation,324,195,220,91,13,646,23250
2023-09-13,Google Ads,Display_Generico,616,368,400,189,27,1236,44560
2023-09-13,Google Ads,Video_Awareness_Amplo,385,228,238,126,21,777,28110
2023-09-13,Meta Ads,Performance_Search,360,213,226,117,17,727,26310
2023-09-13,Meta Ads,Performance_Shopping,498,298,328,149,21,998,35960
2023-09-13,Meta Ads,Remarketing_Display,146,60,98,43,5,361,14100
2023-09-13,Meta Ads,Lead_Generation,408,243,262,127,19,820,29610
2023-09-13,Meta Ads,Display_Generico,771,461,509,225,37,1546,55720
2023-09-13,Meta Ads,Video_Awareness_Amplo,563,335,363,175,25,1133,40900
2023-09-13,TikTok Ads,Performance_Search,524,312,337,160,27,1054,38040
2023-09-13,TikTok Ads,Performance_Shopping,816,486,524,244,48,1641,59220
2023-09-13,TikTok Ads,Remarketing_Display,200,82,124,65,11,495,19340
2023-09-13,TikTok Ads,Lead_Generation,744,443,479,226,39,1496,54010
2023-09-13,TikTok Ads,Display_Generico,869,521,579,256,34,1739,62620
2023-09-13,TikTok Ads,Video_Awareness_Amplo,1020,606,640,324,56,2055,74220
2023-09-14,Google Ads,Performance_Search,163,96,103,53,7,330,11970
2023-09-14,Google Ads,Performance_Shopping,272,164,188,75,9,542,19480
2023-09-14,Google Ads,Remarketing_Display,127,52,82,40,5,314,12290
2023-09-14,Google Ads,Lead_Generation,394,237,270,112,12,786,28290
2023-09-14,Google Ads,Display_Generico,409,244,267,119,23,821,29630
2023-09-14,Google Ads,Video_Awareness_Amplo,587,350,379,182,26,1179,42550
2023-09-14,Meta Ads,Performance_Search,317,188,203,99,15,639,23110
2023-09-14,Meta Ads,Performance_Shopping,275,164,178,80,17,552,19930
2023-09-14,Meta Ads,Remarketing_Display,150,62,98,45,7,370,14440
2023-09-14,Meta Ads,Lead_Generation,388,230,243,127,18,783,28300
2023-09-14,Meta Ads,Display_Generico,709,425,471,207,31,1419,51100
2023-09-14,Meta Ads,Video_Awareness_Amplo,748,448,495,212,41,1498,53960
2023-09-14,TikTok Ads,Performance_Search,507,300,315,167,25,1024,37050
2023-09-14,TikTok Ads,Performance_Shopping,667,396,422,213,32,1344,48570
2023-09-14,TikTok Ads,Remarketing_Display,322,134,214,92,16,792,30880
2023-09-14,TikTok Ads,Lead_Generation,629,375,407,187,35,1264,45600
2023-09-14,TikTok Ads,Display_Generico,1462,875,963,429,70,2929,105550
2023-09-14,TikTok Ads,Video_Awareness_Amplo,1192,710,766,366,60,2397,86500
2023-09-15,Google Ads,Performance_Search,336,201,226,89,21,673,24270
2023-09-15,Google Ads,Performance_Shopping,206,124,140,56,10,411,14780
2023-09-15,Google Ads,Remarketing_Display,159,66,104,47,8,391,15270
2023-09-15,Google Ads,Lead_Generation,373,222,239,115,19,750,27090
2023-09-15,Google Ads,Display_Generico,361,214,227,108,26,728,26330
2023-09-15,Google Ads,Video_Awareness_Amplo,406,243,268,118,20,813,29310
2023-09-15,Meta Ads,Performance_Search,412,245,264,128,20,829,29950
2023-09-15,Meta Ads,Performance_Shopping,399,239,264,116,19,799,28780
2023-09-15,Meta Ads,Remarketing_Display,129,52,78,42,9,321,12590
2023-09-15,Meta Ads,Lead_Generation,456,274,311,125,20,911,32780
2023-09-15,Meta Ads,Display_Generico,631,376,404,198,29,1268,45770
2023-09-15,Meta Ads,Video_Awareness_Amplo,962,572,611,298,53,1937,69940
2023-09-15,TikTok Ads,Performance_Search,638,383,429,186,23,1275,45910
2023-09-15,TikTok Ads,Performance_Shopping,409,245,274,118,17,819,29500
2023-09-15,TikTok Ads,Remarketing_Display,300,124,196,92,12,740,28880
2023-09-15,TikTok Ads,Lead_Generation,427,254,274,129,24,859,31030
2023-09-15,TikTok Ads,Display_Generico,1159,693,759,341,59,2324,83760
2023-09-15,TikTok Ads,Video_Awareness_Amplo,816,491,559,230,27,1628,58570
2023-09-16,Google Ads,Performance_Search,233,139,152,71,10,468,16880
2023-09-16,Google Ads,Performance_Shopping,168,99,105,53,10,340,12330
2023-09-16,Google Ads,Remarketing_Display,104,43,66,30,8,256,10010
2023-09-16,Google Ads,Lead_Generation,263,158,183,69,11,525,18910
2023-09-16,Google Ads,Display_Generico,271,162,180,80,11,543,19590
2023-09-16,Google Ads,Video_Awareness_Amplo,253,151,166,76,11,508,18320
2023-09-16,Meta Ads,Performance_Search,237,142,158,74,5,474,17090
2023-09-16,Meta Ads,Performance_Shopping,239,144,164,60,15,476,17130
2023-09-16,Meta Ads,Remarketing_Display,145,61,106,36,3,355,13820
2023-09-16,Meta Ads,Lead_Generation,312,186,205,90,17,627,22620
2023-09-16,Meta Ads,Display_Generico,430,257,285,112,33,862,31090
2023-09-16,Meta Ads,Video_Awareness_Amplo,462,275,297,144,21,929,33550
2023-09-16,TikTok Ads,Performance_Search,530,316,344,165,21,1065,38420
2023-09-16,TikTok Ads,Performance_Shopping,558,332,358,166,34,1123,40540
2023-09-16,TikTok Ads,Remarketing_Display,203,83,125,67,11,503,19660
2023-09-16,TikTok Ads,Lead_Generation,435,258,276,142,17,877,31710
2023-09-16,TikTok Ads,Display_Generico,760,451,476,239,45,1532,55370
2023-09-16,TikTok Ads,Video_Awareness_Amplo,784,468,508,228,48,1574,56760
2023-09-17,Google Ads,Performance_Search,125,75,88,32,5,250,9000
2023-09-17,Google Ads,Performance_Shopping,272,160,165,92,15,552,20000
2023-09-17,Google Ads,Remarketing_Display,93,38,58,29,6,230,9010
2023-09-17,Google Ads,Lead_Generation,131,77,77,48,6,266,9640
2023-09-17,Google Ads,Display_Generico,245,146,160,70,15,492,17770
2023-09-17,Google Ads,Video_Awareness_Amplo,387,228,235,132,20,784,28410
2023-09-17,Meta Ads,Performance_Search,235,140,150,77,8,472,17050
2023-09-17,Meta Ads,Performance_Shopping,336,202,232,85,19,671,24140
2023-09-17,Meta Ads,Remarketing_Display,90,36,53,34,3,225,8820
2023-09-17,Meta Ads,Lead_Generation,207,121,122,73,12,422,15320
2023-09-17,Meta Ads,Display_Generico,480,285,302,154,24,967,34950
2023-09-17,Meta Ads,Video_Awareness_Amplo,514,308,342,146,26,1029,37060
2023-09-17,TikTok Ads,Performance_Search,546,325,349,172,25,1098,39650
2023-09-17,TikTok Ads,Performance_Shopping,339,203,229,95,15,679,24460
2023-09-17,TikTok Ads,Remarketing_Display,123,51,84,33,6,303,11820
2023-09-17,TikTok Ads,Lead_Generation,582,348,382,179,21,1167,42060
2023-09-17,TikTok Ads,Display_Generico,794,474,516,243,35,1594,57480
2023-09-17,TikTok Ads,Video_Awareness_Amplo,748,446,485,224,39,1503,54220
2023-09-18,Google Ads,Performance_Search,392,235,266,99,27,784,28250
2023-09-18,Google Ads,Performance_Shopping,185,111,124,50,11,370,13320
2023-09-18,Google Ads,Remarketing_Display,103,42,64,33,6,255,9990
2023-09-18,Google Ads,Lead_Generation,313,186,198,97,18,630,22770
2023-09-18,Google Ads,Display_Generico,493,295,327,140,26,988,35600
2023-09-18,Google Ads,Video_Awareness_Amplo,504,302,338,145,21,1009,36340
2023-09-18,Meta Ads,Performance_Search,237,140,148,75,14,479,17350
2023-09-18,Meta Ads,Performance_Shopping,299,175,175,110,14,609,22100
2023-09-18,Meta Ads,Remarketing_Display,159,64,90,59,10,396,15530
2023-09-18,Meta Ads,Lead_Generation,352,210,228,106,18,707,25500
2023-09-18,Meta Ads,Display_Generico,501,302,348,131,22,998,35890
2023-09-18,Meta Ads,Video_Awareness_Amplo,770,459,494,241,35,1547,55830
2023-09-18,TikTok Ads,Performance_Search,710,423,456,222,32,1427,51510
2023-09-18,TikTok Ads,Performance_Shopping,718,430,478,201,39,1438,51800
2023-09-18,TikTok Ads,Remarketing_Display,215,88,137,62,16,532,20810
2023-09-18,TikTok Ads,Lead_Generation,691,410,430,234,27,1393,50350
2023-09-18,TikTok Ads,Display_Generico,1195,711,758,378,59,2405,86820
2023-09-18,TikTok Ads,Video_Awareness_Amplo,1411,842,916,425,70,2833,102190
2023-09-19,Google Ads,Performance_Search,332,196,206,109,17,672,24320
2023-09-19,Google Ads,Performance_Shopping,342,204,221,101,20,687,24780
2023-09-19,Google Ads,Remarketing_Display,124,51,82,38,4,306,11970
2023-09-19,Google Ads,Lead_Generation,232,139,156,65,11,464,16730
2023-09-19,Google Ads,Display_Generico,349,209,230,104,15,699,25180
2023-09-19,Google Ads,Video_Awareness_Amplo,462,274,293,142,27,932,33680
2023-09-19,Meta Ads,Performance_Search,370,219,228,118,24,747,27030
2023-09-19,Meta Ads,Performance_Shopping,633,378,416,181,36,1270,45810
2023-09-19,Meta Ads,Remarketing_Display,202,84,139,54,9,497,19380
2023-09-19,Meta Ads,Lead_Generation,545,324,349,163,33,1097,39630
2023-09-19,Meta Ads,Display_Generico,540,321,346,168,26,1087,39270
2023-09-19,Meta Ads,Video_Awareness_Amplo,486,289,307,158,21,978,35330
2023-09-19,TikTok Ads,Performance_Search,781,466,506,241,34,1568,56570
2023-09-19,TikTok Ads,Performance_Shopping,676,398,405,227,44,1371,49660
2023-09-19,TikTok Ads,Remarketing_Display,347,144,235,91,21,854,33330
2023-09-19,TikTok Ads,Lead_Generation,442,264,289,130,23,887,31980
2023-09-19,TikTok Ads,Display_Generico,771,461,509,235,27,1546,55720
2023-09-19,TikTok Ads,Video_Awareness_Amplo,932,558,615,266,51,1867,67260
2023-09-20,Google Ads,Performance_Search,412,246,269,122,21,827,29820
2023-09-20,Google Ads,Performance_Shopping,203,122,139,54,10,405,14590
2023-09-20,Google Ads,Remarketing_Display,155,63,94,55,6,385,15060
2023-09-20,Google Ads,Lead_Generation,183,110,126,45,12,365,13150
2023-09-20,Google Ads,Display_Generico,364,218,243,104,17,729,26260
2023-09-20,Google Ads,Video_Awareness_Amplo,547,325,346,171,30,1102,39800
2023-09-20,Meta Ads,Performance_Search,643,386,430,186,27,1285,46270
2023-09-20,Meta Ads,Performance_Shopping,432,259,289,123,20,864,31130
2023-09-20,Meta Ads,Remarketing_Display,204,85,137,58,9,501,19550
2023-09-20,Meta Ads,Lead_Generation,381,227,245,123,13,766,27640
2023-09-20,Meta Ads,Display_Generico,477,284,308,148,21,959,34630
2023-09-20,Meta Ads,Video_Awareness_Amplo,728,434,469,225,34,1463,52780
2023-09-20,TikTok Ads,Performance_Search,871,521,574,244,53,1746,62920
2023-09-20,TikTok Ads,Performance_Shopping,545,328,371,141,33,1087,39110
2023-09-20,TikTok Ads,Remarketing_Display,276,113,169,96,11,683,26710
2023-09-20,TikTok Ads,Lead_Generation,512,303,316,156,40,1034,37410
2023-09-20,TikTok Ads,Display_Generico,686,412,460,202,24,1371,49340
2023-09-20,TikTok Ads,Video_Awareness_Amplo,965,572,599,317,49,1947,70390
2023-09-21,Google Ads,Performance_Search,318,192,220,81,17,633,22740
2023-09-21,Google Ads,Performance_Shopping,366,220,247,104,15,731,26300
2023-09-21,Google Ads,Remarketing_Display,115,47,71,35,9,285,11140
2023-09-21,Google Ads,Lead_Generation,318,190,207,102,9,638,23000
2023-09-21,Google Ads,Display_Generico,563,338,377,163,23,1125,40510
2023-09-21,Google Ads,Video_Awareness_Amplo,450,271,309,124,17,897,32270
2023-09-21,Meta Ads,Performance_Search,521,311,337,157,27,1046,37720
2023-09-21,Meta Ads,Performance_Shopping,401,240,269,116,16,803,28950
2023-09-21,Meta Ads,Remarketing_Display,188,77,116,64,8,465,18190
2023-09-21,Meta Ads,Lead_Generation,481,285,302,153,26,971,35100
2023-09-21,Meta Ads,Display_Generico,745,445,489,219,37,1495,53900
2023-09-21,Meta Ads,Video_Awareness_Amplo,797,473,503,255,39,1607,58060
2023-09-21,TikTok Ads,Performance_Search,663,395,424,206,33,1333,48100
2023-09-21,TikTok Ads,Performance_Shopping,678,404,439,207,32,1363,49180
2023-09-21,TikTok Ads,Remarketing_Display,345,141,212,118,15,855,33420
2023-09-21,TikTok Ads,Lead_Generation,525,314,346,157,22,1052,37930
2023-09-21,TikTok Ads,Display_Generico,1022,607,644,315,63,2059,74390
2023-09-21,TikTok Ads,Video_Awareness_Amplo,1260,754,828,377,55,2525,90980
2023-09-22,Google Ads,Performance_Search,233,139,151,75,7,468,16880
2023-09-22,Google Ads,Performance_Shopping,296,177,194,86,16,593,21390
2023-09-22,Google Ads,Remarketing_Display,96,40,64,27,5,236,9200
2023-09-22,Google Ads,Lead_Generation,179,106,112,57,10,361,13070
2023-09-22,Google Ads,Display_Generico,454,269,284,154,16,916,33130
2023-09-22,Google Ads,Video_Awareness_Amplo,437,261,287,130,20,877,31620
2023-09-22,Meta Ads,Performance_Search,583,348,383,166,34,1170,42210
2023-09-22,Meta Ads,Performance_Shopping,482,287,310,145,27,969,34990
2023-09-22,Meta Ads,Remarketing_Display,205,84,131,55,19,507,19830
2023-09-22,Meta Ads,Lead_Generation,452,266,271,154,27,917,33220
2023-09-22,Meta Ads,Display_Generico,696,415,451,212,33,1398,50450
2023-09-22,Meta Ads,Video_Awareness_Amplo,850,507,553,255,42,1707,61590
2023-09-22,TikTok Ads,Performance_Search,782,464,488,259,35,1577,56980
2023-09-22,TikTok Ads,Performance_Shopping,639,382,421,180,38,1281,46190
2023-09-22,TikTok Ads,Remarketing_Display,211,88,144,61,6,518,20210
2023-09-22,TikTok Ads,Lead_Generation,652,387,408,212,32,1314,47490
2023-09-22,TikTok Ads,Display_Generico,917,549,606,268,43,1837,66180
2023-09-22,TikTok Ads,Video_Awareness_Amplo,1410,843,922,422,66,2827,101910
2023-09-23,Google Ads,Performance_Search,186,111,124,51,11,373,13470
2023-09-23,Google Ads,Performance_Shopping,248,147,156,82,10,500,18090
2023-09-23,Google Ads,Remarketing_Display,93,39,66,22,5,228,8880
2023-09-23,Google Ads,Lead_Generation,141,84,90,42,9,283,10230
2023-09-23,Google Ads,Display_Generico,349,205,209,118,22,709,25700
2023-09-23,Google Ads,Video_Awareness_Amplo,450,271,312,121,17,897,32270
2023-09-23,Meta Ads,Performance_Search,264,157,167,83,14,531,19190
2023-09-23,Meta Ads,Performance_Shopping,387,232,258,112,17,774,27890
2023-09-23,Meta Ads,Remarketing_Display,125,51,82,36,7,310,12120
2023-09-23,Meta Ads,Lead_Generation,246,148,173,58,15,491,17660
2023-09-23,Meta Ads,Display_Generico,405,240,250,134,21,817,29550
2023-09-23,Meta Ads,Video_Awareness_Amplo,507,301,321,163,23,1022,36920
2023-09-23,TikTok Ads,Performance_Search,589,350,374,188,27,1186,42850
2023-09-23,TikTok Ads,Performance_Shopping,358,213,228,108,22,720,26010
2023-09-23,TikTok Ads,Remarketing_Display,156,65,111,41,4,383,14950
2023-09-23,TikTok Ads,Lead_Generation,537,322,362,158,17,1074,38690
2023-09-23,TikTok Ads,Display_Generico,582,344,357,193,32,1177,42580
2023-09-23,TikTok Ads,Video_Awareness_Amplo,513,307,340,149,24,1028,37040
2023-09-24,Google Ads,Performance_Search,135,79,79,43,13,275,9980
2023-09-24,Google Ads,Performance_Shopping,170,100,100,61,9,345,12500
2023-09-24,Google Ads,Remarketing_Display,94,39,68,22,4,231,9030
2023-09-24,Google Ads,Lead_Generation,226,133,136,74,16,458,16610
2023-09-24,Google Ads,Display_Generico,213,127,142,60,11,428,15440
2023-09-24,Google Ads,Video_Awareness_Amplo,266,159,178,76,12,533,19230
2023-09-24,Meta Ads,Performance_Search,302,180,196,88,18,607,21900
2023-09-24,Meta Ads,Performance_Shopping,371,223,250,98,23,741,26660
2023-09-24,Meta Ads,Remarketing_Display,139,56,80,47,12,346,13570
2023-09-24,Meta Ads,Lead_Generation,186,112,131,42,13,371,13340
2023-09-24,Meta Ads,Display_Generico,490,294,327,139,24,980,35280
2023-09-24,Meta Ads,Video_Awareness_Amplo,367,218,232,116,19,739,26710
2023-09-24,TikTok Ads,Performance_Search,262,156,170,79,13,527,19020
2023-09-24,TikTok Ads,Performance_Shopping,387,229,241,133,13,782,28280
2023-09-24,TikTok Ads,Remarketing_Display,152,63,100,43,9,374,14610
2023-09-24,TikTok Ads,Lead_Generation,495,297,331,134,30,990,35640
2023-09-24,TikTok Ads,Display_Generico,832,498,552,247,33,1667,60060
2023-09-24,TikTok Ads,Video_Awareness_Amplo,513,308,347,139,27,1025,36910
2023-09-25,Google Ads,Performance_Search,255,152,166,73,16,512,18490
2023-09-25,Google Ads,Performance_Shopping,219,131,149,58,12,439,15820
2023-09-25,Google Ads,Remarketing_Display,118,48,73,37,8,293,11460
2023-09-25,Google Ads,Lead_Generation,342,204,226,101,15,687,24780
2023-09-25,Google Ads,Display_Generico,627,372,394,203,30,1264,45690
2023-09-25,Google Ads,Video_Awareness_Amplo,569,337,352,180,37,1149,41540
2023-09-25,Meta Ads,Performance_Search,585,350,388,177,20,1172,42250
2023-09-25,Meta Ads,Performance_Shopping,355,212,234,103,18,712,25690
2023-09-25,Meta Ads,Remarketing_Display,240,100,163,66,11,590,23000
2023-09-25,Meta Ads,Lead_Generation,349,209,235,91,23,699,25180
2023-09-25,Meta Ads,Display_Generico,767,458,502,226,39,1539,55510
2023-09-25,Meta Ads,Video_Awareness_Amplo,692,413,452,192,48,1389,50110
2023-09-25,TikTok Ads,Performance_Search,428,254,270,133,25,863,31180
2023-09-25,TikTok Ads,Performance_Shopping,850,512,583,217,50,1695,60940
2023-09-25,TikTok Ads,Remarketing_Display,222,92,150,65,7,547,21340
2023-09-25,TikTok Ads,Lead_Generation,712,426,472,205,35,1427,51420
2023-09-25,TikTok Ads,Display_Generico,1263,753,816,380,67,2538,91560
2023-09-25,TikTok Ads,Video_Awareness_Amplo,1218,727,791,380,47,2445,88190
2023-09-26,Google Ads,Performance_Search,286,171,188,80,18,573,20670
2023-09-26,Google Ads,Performance_Shopping,359,215,242,100,17,719,25900
2023-09-26,Google Ads,Remarketing_Display,153,63,100,43,10,378,14760
2023-09-26,Google Ads,Lead_Generation,404,242,271,111,22,809,29140
2023-09-26,Google Ads,Display_Generico,439,263,294,115,30,879,31660
2023-09-26,Google Ads,Video_Awareness_Amplo,317,190,216,85,16,634,22850
2023-09-26,Meta Ads,Performance_Search,392,233,250,117,25,789,28510
2023-09-26,Meta Ads,Performance_Shopping,305,183,205,87,13,610,21960
2023-09-26,Meta Ads,Remarketing_Display,134,55,87,39,8,331,12950
2023-09-26,Meta Ads,Lead_Generation,436,259,279,135,22,878,31730
2023-09-26,Meta Ads,Display_Generico,654,391,433,185,36,1311,47270
2023-09-26,Meta Ads,Video_Awareness_Amplo,776,462,494,234,48,1561,56340
2023-09-26,TikTok Ads,Performance_Search,457,273,301,132,24,917,33060
2023-09-26,TikTok Ads,Performance_Shopping,656,391,425,202,29,1318,47570
2023-09-26,TikTok Ads,Remarketing_Display,193,79,123,61,9,478,18680
2023-09-26,TikTok Ads,Lead_Generation,682,407,445,205,32,1369,49390
2023-09-26,TikTok Ads,Display_Generico,713,425,459,218,36,1433,51700
2023-09-26,TikTok Ads,Video_Awareness_Amplo,973,581,633,289,51,1953,70420
2023-09-27,Google Ads,Performance_Search,373,222,237,119,17,750,27090
2023-09-27,Google Ads,Performance_Shopping,257,155,182,67,8,512,18400
2023-09-27,Google Ads,Remarketing_Display,151,62,92,48,11,373,14590
2023-09-27,Google Ads,Lead_Generation,350,208,226,109,15,705,25460
2023-09-27,Google Ads,Display_Generico,542,323,349,171,22,1089,39310
2023-09-27,Google Ads,Video_Awareness_Amplo,465,277,302,131,32,935,33740
2023-09-27,Meta Ads,Performance_Search,278,165,177,76,25,560,20250
2023-09-27,Meta Ads,Performance_Shopping,495,295,323,150,22,995,35900
2023-09-27,Meta Ads,Remarketing_Display,217,91,155,45,17,532,20720
2023-09-27,Meta Ads,Lead_Generation,529,317,352,147,30,1059,38140
2023-09-27,Meta Ads,Display_Generico,723,430,458,226,39,1455,52550
2023-09-27,Meta Ads,Video_Awareness_Amplo,708,425,474,192,42,1415,50950
2023-09-27,TikTok Ads,Performance_Search,477,283,303,144,30,962,34760
2023-09-27,TikTok Ads,Performance_Shopping,814,491,565,210,39,1621,58270
2023-09-27,TikTok Ads,Remarketing_Display,277,114,173,95,9,684,26730
2023-09-27,TikTok Ads,Lead_Generation,545,325,350,165,30,1095,39500
2023-09-27,TikTok Ads,Display_Generico,896,538,604,242,50,1791,64460
2023-09-27,TikTok Ads,Video_Awareness_Amplo,1097,653,698,327,72,2207,79660
2023-09-28,Google Ads,Performance_Search,289,172,185,86,18,581,20990
2023-09-28,Google Ads,Performance_Shopping,239,143,159,66,14,479,17260
2023-09-28,Google Ads,Remarketing_Display,110,45,73,28,9,272,10650
2023-09-28,Google Ads,Lead_Generation,284,169,186,87,11,571,20630
2023-09-28,Google Ads,Display_Generico,414,247,273,122,19,831,29990
2023-09-28,Google Ads,Video_Awareness_Amplo,439,261,279,136,24,884,31920
2023-09-28,Meta Ads,Performance_Search,558,334,368,159,31,1118,40280
2023-09-28,Meta Ads,Performance_Shopping,390,231,241,129,20,787,28470
2023-09-28,Meta Ads,Remarketing_Display,135,56,88,44,3,332,12970
2023-09-28,Meta Ads,Lead_Generation,328,196,215,97,16,658,23720
2023-09-28,Meta Ads,Display_Generico,653,387,408,213,32,1318,47640
2023-09-28,Meta Ads,Video_Awareness_Amplo,640,383,425,190,25,1282,46210
2023-09-28,TikTok Ads,Performance_Search,694,414,448,216,30,1394,50280
2023-09-28,TikTok Ads,Performance_Shopping,841,500,534,262,45,1693,61150
2023-09-28,TikTok Ads,Remarketing_Display,316,130,201,101,14,781,30500
2023-09-28,TikTok Ads,Lead_Generation,455,270,287,145,23,917,33150
2023-09-28,TikTok Ads,Display_Generico,1114,663,707,356,51,2241,80910
2023-09-28,TikTok Ads,Video_Awareness_Amplo,1294,771,830,406,58,2601,93870
2023-09-29,Google Ads,Performance_Search,439,262,288,131,20,881,31790
2023-09-29,Google Ads,Performance_Shopping,431,259,290,114,27,861,30980
2023-09-29,Google Ads,Remarketing_Display,164,68,107,49,8,404,15760
2023-09-29,Google Ads,Lead_Generation,351,208,223,107,21,708,25610
2023-09-29,Google Ads,Display_Generico,614,365,388,197,29,1236,44650
2023-09-29,Google Ads,Video_Awareness_Amplo,414,247,268,121,25,831,29990
2023-09-29,Meta Ads,Performance_Search,380,230,267,98,15,755,27100
2023-09-29,Meta Ads,Performance_Shopping,593,353,377,187,29,1193,43060
2023-09-29,Meta Ads,Remarketing_Display,267,111,176,81,10,657,25620
2023-09-29,Meta Ads,Lead_Generation,558,334,368,167,23,1118,40280
2023-09-29,Meta Ads,Display_Generico,875,523,571,253,51,1755,63260
2023-09-29,Meta Ads,Video_Awareness_Amplo,892,530,565,284,43,1797,64900
2023-09-29,TikTok Ads,Performance_Search,585,348,375,177,33,1177,42510
2023-09-29,TikTok Ads,Performance_Shopping,487,291,321,146,20,977,35220
2023-09-29,TikTok Ads,Remarketing_Display,193,80,126,58,9,475,18550
2023-09-29,TikTok Ads,Lead_Generation,818,489,537,234,47,1640,59130
2023-09-29,TikTok Ads,Display_Generico,1167,700,780,333,54,2334,84050
2023-09-29,TikTok Ads,Video_Awareness_Amplo,1122,671,738,334,50,2249,81070
2023-09-30,Google Ads,Performance_Search,117,69,76,33,8,237,8580
2023-09-30,Google Ads,Performance_Shopping,198,119,134,51,13,395,14230
2023-09-30,Google Ads,Remarketing_Display,73,30,48,23,2,180,7050
2023-09-30,Google Ads,Lead_Generation,298,177,189,98,11,600,21690
2023-09-30,Google Ads,Display_Generico,289,172,186,95,8,581,20990
2023-09-30,Google Ads,Video_Awareness_Amplo,412,246,267,130,15,827,29820
2023-09-30,Meta Ads,Performance_Search,298,177,190,95,13,600,21690
2023-09-30,Meta Ads,Performance_Shopping,168,101,116,46,6,335,12070
2023-09-30,Meta Ads,Remarketing_Display,127,51,75,39,13,317,12420
2023-09-30,Meta Ads,Lead_Generation,325,195,222,84,19,650,23400
2023-09-30,Meta Ads,Display_Generico,398,236,251,122,25,803,29020
2023-09-30,Meta Ads,Video_Awareness_Amplo,463,273,277,154,32,938,33960
2023-09-30,TikTok Ads,Performance_Search,544,325,354,165,25,1091,39350
2023-09-30,TikTok Ads,Performance_Shopping,338,202,225,99,14,678,24440
2023-09-30,TikTok Ads,Remarketing_Display,129,52,78,43,8,321,12590
2023-09-30,TikTok Ads,Lead_Generation,422,253,280,124,18,844,30410
2023-09-30,TikTok Ads,Display_Generico,772,465,527,208,37,1539,55350
2023-09-30,TikTok Ads,Video_Awareness_Amplo,761,453,488,240,33,1531,55260
2023-10-01,Google Ads,Performance_Search,174,104,115,45,14,349,12580
2023-10-01,Google Ads,Performance_Shopping,329,196,212,96,21,661,23870
2023-10-01,Google Ads,Remarketing_Display,86,35,56,27,3,213,8350
2023-10-01,Google Ads,Lead_Generation,135,81,91,37,7,270,9720
2023-10-01,Google Ads,Display_Generico,349,208,224,106,19,701,25310
2023-10-01,Google Ads,Video_Awareness_Amplo,376,224,240,118,18,756,27280
2023-10-01,Meta Ads,Performance_Search,398,239,267,106,25,795,28630
2023-10-01,Meta Ads,Performance_Shopping,190,111,113,65,12,387,14070
2023-10-01,Meta Ads,Remarketing_Display,151,61,87,49,15,376,14720
2023-10-01,Meta Ads,Lead_Generation,183,108,110,60,13,370,13410
2023-10-01,Meta Ads,Display_Generico,505,303,339,140,26,1010,36360
2023-10-01,Meta Ads,Video_Awareness_Amplo,523,312,340,153,30,1050,37890
2023-10-01,TikTok Ads,Performance_Search,592,352,374,179,39,1192,43040
2023-10-01,TikTok Ads,Performance_Shopping,272,163,184,74,14,544,19610
2023-10-01,TikTok Ads,Remarketing_Display,199,82,127,62,10,491,19190
2023-10-01,TikTok Ads,Lead_Generation,232,138,152,73,7,467,16860
2023-10-01,TikTok Ads,Display_Generico,787,472,528,219,40,1574,56690
2023-10-01,TikTok Ads,Video_Awareness_Amplo,605,364,412,163,30,1207,43430
2023-10-02,Google Ads,Performance_Search,362,214,226,116,20,732,26480
2023-10-02,Google Ads,Performance_Shopping,338,200,209,116,13,683,24700
2023-10-02,Google Ads,Remarketing_Display,138,56,84,48,6,343,13420
2023-10-02,Google Ads,Lead_Generation,302,179,192,94,16,609,22030
2023-10-02,Google Ads,Display_Generico,654,393,442,187,25,1306,47010
2023-10-02,Google Ads,Video_Awareness_Amplo,651,388,423,196,32,1308,47210
2023-10-02,Meta Ads,Performance_Search,283,168,181,90,12,570,20610
2023-10-02,Meta Ads,Performance_Shopping,326,196,221,94,11,651,23420
2023-10-02,Meta Ads,Remarketing_Display,193,80,131,52,10,475,18550
2023-10-02,Meta Ads,Lead_Generation,381,227,249,115,17,766,27640
2023-10-02,Meta Ads,Display_Generico,858,512,558,261,39,1723,62140
2023-10-02,Meta Ads,Video_Awareness_Amplo,446,267,294,125,27,893,32190
2023-10-02,TikTok Ads,Performance_Search,607,362,395,175,37,1219,43990
2023-10-02,TikTok Ads,Performance_Shopping,414,247,272,119,23,831,29990
2023-10-02,TikTok Ads,Remarketing_Display,295,122,197,85,13,727,28390
2023-10-02,TikTok Ads,Lead_Generation,826,495,551,236,39,1653,59550
2023-10-02,TikTok Ads,Display_Generico,1232,735,799,394,39,2474,89250
2023-10-02,TikTok Ads,Video_Awareness_Amplo,1327,793,867,407,53,2662,95960
2023-10-03,Google Ads,Performance_Search,495,293,309,158,28,1000,36160
2023-10-03,Google Ads,Performance_Shopping,231,139,163,57,11,461,16580
2023-10-03,Google Ads,Remarketing_Display,145,60,102,37,6,357,13950
2023-10-03,Google Ads,Lead_Generation,432,258,281,132,19,867,31260
2023-10-03,Google Ads,Display_Generico,570,340,373,160,37,1145,41300
2023-10-03,Google Ads,Video_Awareness_Amplo,529,318,358,146,25,1056,38010
2023-10-03,Meta Ads,Performance_Search,432,258,282,134,16,867,31260
2023-10-03,Meta Ads,Performance_Shopping,560,333,358,167,35,1127,40710
2023-10-03,Meta Ads,Remarketing_Display,172,72,119,48,5,422,16440
2023-10-03,Meta Ads,Lead_Generation,432,257,278,131,23,869,31390
2023-10-03,Meta Ads,Display_Generico,889,531,579,266,44,1784,64320
2023-10-03,Meta Ads,Video_Awareness_Amplo,928,553,594,280,54,1865,67310
2023-10-03,TikTok Ads,Performance_Search,383,229,256,112,15,768,27680
2023-10-03,TikTok Ads,Performance_Shopping,435,261,291,125,19,870,31320
2023-10-03,TikTok Ads,Remarketing_Display,172,70,105,55,12,427,16700
2023-10-03,TikTok Ads,Lead_Generation,713,427,476,202,35,1428,51440
2023-10-03,TikTok Ads,Display_Generico,1167,694,741,378,48,2349,84830
2023-10-03,TikTok Ads,Video_Awareness_Amplo,1104,661,729,315,60,2211,79670
2023-10-04,Google Ads,Performance_Search,295,174,179,97,19,597,21630
2023-10-04,Google Ads,Performance_Shopping,221,131,137,74,10,446,16120
2023-10-04,Google Ads,Remarketing_Display,170,71,116,44,10,417,16270
2023-10-04,Google Ads,Lead_Generation,335,203,237,79,19,665,23860
2023-10-04,Google Ads,Display_Generico,518,306,316,174,28,1048,37920
2023-10-04,Google Ads,Video_Awareness_Amplo,640,384,429,187,24,1280,46080
2023-10-04,Meta Ads,Performance_Search,344,205,224,94,26,691,24950
2023-10-04,Meta Ads,Performance_Shopping,356,211,225,115,16,718,25970
2023-10-04,Meta Ads,Remarketing_Display,146,60,95,44,7,361,14100
2023-10-04,Meta Ads,Lead_Generation,546,327,363,149,34,1093,39390
2023-10-04,Meta Ads,Display_Generico,835,501,563,234,38,1670,60120
2023-10-04,Meta Ads,Video_Awareness_Amplo,661,395,431,193,37,1326,47800
2023-10-04,TikTok Ads,Performance_Search,570,340,368,181,21,1145,41300
2023-10-04,TikTok Ads,Performance_Shopping,416,247,261,129,26,838,30290
2023-10-04,TikTok Ads,Remarketing_Display,346,143,224,99,23,853,33310
2023-10-04,TikTok Ads,Lead_Generation,472,282,311,143,18,947,34140
2023-10-04,TikTok Ads,Display_Generico,1179,705,771,350,58,2364,85200
2023-10-04,TikTok Ads,Video_Awareness_Amplo,838,501,548,258,32,1680,60570
2023-10-05,Google Ads,Performance_Search,302,181,201,90,11,604,21770
2023-10-05,Google Ads,Performance_Shopping,326,194,207,100,19,656,23680
2023-10-05,Google Ads,Remarketing_Display,145,60,97,43,5,357,13950
2023-10-05,Google Ads,Lead_Generation,347,207,229,99,19,697,25140
2023-10-05,Google Ads,Display_Generico,551,329,360,162,29,1106,39880
2023-10-05,Google Ads,Video_Awareness_Amplo,473,281,303,144,26,953,34420
2023-10-05,Meta Ads,Performance_Search,462,278,314,136,12,922,33160
2023-10-05,Meta Ads,Performance_Shopping,409,244,266,119,24,821,29630
2023-10-05,Meta Ads,Remarketing_Display,137,57,94,34,9,337,13140
2023-10-05,Meta Ads,Lead_Generation,585,349,382,175,28,1175,42380
2023-10-05,Meta Ads,Display_Generico,617,367,391,189,37,1242,44840
2023-10-05,Meta Ads,Video_Awareness_Amplo,576,343,368,185,23,1158,41810
2023-10-05,TikTok Ads,Performance_Search,425,255,284,127,14,850,30600
2023-10-05,TikTok Ads,Performance_Shopping,398,236,248,125,25,803,29020
2023-10-05,TikTok Ads,Remarketing_Display,334,138,215,104,15,824,32160
2023-10-05,TikTok Ads,Lead_Generation,655,387,403,204,48,1325,47940
2023-10-05,TikTok Ads,Display_Generico,1251,749,829,359,63,2506,90280
2023-10-05,TikTok Ads,Video_Awareness_Amplo,888,535,612,238,38,1770,63650
2023-10-06,Google Ads,Performance_Search,339,203,224,95,20,679,24460
2023-10-06,Google Ads,Performance_Shopping,273,163,179,80,14,548,19760
2023-10-06,Google Ads,Remarketing_Display,145,60,94,45,6,357,13950
2023-10-06,Google Ads,Lead_Generation,258,154,168,83,7,518,18680
2023-10-06,Google Ads,Display_Generico,606,364,413,160,33,1211,43580
2023-10-06,Google Ads,Video_Awareness_Amplo,589,350,373,187,29,1186,42850
2023-10-06,Meta Ads,Performance_Search,326,194,212,104,10,656,23680
2023-10-06,Meta Ads,Performance_Shopping,243,144,153,74,16,490,17730
2023-10-06,Meta Ads,Remarketing_Display,180,75,123,52,5,442,17250
2023-10-06,Meta Ads,Lead_Generation,458,275,309,125,24,915,32950
2023-10-06,Meta Ads,Display_Generico,647,385,411,204,32,1302,47000
2023-10-06,Meta Ads,Video_Awareness_Amplo,709,423,457,216,36,1424,51360
2023-10-06,TikTok Ads,Performance_Search,880,527,586,249,45,1762,63490
2023-10-06,TikTok Ads,Performance_Shopping,590,354,395,167,28,1180,42480
2023-10-06,TikTok Ads,Remarketing_Display,276,114,179,82,15,681,26580
2023-10-06,TikTok Ads,Lead_Generation,485,289,310,155,20,975,35180
2023-10-06,TikTok Ads,Display_Generico,1165,700,788,325,52,2327,83750
2023-10-06,TikTok Ads,Video_Awareness_Amplo,769,458,493,239,37,1546,55810
2023-10-07,Google Ads,Performance_Search,199,120,140,50,9,396,14250
2023-10-07,Google Ads,Performance_Shopping,239,142,154,74,11,481,17390
2023-10-07,Google Ads,Remarketing_Display,83,33,49,32,2,208,8160
2023-10-07,Google Ads,Lead_Generation,306,182,199,88,19,616,22240
2023-10-07,Google Ads,Display_Generico,393,237,270,110,13,783,28140
2023-10-07,Google Ads,Video_Awareness_Amplo,384,228,246,120,18,774,27960
2023-10-07,Meta Ads,Performance_Search,275,164,177,87,11,552,19930
2023-10-07,Meta Ads,Performance_Shopping,259,154,164,81,14,521,18830
2023-10-07,Meta Ads,Remarketing_Display,124,52,89,28,7,304,11840
2023-10-07,Meta Ads,Lead_Generation,350,207,217,111,22,707,25590
2023-10-07,Meta Ads,Display_Generico,395,235,256,117,22,795,28700
2023-10-07,Meta Ads,Video_Awareness_Amplo,568,340,377,163,28,1138,41000
2023-10-07,TikTok Ads,Performance_Search,370,221,240,110,20,742,26770
2023-10-07,TikTok Ads,Performance_Shopping,569,340,376,154,39,1141,41150
2023-10-07,TikTok Ads,Remarketing_Display,207,85,135,58,14,512,20000
2023-10-07,TikTok Ads,Lead_Generation,387,232,261,106,20,774,27890
2023-10-07,TikTok Ads,Display_Generico,558,333,360,170,28,1120,40410
2023-10-07,TikTok Ads,Video_Awareness_Amplo,703,417,441,225,37,1418,51240
2023-10-08,Google Ads,Performance_Search,219,131,146,68,5,439,15820
2023-10-08,Google Ads,Performance_Shopping,193,114,123,60,10,390,14130
2023-10-08,Google Ads,Remarketing_Display,76,31,44,29,3,188,7370
2023-10-08,Google Ads,Lead_Generation,133,80,93,34,6,265,9550
2023-10-08,Google Ads,Display_Generico,451,270,298,135,18,903,32550
2023-10-08,Google Ads,Video_Awareness_Amplo,399,241,282,104,13,794,28520
2023-10-08,Meta Ads,Performance_Search,301,177,181,97,23,611,22140
2023-10-08,Meta Ads,Performance_Shopping,361,214,228,115,18,728,26330
2023-10-08,Meta Ads,Remarketing_Display,133,55,90,36,7,328,12800
2023-10-08,Meta Ads,Lead_Generation,338,202,220,106,12,678,24440
2023-10-08,Meta Ads,Display_Generico,369,219,230,111,28,744,26880
2023-10-08,Meta Ads,Video_Awareness_Amplo,580,342,353,189,38,1175,42540
2023-10-08,TikTok Ads,Performance_Search,477,283,303,160,14,962,34760
2023-10-08,TikTok Ads,Performance_Shopping,362,215,232,113,17,729,26350
2023-10-08,TikTok Ads,Remarketing_Display,215,88,133,63,19,532,20810
2023-10-08,TikTok Ads,Lead_Generation,301,178,184,99,18,608,22010
2023-10-08,TikTok Ads,Display_Generico,783,467,506,237,40,1573,56740
2023-10-08,TikTok Ads,Video_Awareness_Amplo,636,379,410,200,26,1278,46130
2023-10-09,Google Ads,Performance_Search,405,240,253,131,21,817,29550
2023-10-09,Google Ads,Performance_Shopping,208,126,151,52,5,413,14820
2023-10-09,Google Ads,Remarketing_Display,112,47,80,28,4,274,10690
2023-10-09,Google Ads,Lead_Generation,352,207,207,120,25,714,25890
2023-10-09,Google Ads,Display_Generico,626,371,391,207,28,1263,45670
2023-10-09,Google Ads,Video_Awareness_Amplo,641,383,423,182,36,1286,46360
2023-10-09,Meta Ads,Performance_Search,259,154,169,83,7,521,18830
2023-10-09,Meta Ads,Performance_Shopping,525,314,345,153,27,1052,37930
2023-10-09,Meta Ads,Remarketing_Display,139,57,91,42,6,344,13440
2023-10-09,Meta Ads,Lead_Generation,449,270,304,126,19,896,32250
2023-10-09,Meta Ads,Display_Generico,690,412,450,200,40,1385,49940
2023-10-09,Meta Ads,Video_Awareness_Amplo,615,364,381,200,34,1242,44930
2023-10-09,TikTok Ads,Performance_Search,492,293,316,159,17,989,35710
2023-10-09,TikTok Ads,Performance_Shopping,444,263,277,147,20,896,32410
2023-10-09,TikTok Ads,Remarketing_Display,251,104,163,74,14,618,24130
2023-10-09,TikTok Ads,Lead_Generation,614,365,389,193,32,1236,44650
2023-10-09,TikTok Ads,Display_Generico,1160,695,771,339,50,2322,83650
2023-10-09,TikTok Ads,Video_Awareness_Amplo,1414,841,898,440,76,2846,102770
2023-10-10,Google Ads,Performance_Search,328,194,204,113,11,663,23980
2023-10-10,Google Ads,Performance_Shopping,295,175,184,90,21,595,21500
2023-10-10,Google Ads,Remarketing_Display,106,44,69,34,3,261,10180
2023-10-10,Google Ads,Lead_Generation,373,220,229,123,21,755,27350
2023-10-10,Google Ads,Display_Generico,536,321,359,155,22,1073,38670
2023-10-10,Google Ads,Video_Awareness_Amplo,483,286,297,161,25,975,35270
2023-10-10,Meta Ads,Performance_Search,457,275,311,129,17,912,32800
2023-10-10,Meta Ads,Performance_Shopping,548,326,351,160,37,1103,39820
2023-10-10,Meta Ads,Remarketing_Display,247,102,157,78,12,609,23790
2023-10-10,Meta Ads,Lead_Generation,630,373,392,193,45,1272,46010
2023-10-10,Meta Ads,Display_Generico,839,501,548,259,32,1684,60720
2023-10-10,Meta Ads,Video_Awareness_Amplo,883,527,570,257,56,1773,63940
2023-10-10,TikTok Ads,Performance_Search,531,315,332,162,37,1071,38700
2023-10-10,TikTok Ads,Performance_Shopping,582,346,368,195,19,1172,42320
2023-10-10,TikTok Ads,Remarketing_Display,398,165,262,117,19,980,38250
2023-10-10,TikTok Ads,Lead_Generation,442,266,300,120,22,882,31720
2023-10-10,TikTok Ads,Display_Generico,809,482,519,245,45,1626,58690
2023-10-10,TikTok Ads,Video_Awareness_Amplo,1272,760,833,380,59,2552,92000
2023-10-11,Google Ads,Performance_Search,313,188,214,84,15,625,22510
2023-10-11,Google Ads,Performance_Shopping,361,213,223,115,23,731,26460
2023-10-11,Google Ads,Remarketing_Display,159,66,108,40,11,391,15270
2023-10-11,Google Ads,Lead_Generation,497,295,316,155,26,1002,36200
2023-10-11,Google Ads,Display_Generico,442,260,264,155,23,897,32500
2023-10-11,Google Ads,Video_Awareness_Amplo,426,252,265,133,28,861,31140
2023-10-11,Meta Ads,Performance_Search,540,322,349,160,31,1085,39140
2023-10-11,Meta Ads,Performance_Shopping,434,259,286,125,23,871,31430
2023-10-11,Meta Ads,Remarketing_Display,221,90,129,76,16,548,21450
2023-10-11,Meta Ads,Lead_Generation,480,287,319,128,33,962,34690
2023-10-11,Meta Ads,Display_Generico,799,479,534,225,40,1599,57580
2023-10-11,Meta Ads,Video_Awareness_Amplo,674,403,440,197,37,1351,48710
2023-10-11,TikTok Ads,Performance_Search,885,531,596,254,35,1770,63720
2023-10-11,TikTok Ads,Performance_Shopping,455,273,309,128,18,910,32760
2023-10-11,TikTok Ads,Remarketing_Display,247,102,160,71,16,609,23790
2023-10-11,TikTok Ads,Lead_Generation,513,307,342,145,26,1028,37040
2023-10-11,TikTok Ads,Display_Generico,974,581,630,286,58,1956,70570
2023-10-11,TikTok Ads,Video_Awareness_Amplo,834,497,537,251,46,1676,60490
2023-10-12,Google Ads,Performance_Search,281,169,193,80,8,561,20180
2023-10-12,Google Ads,Performance_Shopping,339,201,215,108,16,684,24720
2023-10-12,Google Ads,Remarketing_Display,98,40,65,26,7,243,9500
2023-10-12,Google Ads,Lead_Generation,366,216,223,115,28,741,26820
2023-10-12,Google Ads,Display_Generico,760,452,483,235,42,1530,55240
2023-10-12,Google Ads,Video_Awareness_Amplo,533,319,350,155,28,1068,38480
2023-10-12,Meta Ads,Performance_Search,375,225,250,106,19,750,27000
2023-10-12,Meta Ads,Performance_Shopping,469,278,291,154,24,946,34210
2023-10-12,Meta Ads,Remarketing_Display,267,112,186,70,11,654,25490
2023-10-12,Meta Ads,Lead_Generation,599,356,380,187,32,1206,43570
2023-10-12,Meta Ads,Display_Generico,899,537,586,263,50,1804,65040
2023-10-12,Meta Ads,Video_Awareness_Amplo,531,318,354,152,25,1063,38310
2023-10-12,TikTok Ads,Performance_Search,637,381,419,188,30,1277,46020
2023-10-12,TikTok Ads,Performance_Shopping,632,375,398,208,26,1274,46050
2023-10-12,TikTok Ads,Remarketing_Display,271,112,176,85,10,668,26090
2023-10-12,TikTok Ads,Lead_Generation,506,305,348,133,25,1008,36250
2023-10-12,TikTok Ads,Display_Generico,1304,781,860,384,60,2611,94070
2023-10-12,TikTok Ads,Video_Awareness_Amplo,909,543,594,270,45,1824,65760
2023-10-13,Google Ads,Performance_Search,254,153,178,66,10,506,18210
2023-10-13,Google Ads,Performance_Shopping,437,260,277,134,26,879,31750
2023-10-13,Google Ads,Remarketing_Display,185,76,120,56,9,457,17870
2023-10-13,Google Ads,Lead_Generation,310,185,200,94,16,622,22450
2023-10-13,Google Ads,Display_Generico,377,226,254,110,13,754,27170
2023-10-13,Google Ads,Video_Awareness_Amplo,611,361,372,199,40,1236,44720
2023-10-13,Meta Ads,Performance_Search,474,284,316,132,26,949,34180
2023-10-13,Meta Ads,Performance_Shopping,531,316,343,175,13,1068,38570
2023-10-13,Meta Ads,Remarketing_Display,134,55,89,37,8,331,12950
2023-10-13,Meta Ads,Lead_Generation,397,236,250,124,23,799,28870
2023-10-13,Meta Ads,Display_Generico,603,363,410,167,26,1203,43260
2023-10-13,Meta Ads,Video_Awareness_Amplo,768,456,484,245,39,1548,55920
2023-10-13,TikTok Ads,Performance_Search,616,367,399,193,24,1238,44690
2023-10-13,TikTok Ads,Performance_Shopping,394,236,266,112,16,789,28420
2023-10-13,TikTok Ads,Remarketing_Display,314,131,213,86,15,771,30070
2023-10-13,TikTok Ads,Lead_Generation,927,554,608,272,47,1859,67030
2023-10-13,TikTok Ads,Display_Generico,958,573,630,276,52,1920,69210
2023-10-13,TikTok Ads,Video_Awareness_Amplo,1336,796,855,413,68,2686,96920
2023-10-14,Google Ads,Performance_Search,190,114,132,50,8,380,13680
2023-10-14,Google Ads,Performance_Shopping,191,115,134,49,8,381,13700
2023-10-14,Google Ads,Remarketing_Display,113,46,70,38,5,280,10970
2023-10-14,Google Ads,Lead_Generation,172,102,110,56,6,347,12540
2023-10-14,Google Ads,Display_Generico,381,229,257,107,17,761,27380
2023-10-14,Google Ads,Video_Awareness_Amplo,404,239,252,135,17,816,29530
2023-10-14,Meta Ads,Performance_Search,207,125,148,48,11,412,14800
2023-10-14,Meta Ads,Performance_Shopping,271,161,173,84,14,546,19720
2023-10-14,Meta Ads,Remarketing_Display,124,52,89,29,6,304,11840
2023-10-14,Meta Ads,Lead_Generation,366,219,243,107,16,733,26430
2023-10-14,Meta Ads,Display_Generico,578,344,370,180,28,1163,41980
2023-10-14,Meta Ads,Video_Awareness_Amplo,607,363,397,180,30,1217,43860
2023-10-14,TikTok Ads,Performance_Search,367,219,242,104,21,737,26580
2023-10-14,TikTok Ads,Performance_Shopping,290,174,199,71,20,580,20880
2023-10-14,TikTok Ads,Remarketing_Display,117,48,73,39,5,289,11310
2023-10-14,TikTok Ads,Lead_Generation,396,235,249,120,27,798,28850
2023-10-14,TikTok Ads,Display_Generico,536,316,324,185,27,1086,39320
2023-10-14,TikTok Ads,Video_Awareness_Amplo,838,502,557,236,45,1678,60440
2023-10-15,Google Ads,Performance_Search,281,168,187,79,15,563,20310
2023-10-15,Google Ads,Performance_Shopping,233,138,144,76,13,470,17010
2023-10-15,Google Ads,Remarketing_Display,98,40,63,30,5,243,9500
2023-10-15,Google Ads,Lead_Generation,201,122,145,48,8,398,14290
2023-10-15,Google Ads,Display_Generico,294,174,186,92,16,594,21480
2023-10-15,Google Ads,Video_Awareness_Amplo,279,168,195,72,12,556,20010
2023-10-15,Meta Ads,Performance_Search,374,224,253,105,16,749,26980
2023-10-15,Meta Ads,Performance_Shopping,320,190,202,107,11,645,23300
2023-10-15,Meta Ads,Remarketing_Display,106,44,73,24,9,261,10180
2023-10-15,Meta Ads,Lead_Generation,378,228,260,98,20,753,27060
2023-10-15,Meta Ads,Display_Generico,511,305,335,150,26,1026,37000
2023-10-15,Meta Ads,Video_Awareness_Amplo,463,277,304,140,19,928,33440
2023-10-15,TikTok Ads,Performance_Search,413,247,270,132,11,828,29840
2023-10-15,TikTok Ads,Performance_Shopping,303,180,194,95,14,610,22050
2023-10-15,TikTok Ads,Remarketing_Display,236,98,155,67,14,581,22660
2023-10-15,TikTok Ads,Lead_Generation,247,147,162,71,14,497,17940
2023-10-15,TikTok Ads,Display_Generico,964,578,643,286,35,1929,69460
2023-10-15,TikTok Ads,Video_Awareness_Amplo,737,437,460,241,36,1487,53740
2023-10-16,Google Ads,Performance_Search,354,212,235,103,16,709,25540
2023-10-16,Google Ads,Performance_Shopping,407,242,262,126,19,819,29590
2023-10-16,Google Ads,Remarketing_Display,131,55,95,28,8,321,12500
2023-10-16,Google Ads,Lead_Generation,306,182,197,92,17,616,22240
2023-10-16,Google Ads,Display_Generico,447,268,297,138,12,894,32210
2023-10-16,Google Ads,Video_Awareness_Amplo,503,297,308,170,25,1018,36840
2023-10-16,Meta Ads,Performance_Search,420,253,287,116,17,837,30110
2023-10-16,Meta Ads,Performance_Shopping,404,239,248,136,20,816,29530
2023-10-16,Meta Ads,Remarketing_Display,211,87,134,63,14,521,20340
2023-10-16,Meta Ads,Lead_Generation,534,318,341,172,21,1074,38760
2023-10-16,Meta Ads,Display_Generico,689,413,457,206,26,1379,49660
2023-10-16,Meta Ads,Video_Awareness_Amplo,975,587,668,263,44,1945,69940
2023-10-16,TikTok Ads,Performance_Search,865,516,560,268,37,1737,62670
2023-10-16,TikTok Ads,Performance_Shopping,449,267,287,142,20,904,32640
2023-10-16,TikTok Ads,Remarketing_Display,303,125,192,92,19,748,29200
2023-10-16,TikTok Ads,Lead_Generation,894,532,573,279,42,1799,64940
2023-10-16,TikTok Ads,Display_Generico,1015,608,671,289,55,2032,73210
2023-10-16,TikTok Ads,Video_Awareness_Amplo,1238,737,789,387,62,2490,89890
2023-10-17,Google Ads,Performance_Search,284,169,181,84,19,571,20630
2023-10-17,Google Ads,Performance_Shopping,192,112,107,73,12,392,14240
2023-10-17,Google Ads,Remarketing_Display,145,60,98,41,6,357,13950
2023-10-17,Google Ads,Lead_Generation,483,288,311,151,21,970,35010
2023-10-17,Google Ads,Display_Generico,588,352,391,172,25,1178,42440
2023-10-17,Google Ads,Video_Awareness_Amplo,527,317,359,143,25,1052,37840
2023-10-17,Meta Ads,Performance_Search,634,374,381,218,35,1284,46480
2023-10-17,Meta Ads,Performance_Shopping,403,242,274,110,19,805,28990
2023-10-17,Meta Ads,Remarketing_Display,118,49,80,30,8,290,11330
2023-10-17,Meta Ads,Lead_Generation,575,343,372,168,35,1155,41660
2023-10-17,Meta Ads,Display_Generico,799,477,522,229,48,1604,57840
2023-10-17,Meta Ads,Video_Awareness_Amplo,482,287,310,143,29,969,34990
2023-10-17,TikTok Ads,Performance_Search,706,424,477,204,25,1411,50780
2023-10-17,TikTok Ads,Performance_Shopping,519,310,338,152,29,1041,37550
2023-10-17,TikTok Ads,Remarketing_Display,246,102,160,73,13,606,23640
2023-10-17,TikTok Ads,Lead_Generation,909,544,597,261,51,1821,65630
2023-10-17,TikTok Ads,Display_Generico,770,463,525,213,32,1537,55310
2023-10-17,TikTok Ads,Video_Awareness_Amplo,1456,871,955,437,64,2918,105170
2023-10-18,Google Ads,Performance_Search,271,162,182,79,10,543,19590
2023-10-18,Google Ads,Performance_Shopping,483,289,322,136,25,968,34880
2023-10-18,Google Ads,Remarketing_Display,172,70,107,57,8,427,16700
2023-10-18,Google Ads,Lead_Generation,213,127,143,64,6,428,15440
2023-10-18,Google Ads,Display_Generico,640,381,412,193,35,1287,46470
2023-10-18,Google Ads,Video_Awareness_Amplo,644,386,427,181,36,1289,46420
2023-10-18,Meta Ads,Performance_Search,541,324,362,154,25,1083,39030
2023-10-18,Meta Ads,Performance_Shopping,440,262,286,134,20,885,31940
2023-10-18,Meta Ads,Remarketing_Display,235,98,162,66,7,577,22510
2023-10-18,Meta Ads,Lead_Generation,486,290,316,138,32,976,35200
2023-10-18,Meta Ads,Display_Generico,857,509,541,273,43,1727,62380
2023-10-18,Meta Ads,Video_Awareness_Amplo,826,494,542,248,36,1656,59680
2023-10-18,TikTok Ads,Performance_Search,416,248,273,124,19,836,30160
2023-10-18,TikTok Ads,Performance_Shopping,690,413,455,195,40,1382,49810
2023-10-18,TikTok Ads,Remarketing_Display,286,117,172,101,13,708,27690
2023-10-18,TikTok Ads,Lead_Generation,820,487,516,260,44,1652,59690
2023-10-18,TikTok Ads,Display_Generico,1263,753,816,396,51,2538,91560
2023-10-18,TikTok Ads,Video_Awareness_Amplo,992,593,652,284,56,1989,71710
2023-10-19,Google Ads,Performance_Search,393,232,240,128,25,795,28790
2023-10-19,Google Ads,Performance_Shopping,333,198,213,105,15,670,24210
2023-10-19,Google Ads,Remarketing_Display,174,72,115,53,6,429,16740
2023-10-19,Google Ads,Lead_Generation,437,260,281,127,29,879,31750
2023-10-19,Google Ads,Display_Generico,537,322,360,151,26,1074,38690
2023-10-19,Google Ads,Video_Awareness_Amplo,418,249,268,126,24,840,30330
2023-10-19,Meta Ads,Performance_Search,259,154,165,77,17,521,18830
2023-10-19,Meta Ads,Performance_Shopping,562,337,375,156,31,1124,40490
2023-10-19,Meta Ads,Remarketing_Display,272,112,174,85,13,672,26240
2023-10-19,Meta Ads,Lead_Generation,530,316,345,163,22,1065,38420
2023-10-19,Meta Ads,Display_Generico,920,551,609,261,50,1842,66370
2023-10-19,Meta Ads,Video_Awareness_Amplo,941,563,618,259,64,1886,67960
2023-10-19,TikTok Ads,Performance_Search,839,500,543,261,35,1686,60850
2023-10-19,TikTok Ads,Performance_Shopping,486,291,322,137,27,973,35070
2023-10-19,TikTok Ads,Remarketing_Display,220,90,134,70,16,545,21300
2023-10-19,TikTok Ads,Lead_Generation,948,565,607,291,50,1905,68750
2023-10-19,TikTok Ads,Display_Generico,1109,661,715,347,47,2229,80420
2023-10-19,TikTok Ads,Video_Awareness_Amplo,920,549,598,270,52,1847,66630
2023-10-20,Google Ads,Performance_Search,389,230,242,131,16,786,28450
2023-10-20,Google Ads,Performance_Shopping,246,145,151,82,13,498,18050
2023-10-20,Google Ads,Remarketing_Display,117,48,76,33,8,289,11310
2023-10-20,Google Ads,Lead_Generation,347,204,209,122,16,704,25530
2023-10-20,Google Ads,Display_Generico,592,352,378,187,27,1192,43040
2023-10-20,Google Ads,Video_Awareness_Amplo,598,355,378,188,32,1205,43550
2023-10-20,Meta Ads,Performance_Search,695,411,427,238,30,1405,50820
2023-10-20,Meta Ads,Performance_Shopping,478,285,313,140,25,960,34650
2023-10-20,Meta Ads,Remarketing_Display,231,95,145,70,16,571,22300
2023-10-20,Meta Ads,Lead_Generation,420,251,278,128,14,842,30370
2023-10-20,Meta Ads,Display_Generico,788,471,517,237,34,1580,56970
2023-10-20,Meta Ads,Video_Awareness_Amplo,613,364,385,185,43,1235,44630
2023-10-20,TikTok Ads,Performance_Search,437,261,288,124,25,877,31620
2023-10-20,TikTok Ads,Performance_Shopping,503,301,336,141,26,1008,36320
2023-10-20,TikTok Ads,Remarketing_Display,330,137,218,92,20,812,31690
2023-10-20,TikTok Ads,Lead_Generation,642,383,418,187,37,1289,46510
2023-10-20,TikTok Ads,Display_Generico,1020,612,683,293,44,2040,73440
2023-10-20,TikTok Ads,Video_Awareness_Amplo,863,514,552,269,42,1735,62630
2023-10-21,Google Ads,Performance_Search,290,174,198,80,12,580,20880
2023-10-21,Google Ads,Performance_Shopping,257,153,169,75,13,517,18660
2023-10-21,Google Ads,Remarketing_Display,69,28,42,22,5,171,6710
2023-10-21,Google Ads,Lead_Generation,142,83,85,51,6,289,10510
2023-10-21,Google Ads,Display_Generico,389,233,258,111,20,779,28060
2023-10-21,Google Ads,Video_Awareness_Amplo,288,170,179,95,14,583,21100
2023-10-21,Meta Ads,Performance_Search,291,175,200,79,12,581,20900
2023-10-21,Meta Ads,Performance_Shopping,358,214,237,108,13,718,25880
2023-10-21,Meta Ads,Remarketing_Display,94,38,59,31,4,234,9160
2023-10-21,Meta Ads,Lead_Generation,268,160,174,74,20,538,19400
2023-10-21,Meta Ads,Display_Generico,566,334,346,195,25,1146,41480
2023-10-21,Meta Ads,Video_Awareness_Amplo,617,372,425,170,22,1229,44190
2023-10-21,TikTok Ads,Performance_Search,428,255,278,116,34,860,31050
2023-10-21,TikTok Ads,Performance_Shopping,644,384,416,199,29,1294,46680
2023-10-21,TikTok Ads,Remarketing_Display,194,80,122,65,7,479,18700
2023-10-21,TikTok Ads,Lead_Generation,453,271,297,135,21,908,32720
2023-10-21,TikTok Ads,Display_Generico,559,337,387,151,21,1114,40040
2023-10-21,TikTok Ads,Video_Awareness_Amplo,824,494,547,239,38,1649,59380
2023-10-22,Google Ads,Performance_Search,266,158,168,91,7,536,19360
2023-10-22,Google Ads,Performance_Shopping,149,89,97,44,8,299,10780
2023-10-22,Google Ads,Remarketing_Display,58,23,36,18,4,145,5710
2023-10-22,Google Ads,Lead_Generation,139,81,82,53,4,284,10320
2023-10-22,Google Ads,Display_Generico,338,199,200,121,17,685,24830
2023-10-22,Google Ads,Video_Awareness_Amplo,288,169,169,97,22,585,21230
2023-10-22,Meta Ads,Performance_Search,271,160,165,80,26,548,19850
2023-10-22,Meta Ads,Performance_Shopping,342,203,217,105,20,689,24910
2023-10-22,Meta Ads,Remarketing_Display,77,32,54,16,7,189,7390
2023-10-22,Meta Ads,Lead_Generation,230,135,137,77,16,467,16950
2023-10-22,Meta Ads,Display_Generico,409,246,278,106,25,816,29370
2023-10-22,Meta Ads,Video_Awareness_Amplo,512,302,312,173,27,1037,37540
2023-10-22,TikTok Ads,Performance_Search,441,265,303,126,12,881,31700
2023-10-22,TikTok Ads,Performance_Shopping,340,200,203,116,21,690,25000
2023-10-22,TikTok Ads,Remarketing_Display,140,58,91,45,4,345,13460
2023-10-22,TikTok Ads,Lead_Generation,269,161,182,74,13,539,19420
2023-10-22,TikTok Ads,Display_Generico,770,459,495,232,43,1547,55830
2023-10-22,TikTok Ads,Video_Awareness_Amplo,912,540,564,299,49,1842,66600
2023-10-23,Google Ads,Performance_Search,420,247,250,142,28,852,30890
2023-10-23,Google Ads,Performance_Shopping,277,165,178,88,11,557,20100
2023-10-23,Google Ads,Remarketing_Display,111,46,72,32,7,273,10670
2023-10-23,Google Ads,Lead_Generation,211,126,139,56,16,423,15270
2023-10-23,Google Ads,Display_Generico,499,297,320,158,21,1004,36240
2023-10-23,Google Ads,Video_Awareness_Amplo,411,245,267,123,21,826,29800
2023-10-23,Meta Ads,Performance_Search,405,242,266,124,15,812,29290
2023-10-23,Meta Ads,Performance_Shopping,608,360,376,199,33,1228,44400
2023-10-23,Meta Ads,Remarketing_Display,195,82,141,47,7,477,18590
2023-10-23,Meta Ads,Lead_Generation,470,280,305,143,22,945,34100
2023-10-23,Meta Ads,Display_Generico,628,373,398,196,34,1265,45710
2023-10-23,Meta Ads,Video_Awareness_Amplo,615,366,391,181,43,1237,44670
2023-10-23,TikTok Ads,Performance_Search,439,262,284,133,22,881,31790
2023-10-23,TikTok Ads,Performance_Shopping,621,371,408,183,30,1246,44920
2023-10-23,TikTok Ads,Remarketing_Display,256,107,174,68,14,628,24490
2023-10-23,TikTok Ads,Lead_Generation,625,370,384,205,36,1262,45650
2023-10-23,TikTok Ads,Display_Generico,767,456,488,241,38,1544,55770
2023-10-23,TikTok Ads,Video_Awareness_Amplo,1369,819,903,404,62,2744,98880
2023-10-24,Google Ads,Performance_Search,432,257,279,138,15,869,31390
2023-10-24,Google Ads,Performance_Shopping,266,158,172,84,10,536,19360
2023-10-24,Google Ads,Remarketing_Display,105,44,74,28,3,257,10030
2023-10-24,Google Ads,Lead_Generation,374,222,238,116,20,754,27240
2023-10-24,Google Ads,Display_Generico,502,299,326,156,20,1009,36430
2023-10-24,Google Ads,Video_Awareness_Amplo,407,243,264,124,19,817,29460
2023-10-24,Meta Ads,Performance_Search,557,331,356,169,32,1122,40520
2023-10-24,Meta Ads,Performance_Shopping,313,187,208,87,18,628,22640
2023-10-24,Meta Ads,Remarketing_Display,166,68,108,50,8,411,16060
2023-10-24,Meta Ads,Lead_Generation,537,321,351,157,29,1077,38820
2023-10-24,Meta Ads,Display_Generico,1027,614,674,295,58,2059,74230
2023-10-24,Meta Ads,Video_Awareness_Amplo,890,530,572,277,41,1790,64600
2023-10-24,TikTok Ads,Performance_Search,710,423,455,218,37,1427,51510
2023-10-24,TikTok Ads,Performance_Shopping,682,405,429,208,45,1374,49650
2023-10-24,TikTok Ads,Remarketing_Display,325,135,214,93,18,800,31200
2023-10-24,TikTok Ads,Lead_Generation,467,278,301,138,28,939,33910
2023-10-24,TikTok Ads,Display_Generico,836,500,553,236,47,1676,60400
2023-10-24,TikTok Ads,Video_Awareness_Amplo,838,501,553,240,45,1680,60570
2023-10-25,Google Ads,Performance_Search,353,212,238,97,18,705,25390
2023-10-25,Google Ads,Performance_Shopping,355,214,246,91,18,707,25430
2023-10-25,Google Ads,Remarketing_Display,155,64,105,44,6,382,14930
2023-10-25,Google Ads,Lead_Generation,412,245,262,127,23,829,29950
2023-10-25,Google Ads,Display_Generico,489,291,313,156,20,984,35520
2023-10-25,Google Ads,Video_Awareness_Amplo,440,263,287,135,18,882,31810
2023-10-25,Meta Ads,Performance_Search,641,381,409,195,37,1291,46620
2023-10-25,Meta Ads,Performance_Shopping,518,310,340,154,24,1038,37400
2023-10-25,Meta Ads,Remarketing_Display,113,46,70,38,5,280,10970
2023-10-25,Meta Ads,Lead_Generation,584,350,387,166,31,1169,42100
2023-10-25,Meta Ads,Display_Generico,563,335,360,176,27,1133,40900
2023-10-25,Meta Ads,Video_Awareness_Amplo,783,469,521,206,56,1568,56480
2023-10-25,TikTok Ads,Performance_Search,658,395,446,172,40,1315,47350
2023-10-25,TikTok Ads,Performance_Shopping,621,369,391,196,34,1251,45180
2023-10-25,TikTok Ads,Remarketing_Display,302,125,202,91,9,744,29050
2023-10-25,TikTok Ads,Lead_Generation,659,391,410,224,25,1329,48020
2023-10-25,TikTok Ads,Display_Generico,1408,843,929,418,61,2820,101610
2023-10-25,TikTok Ads,Video_Awareness_Amplo,818,490,540,235,43,1638,59000
2023-10-26,Google Ads,Performance_Search,215,128,143,61,11,432,15610
2023-10-26,Google Ads,Performance_Shopping,348,207,220,111,17,700,25290
2023-10-26,Google Ads,Remarketing_Display,104,43,67,30,7,256,10010
2023-10-26,Google Ads,Lead_Generation,400,241,275,108,17,797,28670
2023-10-26,Google Ads,Display_Generico,516,308,334,154,28,1036,37360
2023-10-26,Google Ads,Video_Awareness_Amplo,498,296,314,160,24,1003,36220
2023-10-26,Meta Ads,Performance_Search,468,277,292,151,25,945,34190
2023-10-26,Meta Ads,Performance_Shopping,521,312,344,153,24,1043,37590
2023-10-26,Meta Ads,Remarketing_Display,246,102,164,73,9,606,23640
2023-10-26,Meta Ads,Lead_Generation,510,305,337,146,27,1022,36850
2023-10-26,Meta Ads,Display_Generico,581,347,379,172,30,1166,42040
2023-10-26,Meta Ads,Video_Awareness_Amplo,720,430,472,215,33,1445,52100
2023-10-26,TikTok Ads,Performance_Search,857,512,560,252,45,1719,61990
2023-10-26,TikTok Ads,Performance_Shopping,792,472,512,228,52,1592,57440
2023-10-26,TikTok Ads,Remarketing_Display,215,90,152,53,10,527,20550
2023-10-26,TikTok Ads,Lead_Generation,546,326,359,168,19,1096,39520
2023-10-26,TikTok Ads,Display_Generico,695,416,457,207,31,1392,50170
2023-10-26,TikTok Ads,Video_Awareness_Amplo,1309,783,862,392,55,2624,94560
2023-10-27,Google Ads,Performance_Search,176,104,113,55,8,356,12880
2023-10-27,Google Ads,Performance_Shopping,206,122,127,70,9,416,15040
2023-10-27,Google Ads,Remarketing_Display,151,63,104,40,7,371,14460
2023-10-27,Google Ads,Lead_Generation,380,230,272,91,17,755,27100
2023-10-27,Google Ads,Display_Generico,590,350,367,192,31,1190,43000
2023-10-27,Google Ads,Video_Awareness_Amplo,499,296,311,160,28,1006,36370
2023-10-27,Meta Ads,Performance_Search,500,297,318,162,20,1007,36390
2023-10-27,Meta Ads,Performance_Shopping,299,178,193,91,15,601,21710
2023-10-27,Meta Ads,Remarketing_Display,225,93,152,68,5,555,21660
2023-10-27,Meta Ads,Lead_Generation,305,181,192,103,10,615,22220
2023-10-27,Meta Ads,Display_Generico,645,385,423,188,34,1295,46700
2023-10-27,Meta Ads,Video_Awareness_Amplo,850,507,553,255,42,1707,61590
2023-10-27,TikTok Ads,Performance_Search,646,387,432,184,30,1293,46590
2023-10-27,TikTok Ads,Performance_Shopping,847,506,551,260,36,1699,61270
2023-10-27,TikTok Ads,Remarketing_Display,248,103,169,64,15,610,23810
2023-10-27,TikTok Ads,Lead_Generation,796,476,520,242,34,1596,57520
2023-10-27,TikTok Ads,Display_Generico,1204,717,770,376,58,2421,87390
2023-10-27,TikTok Ads,Video_Awareness_Amplo,1221,731,808,352,61,2446,88120
2023-10-28,Google Ads,Performance_Search,260,155,168,76,16,522,18850
2023-10-28,Google Ads,Performance_Shopping,118,70,78,33,7,238,8600
2023-10-28,Google Ads,Remarketing_Display,75,31,50,22,3,185,7220
2023-10-28,Google Ads,Lead_Generation,127,75,79,40,8,257,9300
2023-10-28,Google Ads,Display_Generico,358,213,228,106,24,720,26010
2023-10-28,Google Ads,Video_Awareness_Amplo,258,154,167,75,16,518,18680
2023-10-28,Meta Ads,Performance_Search,353,210,225,112,16,710,25650
2023-10-28,Meta Ads,Performance_Shopping,273,163,177,82,14,548,19760
2023-10-28,Meta Ads,Remarketing_Display,158,64,96,51,11,393,15380
2023-10-28,Meta Ads,Lead_Generation,169,103,124,41,4,334,11960
2023-10-28,Meta Ads,Display_Generico,594,352,372,189,33,1199,43340
2023-10-28,Meta Ads,Video_Awareness_Amplo,351,209,226,108,17,706,25480
2023-10-28,TikTok Ads,Performance_Search,589,352,389,167,33,1181,42590
2023-10-28,TikTok Ads,Performance_Shopping,492,292,313,155,24,992,35840
2023-10-28,TikTok Ads,Remarketing_Display,206,85,137,61,8,508,19850
2023-10-28,TikTok Ads,Lead_Generation,319,191,213,85,21,639,23020
2023-10-28,TikTok Ads,Display_Generico,512,305,333,154,25,1029,37150
2023-10-28,TikTok Ads,Video_Awareness_Amplo,628,377,420,178,30,1255,45190
2023-10-29,Google Ads,Performance_Search,235,140,151,66,18,472,17050
2023-10-29,Google Ads,Performance_Shopping,138,81,85,46,7,280,10170
2023-10-29,Google Ads,Remarketing_Display,89,35,46,38,5,224,8800
2023-10-29,Google Ads,Lead_Generation,149,89,103,42,4,299,10780
2023-10-29,Google Ads,Display_Generico,385,226,228,142,15,782,28370
2023-10-29,Google Ads,Video_Awareness_Amplo,304,181,199,88,17,611,22070
2023-10-29,Meta Ads,Performance_Search,270,161,175,83,12,542,19570
2023-10-29,Meta Ads,Performance_Shopping,164,99,114,47,3,326,11730
2023-10-29,Meta Ads,Remarketing_Display,132,54,84,44,4,327,12780
2023-10-29,Meta Ads,Lead_Generation,261,156,170,81,10,523,18870
2023-10-29,Meta Ads,Display_Generico,615,367,402,179,34,1235,44540
2023-10-29,Meta Ads,Video_Awareness_Amplo,415,247,265,121,29,835,30140
2023-10-29,TikTok Ads,Performance_Search,452,270,297,136,19,907,32700
2023-10-29,TikTok Ads,Performance_Shopping,388,230,243,122,23,783,28300
2023-10-29,TikTok Ads,Remarketing_Display,233,96,149,78,6,575,22470
2023-10-29,TikTok Ads,Lead_Generation,383,232,270,90,23,760,27290
2023-10-29,TikTok Ads,Display_Generico,632,375,395,215,22,1274,46050
2023-10-29,TikTok Ads,Video_Awareness_Amplo,547,325,345,174,28,1102,39800
2023-10-30,Google Ads,Performance_Search,248,148,163,79,6,498,17960
2023-10-30,Google Ads,Performance_Shopping,214,128,145,63,6,429,15460
2023-10-30,Google Ads,Remarketing_Display,164,68,110,45,9,404,15760
2023-10-30,Google Ads,Lead_Generation,371,222,247,105,19,743,26790
2023-10-30,Google Ads,Display_Generico,699,422,489,177,33,1391,49990
2023-10-30,Google Ads,Video_Awareness_Amplo,485,288,308,148,29,977,35310
2023-10-30,Meta Ads,Performance_Search,407,242,258,132,17,819,29590
2023-10-30,Meta Ads,Performance_Shopping,507,304,338,141,28,1014,36530
2023-10-30,Meta Ads,Remarketing_Display,253,105,169,74,10,623,24300
2023-10-30,Meta Ads,Lead_Generation,369,220,239,114,16,741,26750
2023-10-30,Meta Ads,Display_Generico,781,464,492,248,41,1573,56830
2023-10-30,Meta Ads,Video_Awareness_Amplo,861,512,548,275,38,1733,62590
2023-10-30,TikTok Ads,Performance_Search,485,290,320,135,30,972,35050
2023-10-30,TikTok Ads,Performance_Shopping,359,215,237,105,17,719,25900
2023-10-30,TikTok Ads,Remarketing_Display,322,135,226,85,11,789,30750
2023-10-30,TikTok Ads,Lead_Generation,495,296,326,153,16,992,35770
2023-10-30,TikTok Ads,Display_Generico,907,541,587,269,51,1822,65720
2023-10-30,TikTok Ads,Video_Awareness_Amplo,1055,633,704,308,43,2110,75960
2023-10-31,Google Ads,Performance_Search,195,115,120,69,6,395,14300
2023-10-31,Google Ads,Performance_Shopping,167,99,108,54,5,337,12180
2023-10-31,Google Ads,Remarketing_Display,122,50,80,38,4,302,11800
2023-10-31,Google Ads,Lead_Generation,385,230,253,114,18,772,27850
2023-10-31,Google Ads,Display_Generico,455,270,287,138,30,917,33150
2023-10-31,Google Ads,Video_Awareness_Amplo,624,378,442,162,20,1239,44460
2023-10-31,Meta Ads,Performance_Search,389,232,255,109,25,781,28190
2023-10-31,Meta Ads,Performance_Shopping,516,306,320,169,27,1041,37620
2023-10-31,Meta Ads,Remarketing_Display,127,51,73,48,6,317,12420
2023-10-31,Meta Ads,Lead_Generation,505,300,319,162,24,1017,36750
2023-10-31,Meta Ads,Display_Generico,547,329,372,151,24,1092,39280
2023-10-31,Meta Ads,Video_Awareness_Amplo,816,487,529,257,30,1638,59090
2023-10-31,TikTok Ads,Performance_Search,589,351,379,172,38,1184,42720
2023-10-31,TikTok Ads,Performance_Shopping,671,400,430,210,31,1348,48650
2023-10-31,TikTok Ads,Remarketing_Display,285,117,180,96,9,705,27540
2023-10-31,TikTok Ads,Lead_Generation,757,452,494,213,50,1519,54790
2023-10-31,TikTok Ads,Display_Generico,1137,678,733,348,56,2284,82410
2023-10-31,TikTok Ads,Video_Awareness_Amplo,907,539,575,284,48,1827,65980
2023-11-01,Google Ads,Performance_Search,624,372,403,185,36,1254,45240
2023-11-01,Google Ads,Performance_Shopping,590,352,380,184,26,1185,42740
2023-11-01,Google Ads,Remarketing_Display,141,59,98,33,10,346,13480
2023-11-01,Google Ads,Lead_Generation,498,295,309,154,35,1005,36350
2023-11-01,Google Ads,Display_Generico,742,442,474,234,34,1492,53840
2023-11-01,Google Ads,Video_Awareness_Amplo,601,356,371,187,43,1213,43870
2023-11-01,Meta Ads,Performance_Search,870,517,552,271,47,1752,63290
2023-11-01,Meta Ads,Performance_Shopping,657,392,429,193,35,1319,47590
2023-11-01,Meta Ads,Remarketing_Display,186,76,113,63,10,461,18020
2023-11-01,Meta Ads,Lead_Generation,729,436,483,208,38,1461,52670
2023-11-01,Meta Ads,Display_Generico,997,597,658,304,35,1997,71940
2023-11-01,Meta Ads,Video_Awareness_Amplo,637,380,411,180,46,1279,46150
2023-11-01,TikTok Ads,Performance_Search,990,593,654,291,45,1982,71410
2023-11-01,TikTok Ads,Performance_Shopping,552,329,358,172,22,1109,40030
2023-11-01,TikTok Ads,Remarketing_Display,472,196,309,135,28,1162,45320
2023-11-01,TikTok Ads,Lead_Generation,923,553,611,269,43,1848,66560
2023-11-01,TikTok Ads,Display_Generico,1404,838,911,422,71,2819,101660
2023-11-01,TikTok Ads,Video_Awareness_Amplo,1894,1128,1209,585,100,3809,137460
2023-11-02,Google Ads,Performance_Search,278,164,167,94,17,563,20380
2023-11-02,Google Ads,Performance_Shopping,501,298,318,149,34,1008,36410
2023-11-02,Google Ads,Remarketing_Display,222,91,139,68,15,549,21470
2023-11-02,Google Ads,Lead_Generation,571,340,369,172,30,1148,41450
2023-11-02,Google Ads,Display_Generico,583,349,384,171,28,1168,42080
2023-11-02,Google Ads,Video_Awareness_Amplo,612,366,403,176,33,1227,44220
2023-11-02,Meta Ads,Performance_Search,443,265,291,126,26,888,32000
2023-11-02,Meta Ads,Performance_Shopping,562,337,374,168,20,1124,40490
2023-11-02,Meta Ads,Remarketing_Display,258,106,165,84,9,638,24920
2023-11-02,Meta Ads,Lead_Generation,646,380,382,225,39,1311,47500
2023-11-02,Meta Ads,Display_Generico,1301,774,828,390,83,2618,94530
2023-11-02,Meta Ads,Video_Awareness_Amplo,1061,632,680,321,60,2133,76990
2023-11-02,TikTok Ads,Performance_Search,927,551,588,287,52,1867,67420
2023-11-02,TikTok Ads,Performance_Shopping,1087,645,681,350,56,2192,79200
2023-11-02,TikTok Ads,Remarketing_Display,452,187,297,134,21,1114,43490
2023-11-02,TikTok Ads,Lead_Generation,1105,659,713,342,50,2220,80080
2023-11-02,TikTok Ads,Display_Generico,1430,853,926,425,79,2872,103610
2023-11-02,TikTok Ads,Video_Awareness_Amplo,1611,962,1047,497,67,3233,116590
2023-11-03,Google Ads,Performance_Search,470,280,304,142,24,945,34100
2023-11-03,Google Ads,Performance_Shopping,485,290,319,137,29,972,35050
2023-11-03,Google Ads,Remarketing_Display,202,83,124,70,8,499,19510
2023-11-03,Google Ads,Lead_Generation,542,325,362,153,27,1084,39050
2023-11-03,Google Ads,Display_Generico,974,580,622,297,55,1959,70700
2023-11-03,Google Ads,Video_Awareness_Amplo,648,384,404,213,31,1308,47280
2023-11-03,Meta Ads,Performance_Search,441,264,293,131,17,883,31830
2023-11-03,Meta Ads,Performance_Shopping,579,345,375,171,33,1164,42000
2023-11-03,Meta Ads,Remarketing_Display,302,126,204,84,14,742,28920
2023-11-03,Meta Ads,Lead_Generation,909,539,569,296,44,1834,66280
2023-11-03,Meta Ads,Display_Generico,862,515,563,261,38,1729,62350
2023-11-03,Meta Ads,Video_Awareness_Amplo,905,539,583,267,55,1820,65680
2023-11-03,TikTok Ads,Performance_Search,1143,681,735,359,49,2298,82920
2023-11-03,TikTok Ads,Performance_Shopping,706,422,463,203,40,1416,51040
2023-11-03,TikTok Ads,Remarketing_Display,402,166,260,123,19,992,38720
2023-11-03,TikTok Ads,Lead_Generation,903,533,544,323,36,1828,66160
2023-11-03,TikTok Ads,Display_Generico,1537,914,975,487,75,3094,111730
2023-11-03,TikTok Ads,Video_Awareness_Amplo,1016,609,674,300,42,2033,73230
2023-11-04,Google Ads,Performance_Search,188,111,118,58,12,380,13770
2023-11-04,Google Ads,Performance_Shopping,323,190,195,110,18,655,23750
2023-11-04,Google Ads,Remarketing_Display,108,44,62,40,6,268,10480
2023-11-04,Google Ads,Lead_Generation,408,243,265,118,25,820,29610
2023-11-04,Google Ads,Display_Generico,650,388,421,198,31,1305,47060
2023-11-04,Google Ads,Video_Awareness_Amplo,592,354,391,176,25,1187,42780
2023-11-04,Meta Ads,Performance_Search,390,232,253,117,20,785,28340
2023-11-04,Meta Ads,Performance_Shopping,391,233,251,121,19,786,28360
2023-11-04,Meta Ads,Remarketing_Display,138,56,81,52,5,343,13420
2023-11-04,Meta Ads,Lead_Generation,422,253,282,121,19,844,30410
2023-11-04,Meta Ads,Display_Generico,899,537,586,264,49,1804,65040
2023-11-04,Meta Ads,Video_Awareness_Amplo,782,467,510,228,44,1569,56590
2023-11-04,TikTok Ads,Performance_Search,831,492,512,270,49,1678,60690
2023-11-04,TikTok Ads,Performance_Shopping,665,397,436,197,32,1335,48140
2023-11-04,TikTok Ads,Remarketing_Display,254,105,169,71,14,626,24450
2023-11-04,TikTok Ads,Lead_Generation,383,228,248,120,15,770,27810
2023-11-04,TikTok Ads,Display_Generico,790,471,513,231,46,1587,57270
2023-11-04,TikTok Ads,Video_Awareness_Amplo,854,509,550,274,30,1716,61930
2023-11-05,Google Ads,Performance_Search,262,158,180,75,7,522,18760
2023-11-05,Google Ads,Performance_Shopping,391,233,251,127,13,786,28360
2023-11-05,Google Ads,Remarketing_Display,153,62,93,48,12,380,14890
2023-11-05,Google Ads,Lead_Generation,356,211,221,121,14,718,25970
2023-11-05,Google Ads,Display_Generico,409,247,287,101,21,814,29240
2023-11-05,Google Ads,Video_Awareness_Amplo,382,228,247,121,14,767,27660
2023-11-05,Meta Ads,Performance_Search,266,160,180,72,14,531,19100
2023-11-05,Meta Ads,Performance_Shopping,503,304,354,128,21,1000,35930
2023-11-05,Meta Ads,Remarketing_Display,175,74,129,39,7,427,16630
2023-11-05,Meta Ads,Lead_Generation,264,158,176,75,13,529,19060
2023-11-05,Meta Ads,Display_Generico,425,256,291,118,16,847,30470
2023-11-05,Meta Ads,Video_Awareness_Amplo,514,307,337,160,17,1031,37190
2023-11-05,TikTok Ads,Performance_Search,505,297,299,184,22,1025,37140
2023-11-05,TikTok Ads,Performance_Shopping,627,375,416,176,35,1257,45300
2023-11-05,TikTok Ads,Remarketing_Display,177,73,116,49,12,437,17060
2023-11-05,TikTok Ads,Lead_Generation,727,433,469,220,38,1462,52760
2023-11-05,TikTok Ads,Display_Generico,1218,724,770,375,73,2453,88580
2023-11-05,TikTok Ads,Video_Awareness_Amplo,1191,711,774,353,64,2391,86220
2023-11-06,Google Ads,Performance_Search,626,371,389,208,29,1263,45670
2023-11-06,Google Ads,Performance_Shopping,481,289,324,129,28,961,34580
2023-11-06,Google Ads,Remarketing_Display,236,98,158,65,13,581,22660
2023-11-06,Google Ads,Lead_Generation,581,346,373,166,42,1168,42170
2023-11-06,Google Ads,Display_Generico,811,485,535,235,41,1626,58600
2023-11-06,Google Ads,Video_Awareness_Amplo,749,448,491,213,45,1501,54110
2023-11-06,Meta Ads,Performance_Search,630,373,388,214,28,1272,46010
2023-11-06,Meta Ads,Performance_Shopping,449,268,290,136,23,901,32510
2023-11-06,Meta Ads,Remarketing_Display,286,118,186,78,22,706,27560
2023-11-06,Meta Ads,Lead_Generation,683,407,439,210,34,1373,49540
2023-11-06,Meta Ads,Display_Generico,1235,736,794,366,75,2482,89570
2023-11-06,Meta Ads,Video_Awareness_Amplo,1089,650,706,327,56,2186,78850
2023-11-06,TikTok Ads,Performance_Search,1072,638,684,336,52,2157,77860
2023-11-06,TikTok Ads,Performance_Shopping,712,427,478,194,40,1424,51290
2023-11-06,TikTok Ads,Remarketing_Display,382,159,259,103,20,939,36630
2023-11-06,TikTok Ads,Lead_Generation,1184,708,779,347,58,2374,85560
2023-11-06,TikTok Ads,Display_Generico,1132,677,741,329,62,2269,81790
2023-11-06,TikTok Ads,Video_Awareness_Amplo,1726,1033,1136,517,73,3458,124610
2023-11-07,Google Ads,Performance_Search,407,243,265,125,17,817,29460
2023-11-07,Google Ads,Performance_Shopping,444,263,278,140,26,896,32410
2023-11-07,Google Ads,Remarketing_Display,114,46,66,37,11,284,11120
2023-11-07,Google Ads,Lead_Generation,371,221,240,109,22,746,26920
2023-11-07,Google Ads,Display_Generico,945,566,625,276,44,1892,68170
2023-11-07,Google Ads,Video_Awareness_Amplo,705,420,455,213,37,1417,51150
2023-11-07,Meta Ads,Performance_Search,552,328,349,170,33,1112,40160
2023-11-07,Meta Ads,Performance_Shopping,471,281,305,143,23,946,34120
2023-11-07,Meta Ads,Remarketing_Display,303,125,195,93,15,748,29200
2023-11-07,Meta Ads,Lead_Generation,607,362,390,178,39,1219,43990
2023-11-07,Meta Ads,Display_Generico,944,564,619,275,50,1894,68280
2023-11-07,Meta Ads,Video_Awareness_Amplo,1163,689,721,384,58,2348,84880
2023-11-07,TikTok Ads,Performance_Search,1236,735,786,390,60,2488,89850
2023-11-07,TikTok Ads,Performance_Shopping,846,508,568,230,48,1691,60860
2023-11-07,TikTok Ads,Remarketing_Display,289,121,201,73,15,709,27620
2023-11-07,TikTok Ads,Lead_Generation,882,526,572,269,41,1772,63920
2023-11-07,TikTok Ads,Display_Generico,1253,747,807,391,55,2518,90840
2023-11-07,TikTok Ads,Video_Awareness_Amplo,2079,1239,1332,624,123,4179,150780
2023-11-08,Google Ads,Performance_Search,439,261,278,131,30,884,31920
2023-11-08,Google Ads,Performance_Shopping,622,371,403,183,36,1249,45070
2023-11-08,Google Ads,Remarketing_Display,157,65,102,50,5,387,15100
2023-11-08,Google Ads,Lead_Generation,383,233,280,86,17,758,27160
2023-11-08,Google Ads,Display_Generico,512,307,345,139,28,1024,36890
2023-11-08,Google Ads,Video_Awareness_Amplo,889,533,592,263,34,1779,64060
2023-11-08,Meta Ads,Performance_Search,794,472,505,247,42,1599,57740
2023-11-08,Meta Ads,Performance_Shopping,326,191,193,116,17,663,24070
2023-11-08,Meta Ads,Remarketing_Display,200,83,133,58,9,492,19210
2023-11-08,Meta Ads,Lead_Generation,620,372,416,178,26,1240,44640
2023-11-08,Meta Ads,Display_Generico,725,431,459,212,54,1460,52720
2023-11-08,Meta Ads,Video_Awareness_Amplo,1045,626,694,308,43,2092,75370
2023-11-08,TikTok Ads,Performance_Search,1022,609,654,315,53,2054,74130
2023-11-08,TikTok Ads,Performance_Shopping,1310,784,863,386,61,2625,94580
2023-11-08,TikTok Ads,Remarketing_Display,500,208,333,143,24,1230,47960
2023-11-08,TikTok Ads,Lead_Generation,776,462,496,250,30,1561,56340
2023-11-08,TikTok Ads,Display_Generico,1144,683,744,342,58,2296,82810
2023-11-08,TikTok Ads,Video_Awareness_Amplo,1476,884,977,436,63,2956,106480
2023-11-09,Google Ads,Performance_Search,678,406,451,195,32,1358,48920
2023-11-09,Google Ads,Performance_Shopping,343,204,221,93,29,690,24930
2023-11-09,Google Ads,Remarketing_Display,238,98,150,81,7,588,22960
2023-11-09,Google Ads,Lead_Generation,355,212,233,95,27,712,25690
2023-11-09,Google Ads,Display_Generico,811,481,508,266,37,1636,59120
2023-11-09,Google Ads,Video_Awareness_Amplo,790,474,532,215,43,1580,56880
2023-11-09,Meta Ads,Performance_Search,674,402,435,198,41,1354,48840
2023-11-09,Meta Ads,Performance_Shopping,782,467,509,227,46,1569,56590
2023-11-09,Meta Ads,Remarketing_Display,306,126,196,93,17,756,29520
2023-11-09,Meta Ads,Lead_Generation,592,354,387,182,23,1187,42780
2023-11-09,Meta Ads,Display_Generico,873,523,579,263,31,1748,62960
2023-11-09,Meta Ads,Video_Awareness_Amplo,847,510,583,233,31,1689,60750
2023-11-09,TikTok Ads,Performance_Search,1250,746,812,373,65,2510,90520
2023-11-09,TikTok Ads,Performance_Shopping,703,422,472,196,35,1405,50590
2023-11-09,TikTok Ads,Remarketing_Display,387,160,246,120,21,954,37250
2023-11-09,TikTok Ads,Lead_Generation,1257,748,802,372,83,2529,91310
2023-11-09,TikTok Ads,Display_Generico,1602,955,1032,487,83,3219,116150
2023-11-09,TikTok Ads,Video_Awareness_Amplo,1789,1067,1154,548,87,3594,129640
2023-11-10,Google Ads,Performance_Search,349,210,237,99,13,696,25050
2023-11-10,Google Ads,Performance_Shopping,583,349,388,166,29,1168,42080
2023-11-10,Google Ads,Remarketing_Display,203,84,135,55,13,500,19530
2023-11-10,Google Ads,Lead_Generation,514,308,343,145,26,1029,37060
2023-11-10,Google Ads,Display_Generico,826,492,533,244,49,1661,59940
2023-11-10,Google Ads,Video_Awareness_Amplo,491,293,320,143,28,986,35560
2023-11-10,Meta Ads,Performance_Search,769,456,478,245,46,1551,56070
2023-11-10,Meta Ads,Performance_Shopping,614,365,392,184,38,1236,44650
2023-11-10,Meta Ads,Remarketing_Display,188,77,119,64,5,465,18190
2023-11-10,Meta Ads,Lead_Generation,587,352,392,161,34,1174,42290
2023-11-10,Meta Ads,Display_Generico,835,497,535,264,36,1680,60640
2023-11-10,Meta Ads,Video_Awareness_Amplo,959,569,597,302,60,1934,69880
2023-11-10,TikTok Ads,Performance_Search,903,540,591,268,44,1810,65250
2023-11-10,TikTok Ads,Performance_Shopping,603,363,411,165,27,1203,43260
2023-11-10,TikTok Ads,Remarketing_Display,398,163,245,129,24,985,38510
2023-11-10,TikTok Ads,Lead_Generation,1100,661,741,310,49,2197,79070
2023-11-10,TikTok Ads,Display_Generico,1347,805,877,402,68,2702,97400
2023-11-10,TikTok Ads,Video_Awareness_Amplo,1467,877,957,435,75,2942,106040
2023-11-11,Google Ads,Performance_Search,329,196,215,98,16,661,23870
2023-11-11,Google Ads,Performance_Shopping,387,231,256,111,20,777,28020
2023-11-11,Google Ads,Remarketing_Display,169,70,118,40,11,416,16250
2023-11-11,Google Ads,Lead_Generation,230,138,155,67,8,460,16560
2023-11-11,Google Ads,Display_Generico,338,200,210,106,22,683,24700
2023-11-11,Google Ads,Video_Awareness_Amplo,558,335,379,154,25,1115,40150
2023-11-11,Meta Ads,Performance_Search,489,293,329,145,15,979,35260
2023-11-11,Meta Ads,Performance_Shopping,492,294,320,149,23,987,35580
2023-11-11,Meta Ads,Remarketing_Display,167,69,110,54,3,412,16080
2023-11-11,Meta Ads,Lead_Generation,499,298,327,148,24,1001,36110
2023-11-11,Meta Ads,Display_Generico,749,446,477,232,40,1506,54370
2023-11-11,Meta Ads,Video_Awareness_Amplo,575,344,377,180,18,1152,41530
2023-11-11,TikTok Ads,Performance_Search,475,281,294,155,26,960,34720
2023-11-11,TikTok Ads,Performance_Shopping,789,474,530,227,32,1576,56730
2023-11-11,TikTok Ads,Remarketing_Display,343,144,241,85,17,840,32730
2023-11-11,TikTok Ads,Lead_Generation,435,263,304,110,21,865,31060
2023-11-11,TikTok Ads,Display_Generico,865,519,580,245,40,1730,62280
2023-11-11,TikTok Ads,Video_Awareness_Amplo,952,569,625,287,40,1909,68830
2023-11-12,Google Ads,Performance_Search,396,234,244,139,13,801,28980
2023-11-12,Google Ads,Performance_Shopping,255,152,164,80,11,512,18490
2023-11-12,Google Ads,Remarketing_Display,92,38,66,23,3,227,8860
2023-11-12,Google Ads,Lead_Generation,330,199,227,89,14,657,23630
2023-11-12,Google Ads,Display_Generico,302,181,201,88,13,604,21770
2023-11-12,Google Ads,Video_Awareness_Amplo,311,184,194,99,18,628,22730
2023-11-12,Meta Ads,Performance_Search,472,282,308,135,29,947,34140
2023-11-12,Meta Ads,Performance_Shopping,306,184,207,87,12,611,21980
2023-11-12,Meta Ads,Remarketing_Display,202,83,127,63,12,499,19510
2023-11-12,Meta Ads,Lead_Generation,313,186,199,96,18,630,22770
2023-11-12,Meta Ads,Display_Generico,644,383,412,197,35,1296,46810
2023-11-12,Meta Ads,Video_Awareness_Amplo,715,424,449,222,44,1442,52130
2023-11-12,TikTok Ads,Performance_Search,544,325,354,165,25,1091,39350
2023-11-12,TikTok Ads,Performance_Shopping,633,376,400,198,35,1275,46070
2023-11-12,TikTok Ads,Remarketing_Display,281,116,183,86,12,693,27070
2023-11-12,TikTok Ads,Lead_Generation,711,424,458,217,36,1428,51530
2023-11-12,TikTok Ads,Display_Generico,972,578,614,306,52,1957,70660
2023-11-12,TikTok Ads,Video_Awareness_Amplo,902,535,564,299,39,1819,65750
2023-11-13,Google Ads,Performance_Search,510,306,343,145,22,1020,36720
2023-11-13,Google Ads,Performance_Shopping,470,278,291,154,25,950,34360
2023-11-13,Google Ads,Remarketing_Display,195,80,118,62,15,482,18850
2023-11-13,Google Ads,Lead_Generation,622,371,401,194,27,1249,45070
2023-11-13,Google Ads,Display_Generico,730,435,473,225,32,1467,52950
2023-11-13,Google Ads,Video_Awareness_Amplo,892,534,591,255,46,1787,64380
2023-11-13,Meta Ads,Performance_Search,609,362,384,200,25,1226,44290
2023-11-13,Meta Ads,Performance_Shopping,531,314,328,176,27,1073,38830
2023-11-13,Meta Ads,Remarketing_Display,233,98,166,61,6,570,22210
2023-11-13,Meta Ads,Lead_Generation,635,381,427,182,26,1270,45720
2023-11-13,Meta Ads,Display_Generico,942,560,594,292,56,1897,68500
2023-11-13,Meta Ads,Video_Awareness_Amplo,1009,600,637,326,46,2031,73350
2023-11-13,TikTok Ads,Performance_Search,506,302,329,144,33,1016,36640
2023-11-13,TikTok Ads,Performance_Shopping,1222,725,763,386,73,2464,89050
2023-11-13,TikTok Ads,Remarketing_Display,302,125,198,90,14,744,29050
2023-11-13,TikTok Ads,Lead_Generation,567,337,360,180,27,1142,41240
2023-11-13,TikTok Ads,Display_Generico,1506,901,992,445,69,3018,108770
2023-11-13,TikTok Ads,Video_Awareness_Amplo,1165,700,784,316,65,2327,83750
2023-11-14,Google Ads,Performance_Search,284,171,196,74,14,566,20370
2023-11-14,Google Ads,Performance_Shopping,335,201,224,97,14,670,24120
2023-11-14,Google Ads,Remarketing_Display,165,68,104,47,14,407,15910
2023-11-14,Google Ads,Lead_Generation,267,161,185,75,7,532,19120
2023-11-14,Google Ads,Display_Generico,870,519,566,258,46,1747,63030
2023-11-14,Google Ads,Video_Awareness_Amplo,933,557,608,279,46,1873,67540
2023-11-14,Meta Ads,Performance_Search,563,334,355,182,26,1135,41030
2023-11-14,Meta Ads,Performance_Shopping,506,303,334,156,16,1013,36510
2023-11-14,Meta Ads,Remarketing_Display,305,127,204,86,15,750,29240
2023-11-14,Meta Ads,Lead_Generation,627,375,415,183,29,1257,45300
2023-11-14,Meta Ads,Display_Generico,743,442,474,232,37,1495,53990
2023-11-14,Meta Ads,Video_Awareness_Amplo,1262,758,849,359,54,2522,90760
2023-11-14,TikTok Ads,Performance_Search,1045,628,705,288,52,2087,75110
2023-11-14,TikTok Ads,Performance_Shopping,597,358,397,168,32,1194,43010
2023-11-14,TikTok Ads,Remarketing_Display,443,183,285,137,21,1093,42660
2023-11-14,TikTok Ads,Lead_Generation,1155,686,726,376,53,2327,84070
2023-11-14,TikTok Ads,Display_Generico,1644,982,1072,492,80,3299,118940
2023-11-14,TikTok Ads,Video_Awareness_Amplo,1691,1011,1107,497,87,3391,122220
2023-11-15,Google Ads,Performance_Search,515,307,333,147,35,1035,37340
2023-11-15,Google Ads,Performance_Shopping,273,162,176,88,9,550,19890
2023-11-15,Google Ads,Remarketing_Display,143,60,101,37,5,350,13650
2023-11-15,Google Ads,Lead_Generation,561,336,371,162,28,1123,40470
2023-11-15,Google Ads,Display_Generico,893,533,577,262,54,1793,64660
2023-11-15,Google Ads,Video_Awareness_Amplo,811,484,528,243,40,1628,58730
2023-11-15,Meta Ads,Performance_Search,680,410,469,189,22,1355,48700
2023-11-15,Meta Ads,Performance_Shopping,492,292,313,155,24,992,35840
2023-11-15,Meta Ads,Remarketing_Display,271,112,174,81,16,668,26090
2023-11-15,Meta Ads,Lead_Generation,754,451,499,219,36,1511,54470
2023-11-15,Meta Ads,Display_Generico,707,422,460,197,50,1419,51190
2023-11-15,Meta Ads,Video_Awareness_Amplo,912,549,624,251,37,1819,65430
2023-11-15,TikTok Ads,Performance_Search,773,460,491,242,40,1555,56150
2023-11-15,TikTok Ads,Performance_Shopping,698,415,441,219,38,1405,50750
2023-11-15,TikTok Ads,Remarketing_Display,462,193,321,119,22,1134,44210
2023-11-15,TikTok Ads,Lead_Generation,687,411,455,201,31,1377,49620
2023-11-15,TikTok Ads,Display_Generico,1152,688,748,348,56,2312,83360
2023-11-15,TikTok Ads,Video_Awareness_Amplo,1183,706,768,360,55,2375,85670
2023-11-16,Google Ads,Performance_Search,334,197,201,113,20,676,24490
2023-11-16,Google Ads,Performance_Shopping,272,161,167,87,18,549,19870
2023-11-16,Google Ads,Remarketing_Display,244,101,156,78,10,601,23470
2023-11-16,Google Ads,Lead_Generation,477,282,294,163,20,964,34890
2023-11-16,Google Ads,Display_Generico,513,307,338,146,29,1028,37040
2023-11-16,Google Ads,Video_Awareness_Amplo,654,391,429,184,41,1311,47270
2023-11-16,Meta Ads,Performance_Search,393,236,265,113,15,785,28270
2023-11-16,Meta Ads,Performance_Shopping,712,426,472,205,35,1427,51420
2023-11-16,Meta Ads,Remarketing_Display,267,110,169,82,16,659,25750
2023-11-16,Meta Ads,Lead_Generation,784,464,480,251,53,1584,57280
2023-11-16,Meta Ads,Display_Generico,860,513,557,259,44,1727,62310
2023-11-16,Meta Ads,Video_Awareness_Amplo,804,481,527,239,38,1611,58070
2023-11-16,TikTok Ads,Performance_Search,1100,654,699,361,40,2215,79980
2023-11-16,TikTok Ads,Performance_Shopping,1209,718,758,388,63,2436,88010
2023-11-16,TikTok Ads,Remarketing_Display,325,135,220,94,11,800,31200
2023-11-16,TikTok Ads,Lead_Generation,562,336,370,160,32,1127,40620
2023-11-16,TikTok Ads,Display_Generico,1209,722,786,360,63,2426,87490
2023-11-16,TikTok Ads,Video_Awareness_Amplo,1649,985,1073,486,90,3309,119300
2023-11-17,Google Ads,Performance_Search,664,396,433,198,33,1334,48120
2023-11-17,Google Ads,Performance_Shopping,467,280,315,124,28,934,33650
2023-11-17,Google Ads,Remarketing_Display,150,63,105,34,11,367,14310
2023-11-17,Google Ads,Lead_Generation,437,260,278,138,21,879,31750
2023-11-17,Google Ads,Display_Generico,868,516,549,271,48,1748,63120
2023-11-17,Google Ads,Video_Awareness_Amplo,679,405,439,218,22,1364,49200
2023-11-17,Meta Ads,Performance_Search,421,253,285,113,23,841,30260
2023-11-17,Meta Ads,Performance_Shopping,830,494,528,255,47,1670,60280
2023-11-17,Meta Ads,Remarketing_Display,220,91,140,68,12,542,21170
2023-11-17,Meta Ads,Lead_Generation,587,350,383,168,36,1179,42550
2023-11-17,Meta Ads,Display_Generico,1020,611,677,300,43,2042,73570
2023-11-17,Meta Ads,Video_Awareness_Amplo,1075,644,710,314,51,2152,77530
2023-11-17,TikTok Ads,Performance_Search,1109,654,665,372,72,2246,81330
2023-11-17,TikTok Ads,Performance_Shopping,850,506,540,265,45,1710,61720
2023-11-17,TikTok Ads,Remarketing_Display,363,150,237,113,13,895,34950
2023-11-17,TikTok Ads,Lead_Generation,1121,670,735,338,48,2248,81050
2023-11-17,TikTok Ads,Display_Generico,1296,776,854,386,56,2596,93520
2023-11-17,TikTok Ads,Video_Awareness_Amplo,1779,1061,1148,559,72,3574,128920
2023-11-18,Google Ads,Performance_Search,336,200,219,100,17,676,24400
2023-11-18,Google Ads,Performance_Shopping,274,167,204,57,13,541,19390
2023-11-18,Google Ads,Remarketing_Display,142,58,92,45,5,352,13760
2023-11-18,Google Ads,Lead_Generation,166,100,116,42,8,331,11900
2023-11-18,Google Ads,Display_Generico,486,292,329,139,18,971,34940
2023-11-18,Google Ads,Video_Awareness_Amplo,364,219,247,97,20,726,26130
2023-11-18,Meta Ads,Performance_Search,276,163,168,91,17,558,20210
2023-11-18,Meta Ads,Performance_Shopping,320,194,229,72,19,635,22780
2023-11-18,Meta Ads,Remarketing_Display,214,88,134,70,10,529,20660
2023-11-18,Meta Ads,Lead_Generation,558,335,379,152,27,1115,40150
2023-11-18,Meta Ads,Display_Generico,633,378,416,194,23,1270,45810
2023-11-18,Meta Ads,Video_Awareness_Amplo,622,373,414,190,18,1244,44810
2023-11-18,TikTok Ads,Performance_Search,882,524,557,283,42,1777,64180
2023-11-18,TikTok Ads,Performance_Shopping,687,406,422,230,35,1389,50270
2023-11-18,TikTok Ads,Remarketing_Display,188,78,126,53,9,463,18060
2023-11-18,TikTok Ads,Lead_Generation,656,392,428,191,37,1316,47440
2023-11-18,TikTok Ads,Display_Generico,1102,658,714,313,75,2212,79760
2023-11-18,TikTok Ads,Video_Awareness_Amplo,995,596,661,292,42,1992,71770
2023-11-19,Google Ads,Performance_Search,170,101,108,55,7,342,12370
2023-11-19,Google Ads,Performance_Shopping,175,104,116,54,5,352,12730
2023-11-19,Google Ads,Remarketing_Display,112,46,74,37,1,277,10820
2023-11-19,Google Ads,Lead_Generation,226,135,149,62,15,453,16350
2023-11-19,Google Ads,Display_Generico,485,288,304,148,33,977,35310
2023-11-19,Google Ads,Video_Awareness_Amplo,493,294,318,155,20,990,35730
2023-11-19,Meta Ads,Performance_Search,378,225,241,111,26,760,27450
2023-11-19,Meta Ads,Performance_Shopping,431,257,278,129,24,866,31240
2023-11-19,Meta Ads,Remarketing_Display,191,79,129,55,7,471,18380
2023-11-19,Meta Ads,Lead_Generation,373,223,247,104,22,748,26960
2023-11-19,Meta Ads,Display_Generico,520,312,352,146,22,1040,37440
2023-11-19,Meta Ads,Video_Awareness_Amplo,565,338,376,168,21,1132,40810
2023-11-19,TikTok Ads,Performance_Search,611,367,416,173,22,1221,43940
2023-11-19,TikTok Ads,Performance_Shopping,552,330,361,168,23,1107,39900
2023-11-19,TikTok Ads,Remarketing_Display,286,118,186,87,13,706,27560
2023-11-19,TikTok Ads,Lead_Generation,603,358,377,201,25,1215,43910
2023-11-19,TikTok Ads,Display_Generico,1184,704,750,368,66,2384,86080
2023-11-19,TikTok Ads,Video_Awareness_Amplo,1283,766,834,386,63,2575,92870
2023-11-20,Google Ads,Performance_Search,372,223,250,106,16,744,26810
2023-11-20,Google Ads,Performance_Shopping,679,405,440,210,29,1364,49200
2023-11-20,Google Ads,Remarketing_Display,225,92,142,65,18,557,21790
2023-11-20,Google Ads,Lead_Generation,425,253,275,136,14,855,30860
2023-11-20,Google Ads,Display_Generico,677,403,433,208,36,1362,49160
2023-11-20,Google Ads,Video_Awareness_Amplo,546,326,356,162,28,1096,39520
2023-11-20,Meta Ads,Performance_Search,479,287,321,136,22,959,34540
2023-11-20,Meta Ads,Performance_Shopping,803,479,523,247,33,1613,58180
2023-11-20,Meta Ads,Remarketing_Display,352,145,223,114,15,869,33950
2023-11-20,Meta Ads,Lead_Generation,581,351,404,147,30,1156,41520
2023-11-20,Meta Ads,Display_Generico,1249,746,814,362,73,2506,90370
2023-11-20,Meta Ads,Video_Awareness_Amplo,804,484,547,216,41,1604,57680
2023-11-20,TikTok Ads,Performance_Search,1068,636,682,340,46,2148,77520
2023-11-20,TikTok Ads,Performance_Shopping,836,502,560,235,41,1671,60140
2023-11-20,TikTok Ads,Remarketing_Display,318,132,209,94,15,783,30540
2023-11-20,TikTok Ads,Lead_Generation,1016,608,667,291,58,2036,73360
2023-11-20,TikTok Ads,Display_Generico,1658,991,1080,493,85,3325,119870
2023-11-20,TikTok Ads,Video_Awareness_Amplo,1280,764,827,387,66,2570,92680
2023-11-21,Google Ads,Performance_Search,511,306,337,149,25,1023,36870
2023-11-21,Google Ads,Performance_Shopping,550,327,348,178,24,1107,39990
2023-11-21,Google Ads,Remarketing_Display,162,66,102,50,10,402,15720
2023-11-21,Google Ads,Lead_Generation,259,156,177,70,12,516,18570
2023-11-21,Google Ads,Display_Generico,857,512,560,263,34,1719,61990
2023-11-21,Google Ads,Video_Awareness_Amplo,631,377,413,187,31,1266,45640
2023-11-21,Meta Ads,Performance_Search,620,370,400,193,27,1245,44900
2023-11-21,Meta Ads,Performance_Shopping,394,237,272,103,19,786,28290
2023-11-21,Meta Ads,Remarketing_Display,325,135,217,95,13,800,31200
2023-11-21,Meta Ads,Lead_Generation,721,431,470,222,29,1446,52120
2023-11-21,Meta Ads,Display_Generico,652,388,419,203,30,1312,47360
2023-11-21,Meta Ads,Video_Awareness_Amplo,809,484,534,231,44,1621,58430
2023-11-21,TikTok Ads,Performance_Search,578,341,353,192,33,1170,42370
2023-11-21,TikTok Ads,Performance_Shopping,1131,670,698,373,60,2283,82550
2023-11-21,TikTok Ads,Remarketing_Display,562,234,379,158,25,1382,53880
2023-11-21,TikTok Ads,Lead_Generation,944,565,624,279,41,1891,68150
2023-11-21,TikTok Ads,Display_Generico,1540,914,965,500,75,3105,112180
2023-11-21,TikTok Ads,Video_Awareness_Amplo,1422,851,934,419,69,2849,102670
2023-11-22,Google Ads,Performance_Search,437,263,303,116,18,872,31360
2023-11-22,Google Ads,Performance_Shopping,440,262,283,133,24,885,31940
2023-11-22,Google Ads,Remarketing_Display,161,66,99,54,8,398,15570
2023-11-22,Google Ads,Lead_Generation,522,311,335,159,28,1049,37870
2023-11-22,Google Ads,Display_Generico,827,494,539,240,48,1659,59830
2023-11-22,Google Ads,Video_Awareness_Amplo,702,420,460,205,37,1407,50700
2023-11-22,Meta Ads,Performance_Search,707,423,467,204,36,1417,51060
2023-11-22,Meta Ads,Performance_Shopping,426,253,273,134,19,858,31010
2023-11-22,Meta Ads,Remarketing_Display,346,142,212,114,20,856,33440
2023-11-22,Meta Ads,Lead_Generation,415,251,293,99,23,825,29620
2023-11-22,Meta Ads,Display_Generico,1219,729,798,353,68,2444,88080
2023-11-22,Meta Ads,Video_Awareness_Amplo,1140,681,744,342,54,2287,82470
2023-11-22,TikTok Ads,Performance_Search,1169,699,765,349,55,2344,84480
2023-11-22,TikTok Ads,Performance_Shopping,484,288,313,145,26,974,35160
2023-11-22,TikTok Ads,Remarketing_Display,415,174,288,103,24,1017,39630
2023-11-22,TikTok Ads,Lead_Generation,1222,728,782,387,53,2457,88660
2023-11-22,TikTok Ads,Display_Generico,1263,755,827,368,68,2533,91300
2023-11-22,TikTok Ads,Video_Awareness_Amplo,1880,1118,1188,587,105,3785,136660
2023-11-23,Google Ads,Performance_Search,549,328,357,160,32,1101,39710
2023-11-23,Google Ads,Performance_Shopping,385,231,257,113,15,770,27720
2023-11-23,Google Ads,Remarketing_Display,125,51,75,45,5,310,12120
2023-11-23,Google Ads,Lead_Generation,378,226,248,109,21,758,27320
2023-11-23,Google Ads,Display_Generico,799,478,525,235,39,1601,57710
2023-11-23,Google Ads,Video_Awareness_Amplo,960,573,624,294,42,1927,69510
2023-11-23,Meta Ads,Performance_Search,682,407,444,212,26,1369,49390
2023-11-23,Meta Ads,Performance_Shopping,722,429,457,232,33,1454,52530
2023-11-23,Meta Ads,Remarketing_Display,186,76,111,62,13,461,18020
2023-11-23,Meta Ads,Lead_Generation,662,394,422,202,38,1332,48080
2023-11-23,Meta Ads,Display_Generico,1108,663,727,335,46,2220,80010
2023-11-23,Meta Ads,Video_Awareness_Amplo,1120,668,720,336,64,2250,81160
2023-11-23,TikTok Ads,Performance_Search,795,473,504,246,45,1600,57760
2023-11-23,TikTok Ads,Performance_Shopping,587,351,386,176,25,1177,42420
2023-11-23,TikTok Ads,Remarketing_Display,341,141,223,95,23,841,32820
2023-11-23,TikTok Ads,Lead_Generation,664,395,426,199,39,1336,48250
2023-11-23,TikTok Ads,Display_Generico,1119,670,738,319,62,2241,80750
2023-11-23,TikTok Ads,Video_Awareness_Amplo,1770,1058,1158,528,84,3550,127960
2023-11-24,Google Ads,Performance_Search,607,364,408,159,40,1214,43730
2023-11-24,Google Ads,Performance_Shopping,617,368,398,193,26,1239,44710
2023-11-24,Google Ads,Remarketing_Display,186,78,136,37,13,456,17760
2023-11-24,Google Ads,Lead_Generation,448,268,299,131,18,898,32360
2023-11-24,Google Ads,Display_Generico,883,526,566,265,52,1775,64070
2023-11-24,Google Ads,Video_Awareness_Amplo,604,359,386,190,28,1216,43930
2023-11-24,Meta Ads,Performance_Search,705,417,434,241,30,1425,51540
2023-11-24,Meta Ads,Performance_Shopping,819,489,535,241,43,1644,59280
2023-11-24,Meta Ads,Remarketing_Display,220,93,161,55,4,537,20910
2023-11-24,Meta Ads,Lead_Generation,378,223,232,132,14,765,27710
2023-11-24,Meta Ads,Display_Generico,1135,678,741,331,63,2277,82110
2023-11-24,Meta Ads,Video_Awareness_Amplo,1254,750,824,387,43,2514,90600
2023-11-24,TikTok Ads,Performance_Search,820,489,532,242,46,1647,59430
2023-11-24,TikTok Ads,Performance_Shopping,597,356,386,182,29,1199,43270
2023-11-24,TikTok Ads,Remarketing_Display,397,163,250,128,19,982,38360
2023-11-24,TikTok Ads,Lead_Generation,601,359,390,174,37,1206,43480
2023-11-24,TikTok Ads,Display_Generico,1743,1041,1130,517,96,3498,126120
2023-11-24,TikTok Ads,Video_Awareness_Amplo,1667,999,1108,484,75,3337,120180
2023-11-25,Google Ads,Performance_Search,201,118,123,62,16,408,14810
2023-11-25,Google Ads,Performance_Shopping,352,210,227,107,18,707,25500
2023-11-25,Google Ads,Remarketing_Display,100,41,67,26,7,247,9670
2023-11-25,Google Ads,Lead_Generation,257,152,160,82,15,519,18790
2023-11-25,Google Ads,Display_Generico,463,280,325,110,28,920,33050
2023-11-25,Google Ads,Video_Awareness_Amplo,566,334,344,185,37,1146,41480
2023-11-25,Meta Ads,Performance_Search,276,165,182,80,14,553,19950
2023-11-25,Meta Ads,Performance_Shopping,542,325,362,141,39,1084,39050
2023-11-25,Meta Ads,Remarketing_Display,180,74,119,52,9,445,17380
2023-11-25,Meta Ads,Lead_Generation,377,225,246,119,12,757,27300
2023-11-25,Meta Ads,Display_Generico,548,327,359,163,26,1100,39690
2023-11-25,Meta Ads,Video_Awareness_Amplo,673,402,438,194,41,1350,48690
2023-11-25,TikTok Ads,Performance_Search,613,366,400,183,30,1230,44370
2023-11-25,TikTok Ads,Performance_Shopping,315,187,202,95,18,635,22940
2023-11-25,TikTok Ads,Remarketing_Display,249,101,146,84,19,619,24220
2023-11-25,TikTok Ads,Lead_Generation,464,277,306,140,18,931,33590
2023-11-25,TikTok Ads,Display_Generico,1087,651,721,303,63,2177,78420
2023-11-25,TikTok Ads,Video_Awareness_Amplo,858,510,541,276,41,1728,62400
2023-11-26,Google Ads,Performance_Search,166,99,112,47,7,333,12030
2023-11-26,Google Ads,Performance_Shopping,257,152,160,84,13,519,18790
2023-11-26,Google Ads,Remarketing_Display,136,55,82,43,11,338,13250
2023-11-26,Google Ads,Lead_Generation,366,219,240,114,12,733,26430
2023-11-26,Google Ads,Display_Generico,514,307,336,159,19,1031,37190
2023-11-26,Google Ads,Video_Awareness_Amplo,351,210,232,105,14,703,25350
2023-11-26,Meta Ads,Performance_Search,375,223,241,109,25,755,27260
2023-11-26,Meta Ads,Performance_Shopping,490,294,329,129,32,980,35280
2023-11-26,Meta Ads,Remarketing_Display,196,81,125,65,6,483,18870
2023-11-26,Meta Ads,Lead_Generation,330,196,212,104,14,665,24020
2023-11-26,Meta Ads,Display_Generico,593,352,376,187,30,1195,43190
2023-11-26,Meta Ads,Video_Awareness_Amplo,578,343,361,182,35,1165,42110
2023-11-26,TikTok Ads,Performance_Search,744,444,483,221,40,1494,53880
2023-11-26,TikTok Ads,Performance_Shopping,585,351,394,162,29,1170,42120
2023-11-26,TikTok Ads,Remarketing_Display,207,85,135,61,11,512,20000
2023-11-26,TikTok Ads,Lead_Generation,752,448,480,228,44,1512,54560
2023-11-26,TikTok Ads,Display_Generico,1176,702,762,354,60,2361,85140
2023-11-26,TikTok Ads,Video_Awareness_Amplo,941,564,625,277,39,1883,67830
2023-11-27,Google Ads,Performance_Search,357,215,244,97,16,712,25600
2023-11-27,Google Ads,Performance_Shopping,329,197,218,95,16,659,23740
2023-11-27,Google Ads,Remarketing_Display,234,97,154,69,11,576,22490
2023-11-27,Google Ads,Lead_Generation,510,304,327,151,32,1025,36980
2023-11-27,Google Ads,Display_Generico,834,495,521,273,40,1681,60750
2023-11-27,Google Ads,Video_Awareness_Amplo,809,483,524,246,39,1624,58560
2023-11-27,Meta Ads,Performance_Search,448,265,275,143,30,905,32750
2023-11-27,Meta Ads,Performance_Shopping,432,255,266,149,17,874,31650
2023-11-27,Meta Ads,Remarketing_Display,235,98,162,62,11,577,22510
2023-11-27,Meta Ads,Lead_Generation,521,311,341,150,30,1046,37720
2023-11-27,Meta Ads,Display_Generico,873,519,553,277,43,1758,63480
2023-11-27,Meta Ads,Video_Awareness_Amplo,825,492,535,257,33,1657,59790
2023-11-27,TikTok Ads,Performance_Search,830,500,567,218,45,1655,59500
2023-11-27,TikTok Ads,Performance_Shopping,897,535,582,276,39,1802,65000
2023-11-27,TikTok Ads,Remarketing_Display,357,147,228,114,15,882,34440
2023-11-27,TikTok Ads,Lead_Generation,792,469,492,267,33,1599,57830
2023-11-27,TikTok Ads,Display_Generico,1000,595,635,315,50,2012,72650
2023-11-27,TikTok Ads,Video_Awareness_Amplo,1548,927,1022,457,69,3100,111690
2023-11-28,Google Ads,Performance_Search,482,288,318,139,25,967,34860
2023-11-28,Google Ads,Performance_Shopping,363,214,219,125,19,735,26630
2023-11-28,Google Ads,Remarketing_Display,260,107,163,88,9,642,25090
2023-11-28,Google Ads,Lead_Generation,402,239,257,123,22,809,29230
2023-11-28,Google Ads,Display_Generico,906,542,598,262,46,1816,65440
2023-11-28,Google Ads,Video_Awareness_Amplo,619,369,403,187,29,1244,44880
2023-11-28,Meta Ads,Performance_Search,671,400,436,205,30,1348,48650
2023-11-28,Meta Ads,Performance_Shopping,326,193,201,108,17,658,23810
2023-11-28,Meta Ads,Remarketing_Display,329,136,218,89,22,811,31670
2023-11-28,Meta Ads,Lead_Generation,405,243,272,113,20,810,29160
2023-11-28,Meta Ads,Display_Generico,1138,682,756,339,43,2278,82040
2023-11-28,Meta Ads,Video_Awareness_Amplo,899,534,569,276,54,1811,65430
2023-11-28,TikTok Ads,Performance_Search,936,559,611,277,48,1878,67730
2023-11-28,TikTok Ads,Performance_Shopping,581,347,381,175,25,1166,42040
2023-11-28,TikTok Ads,Remarketing_Display,425,175,264,135,26,1050,41000
2023-11-28,TikTok Ads,Lead_Generation,1121,669,727,340,54,2251,81180
2023-11-28,TikTok Ads,Display_Generico,1574,934,984,512,78,3174,114680
2023-11-28,TikTok Ads,Video_Awareness_Amplo,1533,915,996,474,63,3078,111000
2023-11-29,Google Ads,Performance_Search,411,247,283,101,27,821,29540
2023-11-29,Google Ads,Performance_Shopping,434,260,288,123,23,869,31300
2023-11-29,Google Ads,Remarketing_Display,139,58,95,39,5,341,13310
2023-11-29,Google Ads,Lead_Generation,469,282,318,127,24,936,33690
2023-11-29,Google Ads,Display_Generico,917,545,582,295,40,1847,66700
2023-11-29,Google Ads,Video_Awareness_Amplo,756,453,502,221,33,1513,54510
2023-11-29,Meta Ads,Performance_Search,390,230,237,132,21,790,28600
2023-11-29,Meta Ads,Performance_Shopping,358,213,230,106,22,720,26010
2023-11-29,Meta Ads,Remarketing_Display,289,118,174,99,16,716,28010
2023-11-29,Meta Ads,Lead_Generation,715,424,446,233,36,1442,52130
2023-11-29,Meta Ads,Display_Generico,694,415,454,195,45,1391,50150
2023-11-29,Meta Ads,Video_Awareness_Amplo,980,587,652,279,49,1962,70690
2023-11-29,TikTok Ads,Performance_Search,919,548,592,285,42,1846,66610
2023-11-29,TikTok Ads,Performance_Shopping,1016,604,646,332,38,2046,73880
2023-11-29,TikTok Ads,Remarketing_Display,417,172,267,130,20,1029,40190
2023-11-29,TikTok Ads,Lead_Generation,1191,712,783,343,65,2388,86090
2023-11-29,TikTok Ads,Display_Generico,1837,1092,1163,591,83,3699,133590
2023-11-29,TikTok Ads,Video_Awareness_Amplo,1324,792,871,391,62,2654,95640
2023-11-30,Google Ads,Performance_Search,339,202,221,99,19,681,24590
2023-11-30,Google Ads,Performance_Shopping,275,164,178,83,14,552,19930
2023-11-30,Google Ads,Remarketing_Display,154,63,100,48,6,381,14910
2023-11-30,Google Ads,Lead_Generation,382,227,246,109,27,769,27790
2023-11-30,Google Ads,Display_Generico,548,326,349,172,27,1103,39820
2023-11-30,Google Ads,Video_Awareness_Amplo,698,417,454,209,35,1400,50490
2023-11-30,Meta Ads,Performance_Search,697,416,454,207,36,1399,50470
2023-11-30,Meta Ads,Performance_Shopping,908,538,564,292,52,1833,66260
2023-11-30,Meta Ads,Remarketing_Display,247,103,172,64,11,607,23660
2023-11-30,Meta Ads,Lead_Generation,362,215,230,116,16,729,26350
2023-11-30,Meta Ads,Display_Generico,784,470,523,218,43,1569,56500
2023-11-30,Meta Ads,Video_Awareness_Amplo,897,538,598,259,40,1794,64610
2023-11-30,TikTok Ads,Performance_Search,848,507,554,250,44,1700,61290
2023-11-30,TikTok Ads,Performance_Shopping,648,384,402,214,32,1308,47280
2023-11-30,TikTok Ads,Remarketing_Display,310,128,198,92,20,765,29860
2023-11-30,TikTok Ads,Lead_Generation,662,395,430,203,29,1329,47950
2023-11-30,TikTok Ads,Display_Generico,1477,884,970,434,73,2959,106630
2023-11-30,TikTok Ads,Video_Awareness_Amplo,1387,828,900,419,68,2784,100410
2023-12-01,Google Ads,Performance_Search,360,212,219,123,18,730,26440
2023-12-01,Google Ads,Performance_Shopping,437,259,271,144,22,882,31880
2023-12-01,Google Ads,Remarketing_Display,190,79,129,58,3,467,18230
2023-12-01,Google Ads,Lead_Generation,427,255,283,129,15,857,30900
2023-12-01,Google Ads,Display_Generico,428,253,264,140,24,865,31310
2023-12-01,Google Ads,Video_Awareness_Amplo,803,480,524,248,31,1610,58050
2023-12-01,Meta Ads,Performance_Search,548,324,335,189,24,1108,40080
2023-12-01,Meta Ads,Performance_Shopping,384,228,245,123,16,774,27960
2023-12-01,Meta Ads,Remarketing_Display,282,118,194,76,12,692,26960
2023-12-01,Meta Ads,Lead_Generation,816,486,523,257,36,1641,59220
2023-12-01,Meta Ads,Display_Generico,758,450,475,239,44,1528,55200
2023-12-01,Meta Ads,Video_Awareness_Amplo,778,459,473,258,47,1575,57030
2023-12-01,TikTok Ads,Performance_Search,722,433,482,198,42,1444,52010
2023-12-01,TikTok Ads,Performance_Shopping,828,493,531,249,48,1665,60110
2023-12-01,TikTok Ads,Remarketing_Display,288,119,190,82,16,710,27730
2023-12-01,TikTok Ads,Lead_Generation,459,273,291,144,24,924,33360
2023-12-01,TikTok Ads,Display_Generico,1174,703,779,337,58,2351,84710
2023-12-01,TikTok Ads,Video_Awareness_Amplo,1073,644,719,307,47,2145,77230
2023-12-02,Google Ads,Performance_Search,198,117,122,67,9,400,14490
2023-12-02,Google Ads,Performance_Shopping,169,101,114,46,9,339,12220
2023-12-02,Google Ads,Remarketing_Display,103,41,58,39,6,258,10120
2023-12-02,Google Ads,Lead_Generation,158,92,87,59,12,323,11740
2023-12-02,Google Ads,Display_Generico,394,236,266,113,15,789,28420
2023-12-02,Google Ads,Video_Awareness_Amplo,382,226,237,111,34,772,27920
2023-12-02,Meta Ads,Performance_Search,252,149,157,81,14,509,18430
2023-12-02,Meta Ads,Performance_Shopping,251,150,168,74,9,503,18150
2023-12-02,Meta Ads,Remarketing_Display,111,46,75,30,6,273,10670
2023-12-02,Meta Ads,Lead_Generation,375,225,254,100,21,750,27000
2023-12-02,Meta Ads,Display_Generico,666,398,434,206,26,1336,48160
2023-12-02,Meta Ads,Video_Awareness_Amplo,595,355,384,184,27,1195,43100
2023-12-02,TikTok Ads,Performance_Search,682,404,421,219,42,1377,49780
2023-12-02,TikTok Ads,Performance_Shopping,465,276,293,149,23,937,33870
2023-12-02,TikTok Ads,Remarketing_Display,227,93,143,72,12,562,21960
2023-12-02,TikTok Ads,Lead_Generation,448,267,291,135,22,900,32490
2023-12-02,TikTok Ads,Display_Generico,672,402,446,193,33,1347,48540
2023-12-02,TikTok Ads,Video_Awareness_Amplo,939,559,599,290,50,1889,68180
2023-12-03,Google Ads,Performance_Search,237,141,152,73,12,477,17220
2023-12-03,Google Ads,Performance_Shopping,267,162,194,64,9,529,18990
2023-12-03,Google Ads,Remarketing_Display,138,57,95,40,3,340,13290
2023-12-03,Google Ads,Lead_Generation,230,138,156,66,8,460,16560
2023-12-03,Google Ads,Display_Generico,303,181,199,88,16,608,21920
2023-12-03,Google Ads,Video_Awareness_Amplo,454,272,303,130,21,909,32740
2023-12-03,Meta Ads,Performance_Search,390,233,254,120,16,782,28210
2023-12-03,Meta Ads,Performance_Shopping,404,239,252,132,20,816,29530
2023-12-03,Meta Ads,Remarketing_Display,151,63,110,34,7,371,14460
2023-12-03,Meta Ads,Lead_Generation,298,177,188,98,12,600,21690
2023-12-03,Meta Ads,Display_Generico,464,279,316,126,22,926,33330
2023-12-03,Meta Ads,Video_Awareness_Amplo,683,408,449,192,42,1370,49410
2023-12-03,TikTok Ads,Performance_Search,488,291,319,143,26,980,35370
2023-12-03,TikTok Ads,Performance_Shopping,456,272,296,133,27,916,33040
2023-12-03,TikTok Ads,Remarketing_Display,197,81,126,59,12,487,19020
2023-12-03,TikTok Ads,Lead_Generation,424,254,281,118,25,849,30580
2023-12-03,TikTok Ads,Display_Generico,966,578,634,279,53,1936,69760
2023-12-03,TikTok Ads,Video_Awareness_Amplo,856,512,564,256,36,1716,61840
2023-12-04,Google Ads,Performance_Search,492,295,331,133,28,984,35450
2023-12-04,Google Ads,Performance_Shopping,279,166,177,91,11,561,20270
2023-12-04,Google Ads,Remarketing_Display,170,71,116,46,8,417,16270
2023-12-04,Google Ads,Lead_Generation,375,225,254,103,18,750,27000
2023-12-04,Google Ads,Display_Generico,431,257,277,129,25,866,31240
2023-12-04,Google Ads,Video_Awareness_Amplo,581,351,406,155,20,1156,41520
2023-12-04,Meta Ads,Performance_Search,481,285,302,152,27,971,35100
2023-12-04,Meta Ads,Performance_Shopping,563,337,371,167,25,1128,40640
2023-12-04,Meta Ads,Remarketing_Display,228,95,158,64,6,560,21850
2023-12-04,Meta Ads,Lead_Generation,726,431,457,223,46,1463,52870
2023-12-04,Meta Ads,Display_Generico,879,526,579,263,37,1761,63470
2023-12-04,Meta Ads,Video_Awareness_Amplo,1056,628,671,333,52,2126,76760
2023-12-04,TikTok Ads,Performance_Search,745,445,488,202,55,1495,53900
2023-12-04,TikTok Ads,Performance_Shopping,930,553,587,284,59,1872,67610
2023-12-04,TikTok Ads,Remarketing_Display,367,152,243,105,19,904,35290
2023-12-04,TikTok Ads,Lead_Generation,872,520,564,258,50,1752,63200
2023-12-04,TikTok Ads,Display_Generico,1536,912,963,476,97,3096,111840
2023-12-04,TikTok Ads,Video_Awareness_Amplo,1485,889,978,443,64,2975,107180
2023-12-05,Google Ads,Performance_Search,283,168,177,93,13,570,20610
2023-12-05,Google Ads,Performance_Shopping,508,303,328,159,21,1020,36810
2023-12-05,Google Ads,Remarketing_Display,185,76,114,60,11,457,17870
2023-12-05,Google Ads,Lead_Generation,448,268,294,136,18,898,32360
2023-12-05,Google Ads,Display_Generico,777,461,488,250,39,1567,56620
2023-12-05,Google Ads,Video_Awareness_Amplo,774,466,527,219,28,1544,55520
2023-12-05,Meta Ads,Performance_Search,668,395,408,221,39,1350,48850
2023-12-05,Meta Ads,Performance_Shopping,658,392,425,198,35,1323,47740
2023-12-05,Meta Ads,Remarketing_Display,144,60,96,45,3,354,13800
2023-12-05,Meta Ads,Lead_Generation,299,178,195,93,11,601,21710
2023-12-05,Meta Ads,Display_Generico,953,568,610,302,41,1915,69110
2023-12-05,Meta Ads,Video_Awareness_Amplo,673,400,425,215,33,1355,48950
2023-12-05,TikTok Ads,Performance_Search,873,519,552,272,49,1758,63480
2023-12-05,TikTok Ads,Performance_Shopping,1038,622,691,290,57,2078,74840
2023-12-05,TikTok Ads,Remarketing_Display,383,159,250,116,17,943,36780
2023-12-05,TikTok Ads,Lead_Generation,551,332,380,147,24,1098,39490
2023-12-05,TikTok Ads,Display_Generico,1662,999,1120,475,67,3319,119430
2023-12-05,TikTok Ads,Video_Awareness_Amplo,1349,808,892,397,60,2701,97310
2023-12-06,Google Ads,Performance_Search,360,215,236,112,12,722,26050
2023-12-06,Google Ads,Performance_Shopping,497,295,315,146,36,1002,36200
2023-12-06,Google Ads,Remarketing_Display,167,69,113,49,5,412,16080
2023-12-06,Google Ads,Lead_Generation,509,305,337,140,32,1019,36700
2023-12-06,Google Ads,Display_Generico,720,428,459,228,33,1450,52360
2023-12-06,Google Ads,Video_Awareness_Amplo,771,463,517,218,36,1541,55460
2023-12-06,Meta Ads,Performance_Search,377,224,243,109,25,759,27430
2023-12-06,Meta Ads,Performance_Shopping,490,290,304,160,26,990,35800
2023-12-06,Meta Ads,Remarketing_Display,216,90,144,62,10,531,20700
2023-12-06,Meta Ads,Lead_Generation,360,214,230,114,16,725,26180
2023-12-06,Meta Ads,Display_Generico,650,386,408,206,36,1310,47320
2023-12-06,Meta Ads,Video_Awareness_Amplo,666,400,452,181,33,1331,47900
2023-12-06,TikTok Ads,Performance_Search,877,523,568,262,47,1762,63560
2023-12-06,TikTok Ads,Performance_Shopping,881,525,568,260,53,1771,63900
2023-12-06,TikTok Ads,Remarketing_Display,313,130,208,97,8,770,30050
2023-12-06,TikTok Ads,Lead_Generation,863,518,577,242,44,1725,62110
2023-12-06,TikTok Ads,Display_Generico,1642,984,1089,485,68,3287,118380
2023-12-06,TikTok Ads,Video_Awareness_Amplo,1426,855,948,413,65,2853,102750
2023-12-07,Google Ads,Performance_Search,512,304,323,167,22,1032,37280
2023-12-07,Google Ads,Performance_Shopping,443,266,303,113,27,885,31870
2023-12-07,Google Ads,Remarketing_Display,122,51,83,33,6,299,11670
2023-12-07,Google Ads,Lead_Generation,234,139,150,75,9,471,17030
2023-12-07,Google Ads,Display_Generico,458,275,307,131,20,915,32950
2023-12-07,Google Ads,Video_Awareness_Amplo,463,275,293,141,29,933,33700
2023-12-07,Meta Ads,Performance_Search,784,468,509,236,39,1574,56760
2023-12-07,Meta Ads,Performance_Shopping,691,411,442,215,34,1391,50220
2023-12-07,Meta Ads,Remarketing_Display,196,80,122,63,11,486,19000
2023-12-07,Meta Ads,Lead_Generation,495,296,326,149,20,992,35770
2023-12-07,Meta Ads,Display_Generico,1097,654,706,331,60,2204,79530
2023-12-07,Meta Ads,Video_Awareness_Amplo,1085,649,710,313,62,2175,78380
2023-12-07,TikTok Ads,Performance_Search,494,294,315,147,32,994,35880
2023-12-07,TikTok Ads,Performance_Shopping,703,421,464,204,35,1408,50720
2023-12-07,TikTok Ads,Remarketing_Display,308,127,197,100,11,760,29690
2023-12-07,TikTok Ads,Lead_Generation,630,378,424,177,29,1260,45360
2023-12-07,TikTok Ads,Display_Generico,1054,630,688,314,52,2114,76200
2023-12-07,TikTok Ads,Video_Awareness_Amplo,1730,1036,1140,504,86,3465,124820
2023-12-08,Google Ads,Performance_Search,434,255,256,146,32,881,31950
2023-12-08,Google Ads,Performance_Shopping,272,161,170,84,18,549,19870
2023-12-08,Google Ads,Remarketing_Display,156,64,102,47,7,386,15080
2023-12-08,Google Ads,Lead_Generation,514,309,347,142,25,1026,36930
2023-12-08,Google Ads,Display_Generico,826,496,559,214,53,1651,59420
2023-12-08,Google Ads,Video_Awareness_Amplo,597,358,399,162,36,1194,43010
2023-12-08,Meta Ads,Performance_Search,408,244,268,124,16,818,29480
2023-12-08,Meta Ads,Performance_Shopping,577,343,365,179,33,1162,41960
2023-12-08,Meta Ads,Remarketing_Display,174,71,104,64,6,431,16870
2023-12-08,Meta Ads,Lead_Generation,512,305,331,152,29,1029,37150
2023-12-08,Meta Ads,Display_Generico,1005,600,652,306,47,2017,72750
2023-12-08,Meta Ads,Video_Awareness_Amplo,829,495,541,238,50,1664,60000
2023-12-08,TikTok Ads,Performance_Search,823,489,517,260,46,1658,59880
2023-12-08,TikTok Ads,Performance_Shopping,1006,602,662,290,54,2016,72640
2023-12-08,TikTok Ads,Remarketing_Display,300,123,184,93,23,742,29010
2023-12-08,TikTok Ads,Lead_Generation,794,475,523,227,44,1591,57350
2023-12-08,TikTok Ads,Display_Generico,1198,716,782,368,48,2403,86620
2023-12-08,TikTok Ads,Video_Awareness_Amplo,873,518,545,276,52,1760,63610
2023-12-09,Google Ads,Performance_Search,178,105,112,55,11,360,13050
2023-12-09,Google Ads,Performance_Shopping,373,223,247,105,21,748,26960
2023-12-09,Google Ads,Remarketing_Display,104,43,68,34,2,256,10010
2023-12-09,Google Ads,Lead_Generation,185,109,111,58,16,375,13580
2023-12-09,Google Ads,Display_Generico,309,184,202,94,13,621,22430
2023-12-09,Google Ads,Video_Awareness_Amplo,344,205,225,102,17,691,24950
2023-12-09,Meta Ads,Performance_Search,392,234,258,117,17,787,28380
2023-12-09,Meta Ads,Performance_Shopping,243,145,163,70,10,488,17600
2023-12-09,Meta Ads,Remarketing_Display,202,83,132,66,4,499,19510
2023-12-09,Meta Ads,Lead_Generation,339,201,216,104,19,684,24720
2023-12-09,Meta Ads,Display_Generico,551,329,360,155,36,1106,39880
2023-12-09,Meta Ads,Video_Awareness_Amplo,498,300,342,142,14,993,35700
2023-12-09,TikTok Ads,Performance_Search,479,283,296,155,28,969,35060
2023-12-09,TikTok Ads,Performance_Shopping,479,288,328,127,24,956,34410
2023-12-09,TikTok Ads,Remarketing_Display,176,73,115,57,4,433,16910
2023-12-09,TikTok Ads,Lead_Generation,398,236,252,130,16,803,29020
2023-12-09,TikTok Ads,Display_Generico,914,547,604,260,50,1831,65990
2023-12-09,TikTok Ads,Video_Awareness_Amplo,809,484,536,229,44,1621,58430
2023-12-10,Google Ads,Performance_Search,260,156,178,69,13,520,18720
2023-12-10,Google Ads,Performance_Shopping,279,169,201,66,12,554,19880
2023-12-10,Google Ads,Remarketing_Display,122,51,86,29,7,299,11670
2023-12-10,Google Ads,Lead_Generation,253,151,165,70,18,508,18320
2023-12-10,Google Ads,Display_Generico,453,268,279,155,19,915,33110
2023-12-10,Google Ads,Video_Awareness_Amplo,337,201,222,105,10,677,24420
2023-12-10,Meta Ads,Performance_Search,364,216,232,115,17,734,26520
2023-12-10,Meta Ads,Performance_Shopping,526,314,346,161,19,1056,38080
2023-12-10,Meta Ads,Remarketing_Display,208,86,132,64,12,513,20020
2023-12-10,Meta Ads,Lead_Generation,378,226,253,108,17,758,27320
2023-12-10,Meta Ads,Display_Generico,559,333,360,175,24,1124,40560
2023-12-10,Meta Ads,Video_Awareness_Amplo,491,291,305,162,24,991,35820
2023-12-10,TikTok Ads,Performance_Search,598,357,390,176,32,1200,43290
2023-12-10,TikTok Ads,Performance_Shopping,505,301,324,157,24,1015,36620
2023-12-10,TikTok Ads,Remarketing_Display,207,85,135,62,10,512,20000
2023-12-10,TikTok Ads,Lead_Generation,398,237,258,117,23,800,28890
2023-12-10,TikTok Ads,Display_Generico,707,421,452,221,34,1422,51320
2023-12-10,TikTok Ads,Video_Awareness_Amplo,883,529,584,258,41,1768,63680
2023-12-11,Google Ads,Performance_Search,297,179,207,77,13,592,21280
2023-12-11,Google Ads,Performance_Shopping,401,241,270,110,21,801,28820
2023-12-11,Google Ads,Remarketing_Display,197,80,117,65,15,489,19150
2023-12-11,Google Ads,Lead_Generation,397,236,254,126,17,799,28870
2023-12-11,Google Ads,Display_Generico,514,308,345,149,20,1029,37060
2023-12-11,Google Ads,Video_Awareness_Amplo,599,356,381,193,25,1206,43570
2023-12-11,Meta Ads,Performance_Search,602,360,399,174,29,1207,43500
2023-12-11,Meta Ads,Performance_Shopping,669,398,428,212,29,1346,48610
2023-12-11,Meta Ads,Remarketing_Display,210,86,131,67,12,520,20320
2023-12-11,Meta Ads,Lead_Generation,535,319,349,153,33,1075,38780
2023-12-11,Meta Ads,Display_Generico,692,413,451,206,35,1389,50110
2023-12-11,Meta Ads,Video_Awareness_Amplo,827,496,554,244,29,1654,59570
2023-12-11,TikTok Ads,Performance_Search,910,541,579,290,41,1832,66170
2023-12-11,TikTok Ads,Performance_Shopping,716,429,479,200,37,1433,51630
2023-12-11,TikTok Ads,Remarketing_Display,393,163,258,117,18,968,37760
2023-12-11,TikTok Ads,Lead_Generation,1107,660,712,336,59,2224,80250
2023-12-11,TikTok Ads,Display_Generico,1550,923,992,463,95,3117,112510
2023-12-11,TikTok Ads,Video_Awareness_Amplo,1394,831,895,433,66,2801,101070
2023-12-12,Google Ads,Performance_Search,304,184,214,86,4,604,21680
2023-12-12,Google Ads,Performance_Shopping,221,131,143,60,18,446,16120
2023-12-12,Google Ads,Remarketing_Display,107,44,66,32,9,264,10330
2023-12-12,Google Ads,Lead_Generation,394,235,256,115,23,791,28550
2023-12-12,Google Ads,Display_Generico,830,494,527,252,51,1670,60280
2023-12-12,Google Ads,Video_Awareness_Amplo,444,265,292,129,23,891,32150
2023-12-12,Meta Ads,Performance_Search,401,239,260,119,22,806,29080
2023-12-12,Meta Ads,Performance_Shopping,347,207,229,98,20,697,25140
2023-12-12,Meta Ads,Remarketing_Display,163,67,108,46,9,403,15740
2023-12-12,Meta Ads,Lead_Generation,790,473,520,229,41,1582,57010
2023-12-12,Meta Ads,Display_Generico,1006,597,628,323,55,2028,73290
2023-12-12,Meta Ads,Video_Awareness_Amplo,1083,649,722,293,68,2168,78080
2023-12-12,TikTok Ads,Performance_Search,1131,679,759,319,53,2261,81380
2023-12-12,TikTok Ads,Performance_Shopping,539,320,341,172,26,1086,39250
2023-12-12,TikTok Ads,Remarketing_Display,330,137,217,96,17,812,31690
2023-12-12,TikTok Ads,Lead_Generation,978,587,656,282,40,1955,70390
2023-12-12,TikTok Ads,Display_Generico,1474,874,918,469,87,2974,107480
2023-12-12,TikTok Ads,Video_Awareness_Amplo,1367,812,857,431,79,2754,99490
2023-12-13,Google Ads,Performance_Search,290,175,201,71,18,577,20750
2023-12-13,Google Ads,Performance_Shopping,383,228,244,117,22,770,27810
2023-12-13,Google Ads,Remarketing_Display,206,85,138,58,10,508,19850
2023-12-13,Google Ads,Lead_Generation,211,126,138,61,12,423,15270
2023-12-13,Google Ads,Display_Generico,685,408,440,209,36,1377,49710
2023-12-13,Google Ads,Video_Awareness_Amplo,551,330,365,151,35,1103,39750
2023-12-13,Meta Ads,Performance_Search,604,359,383,191,30,1216,43930
2023-12-13,Meta Ads,Performance_Shopping,357,212,226,113,18,719,25990
2023-12-13,Meta Ads,Remarketing_Display,175,72,117,53,5,432,16890
2023-12-13,Meta Ads,Lead_Generation,354,209,214,125,15,716,25930
2023-12-13,Meta Ads,Display_Generico,760,452,484,233,43,1530,55240
2023-12-13,Meta Ads,Video_Awareness_Amplo,846,502,529,275,42,1706,61640
2023-12-13,TikTok Ads,Performance_Search,488,293,333,132,23,975,35110
2023-12-13,TikTok Ads,Performance_Shopping,675,402,431,202,42,1357,48990
2023-12-13,TikTok Ads,Remarketing_Display,334,139,228,91,15,821,32030
2023-12-13,TikTok Ads,Lead_Generation,1062,632,679,320,63,2137,77140
2023-12-13,TikTok Ads,Display_Generico,947,569,642,251,54,1892,68080
2023-12-13,TikTok Ads,Video_Awareness_Amplo,1342,797,844,429,69,2704,97690
2023-12-14,Google Ads,Performance_Search,296,177,199,84,13,593,21390
2023-12-14,Google Ads,Performance_Shopping,445,263,276,141,28,900,32560
2023-12-14,Google Ads,Remarketing_Display,210,87,137,61,12,517,20190
2023-12-14,Google Ads,Lead_Generation,395,236,261,117,17,792,28570
2023-12-14,Google Ads,Display_Generico,494,294,319,158,17,994,35880
2023-12-14,Google Ads,Video_Awareness_Amplo,710,424,464,208,38,1425,51380
2023-12-14,Meta Ads,Performance_Search,520,308,322,163,35,1050,37960
2023-12-14,Meta Ads,Performance_Shopping,653,390,426,197,30,1310,47250
2023-12-14,Meta Ads,Remarketing_Display,285,118,183,81,21,702,27410
2023-12-14,Meta Ads,Lead_Generation,340,202,214,107,19,685,24740
2023-12-14,Meta Ads,Display_Generico,746,445,482,218,46,1498,54050
2023-12-14,Meta Ads,Video_Awareness_Amplo,716,425,448,231,37,1443,52150
2023-12-14,TikTok Ads,Performance_Search,809,483,526,240,43,1624,58560
2023-12-14,TikTok Ads,Performance_Shopping,586,347,366,180,40,1183,42790
2023-12-14,TikTok Ads,Remarketing_Display,448,185,288,139,21,1105,43150
2023-12-14,TikTok Ads,Lead_Generation,561,337,381,156,24,1121,40340
2023-12-14,TikTok Ads,Display_Generico,1148,686,748,342,58,2303,83020
2023-12-14,TikTok Ads,Video_Awareness_Amplo,1269,762,851,364,54,2536,91290
2023-12-15,Google Ads,Performance_Search,542,323,350,169,23,1089,39310
2023-12-15,Google Ads,Performance_Shopping,232,137,140,78,14,469,16990
2023-12-15,Google Ads,Remarketing_Display,170,70,111,47,12,420,16400
2023-12-15,Google Ads,Lead_Generation,483,285,296,167,20,978,35400
2023-12-15,Google Ads,Display_Generico,824,493,541,243,40,1651,59510
2023-12-15,Google Ads,Video_Awareness_Amplo,792,470,494,252,46,1597,57700
2023-12-15,Meta Ads,Performance_Search,697,417,459,200,38,1397,50340
2023-12-15,Meta Ads,Performance_Shopping,529,317,356,154,19,1059,38140
2023-12-15,Meta Ads,Remarketing_Display,241,100,159,72,10,593,23150
2023-12-15,Meta Ads,Lead_Generation,481,288,317,146,18,963,34710
2023-12-15,Meta Ads,Display_Generico,824,493,546,241,37,1651,59510
2023-12-15,Meta Ads,Video_Awareness_Amplo,606,362,397,178,31,1216,43840
2023-12-15,TikTok Ads,Performance_Search,813,486,533,234,46,1630,58770
2023-12-15,TikTok Ads,Performance_Shopping,1175,703,772,349,54,2355,84860
2023-12-15,TikTok Ads,Remarketing_Display,304,126,200,84,20,749,29220
2023-12-15,TikTok Ads,Lead_Generation,475,283,306,136,33,955,34460
2023-12-15,TikTok Ads,Display_Generico,1106,662,730,331,45,2216,79840
2023-12-15,TikTok Ads,Video_Awareness_Amplo,1215,728,808,355,52,2432,87610
2023-12-16,Google Ads,Performance_Search,207,121,118,73,16,422,15320
2023-12-16,Google Ads,Performance_Shopping,244,146,164,66,14,489,17620
2023-12-16,Google Ads,Remarketing_Display,91,37,54,27,10,226,8840
2023-12-16,Google Ads,Lead_Generation,165,97,100,58,7,335,12140
2023-12-16,Google Ads,Display_Generico,297,178,200,81,16,594,21410
2023-12-16,Google Ads,Video_Awareness_Amplo,353,210,227,113,13,710,25650
2023-12-16,Meta Ads,Performance_Search,405,240,254,128,23,817,29550
2023-12-16,Meta Ads,Performance_Shopping,425,254,282,121,22,852,30730
2023-12-16,Meta Ads,Remarketing_Display,127,53,88,36,3,312,12160
2023-12-16,Meta Ads,Lead_Generation,367,217,228,122,17,742,26840
2023-12-16,Meta Ads,Display_Generico,772,460,498,231,43,1552,56000
2023-12-16,Meta Ads,Video_Awareness_Amplo,415,246,261,132,22,837,30270
2023-12-16,TikTok Ads,Performance_Search,716,427,465,209,42,1438,51890
2023-12-16,TikTok Ads,Performance_Shopping,633,378,413,182,38,1270,45810
2023-12-16,TikTok Ads,Remarketing_Display,198,81,125,66,7,490,19170
2023-12-16,TikTok Ads,Lead_Generation,445,266,290,126,29,892,32170
2023-12-16,TikTok Ads,Display_Generico,766,459,510,227,29,1533,55230
2023-12-16,TikTok Ads,Video_Awareness_Amplo,620,370,405,187,28,1245,44900
2023-12-17,Google Ads,Performance_Search,236,141,156,70,10,473,17070
2023-12-17,Google Ads,Performance_Shopping,282,168,185,87,10,567,20460
2023-12-17,Google Ads,Remarketing_Display,119,49,77,36,6,294,11480
2023-12-17,Google Ads,Lead_Generation,191,115,130,51,10,381,13700
2023-12-17,Google Ads,Display_Generico,400,239,262,114,24,802,28930
2023-12-17,Google Ads,Video_Awareness_Amplo,470,279,299,145,26,947,34230
2023-12-17,Meta Ads,Performance_Search,348,207,226,108,14,700,25290
2023-12-17,Meta Ads,Performance_Shopping,425,255,289,109,27,850,30600
2023-12-17,Meta Ads,Remarketing_Display,116,48,76,33,7,286,11160
2023-12-17,Meta Ads,Lead_Generation,367,217,229,123,15,742,26840
2023-12-17,Meta Ads,Display_Generico,593,354,384,178,31,1190,42930
2023-12-17,Meta Ads,Video_Awareness_Amplo,435,261,292,116,27,870,31320
2023-12-17,TikTok Ads,Performance_Search,399,239,265,114,20,799,28780
2023-12-17,TikTok Ads,Performance_Shopping,434,262,300,112,22,864,31040
2023-12-17,TikTok Ads,Remarketing_Display,231,95,145,78,8,571,22300
2023-12-17,TikTok Ads,Lead_Generation,533,319,350,154,29,1068,38480
2023-12-17,TikTok Ads,Display_Generico,1029,612,652,323,54,2071,74790
2023-12-17,TikTok Ads,Video_Awareness_Amplo,655,389,411,209,35,1320,47680
2023-12-18,Google Ads,Performance_Search,331,195,203,116,12,671,24300
2023-12-18,Google Ads,Performance_Shopping,298,179,201,79,18,595,21430
2023-12-18,Google Ads,Remarketing_Display,169,70,109,57,3,416,16250
2023-12-18,Google Ads,Lead_Generation,236,141,158,67,11,473,17070
2023-12-18,Google Ads,Display_Generico,546,326,356,160,30,1096,39520
2023-12-18,Google Ads,Video_Awareness_Amplo,673,399,419,221,33,1358,49080
2023-12-18,Meta Ads,Performance_Search,733,440,491,204,38,1465,52750
2023-12-18,Meta Ads,Performance_Shopping,577,344,372,177,28,1159,41830
2023-12-18,Meta Ads,Remarketing_Display,282,116,178,87,17,697,27220
2023-12-18,Meta Ads,Lead_Generation,458,274,300,138,20,918,33080
2023-12-18,Meta Ads,Display_Generico,918,546,580,282,56,1848,66720
2023-12-18,Meta Ads,Video_Awareness_Amplo,705,420,455,213,37,1417,51150
2023-12-18,TikTok Ads,Performance_Search,519,314,365,137,17,1031,37030
2023-12-18,TikTok Ads,Performance_Shopping,828,492,523,281,24,1668,60240
2023-12-18,TikTok Ads,Remarketing_Display,241,99,155,71,15,596,23280
2023-12-18,TikTok Ads,Lead_Generation,558,333,365,160,33,1120,40410
2023-12-18,TikTok Ads,Display_Generico,1507,903,1001,436,70,3017,108660
2023-12-18,TikTok Ads,Video_Awareness_Amplo,1192,713,785,358,49,2389,86110
2023-12-19,Google Ads,Performance_Search,328,196,215,92,21,658,23720
2023-12-19,Google Ads,Performance_Shopping,304,181,194,93,17,611,22070
2023-12-19,Google Ads,Remarketing_Display,169,69,107,52,10,419,16380
2023-12-19,Google Ads,Lead_Generation,247,148,164,72,11,494,17810
2023-12-19,Google Ads,Display_Generico,586,349,377,183,26,1178,42530
2023-12-19,Google Ads,Video_Awareness_Amplo,696,417,466,194,36,1393,50190
2023-12-19,Meta Ads,Performance_Search,564,337,373,165,26,1131,40790
2023-12-19,Meta Ads,Performance_Shopping,457,272,293,148,16,919,33190
2023-12-19,Meta Ads,Remarketing_Display,238,98,155,70,13,588,22960
2023-12-19,Meta Ads,Lead_Generation,300,180,200,89,11,600,21600
2023-12-19,Meta Ads,Display_Generico,913,540,559,307,47,1845,66750
2023-12-19,Meta Ads,Video_Awareness_Amplo,896,537,597,258,41,1793,64590
2023-12-19,TikTok Ads,Performance_Search,699,416,448,206,45,1406,50770
2023-12-19,TikTok Ads,Performance_Shopping,879,526,583,256,40,1761,63470
2023-12-19,TikTok Ads,Remarketing_Display,312,129,202,93,17,769,30030
2023-12-19,TikTok Ads,Lead_Generation,977,582,628,297,52,1964,70890
2023-12-19,TikTok Ads,Display_Generico,1231,732,777,381,73,2478,89490
2023-12-19,TikTok Ads,Video_Awareness_Amplo,1529,916,1015,437,77,3061,110270
2023-12-20,Google Ads,Performance_Search,324,196,228,83,13,644,23120
2023-12-20,Google Ads,Performance_Shopping,475,286,325,131,19,947,34070
2023-12-20,Google Ads,Remarketing_Display,214,87,124,83,7,531,20790
2023-12-20,Google Ads,Lead_Generation,336,198,204,113,19,681,24660
2023-12-20,Google Ads,Display_Generico,622,372,407,182,33,1247,44940
2023-12-20,Google Ads,Video_Awareness_Amplo,512,305,330,156,26,1029,37150
2023-12-20,Meta Ads,Performance_Search,555,330,353,176,26,1117,40350
2023-12-20,Meta Ads,Performance_Shopping,774,463,512,225,37,1551,55910
2023-12-20,Meta Ads,Remarketing_Display,139,57,85,46,8,344,13440
2023-12-20,Meta Ads,Lead_Generation,498,298,327,150,21,998,35960
2023-12-20,Meta Ads,Display_Generico,975,582,632,298,45,1957,70590
2023-12-20,Meta Ads,Video_Awareness_Amplo,1023,609,655,314,54,2058,74280
2023-12-20,TikTok Ads,Performance_Search,903,543,616,247,40,1803,64860
2023-12-20,TikTok Ads,Performance_Shopping,920,545,573,293,54,1857,67150
2023-12-20,TikTok Ads,Remarketing_Display,434,180,281,137,16,1069,41700
2023-12-20,TikTok Ads,Lead_Generation,455,273,304,126,25,910,32760
2023-12-20,TikTok Ads,Display_Generico,1119,671,748,313,58,2239,80620
2023-12-20,TikTok Ads,Video_Awareness_Amplo,979,584,631,307,41,1966,70930
2023-12-21,Google Ads,Performance_Search,344,204,219,105,20,694,25080
2023-12-21,Google Ads,Performance_Shopping,513,305,324,162,27,1033,37300
2023-12-21,Google Ads,Remarketing_Display,180,74,112,53,15,445,17380
2023-12-21,Google Ads,Lead_Generation,425,252,266,130,29,857,30990
2023-12-21,Google Ads,Display_Generico,688,410,443,207,38,1383,49900
2023-12-21,Google Ads,Video_Awareness_Amplo,416,246,256,136,24,841,30420
2023-12-21,Meta Ads,Performance_Search,550,325,335,187,28,1112,40250
2023-12-21,Meta Ads,Performance_Shopping,743,444,489,223,31,1490,53730
2023-12-21,Meta Ads,Remarketing_Display,237,97,141,83,13,587,22940
2023-12-21,Meta Ads,Lead_Generation,769,458,495,234,40,1546,55810
2023-12-21,Meta Ads,Display_Generico,648,386,415,213,20,1303,47020
2023-12-21,Meta Ads,Video_Awareness_Amplo,822,492,546,240,36,1647,59340
2023-12-21,TikTok Ads,Performance_Search,897,537,595,258,44,1797,64740
2023-12-21,TikTok Ads,Performance_Shopping,807,478,500,273,34,1629,58910
2023-12-21,TikTok Ads,Remarketing_Display,289,120,191,80,18,711,27750
2023-12-21,TikTok Ads,Lead_Generation,980,585,634,293,53,1967,70950
2023-12-21,TikTok Ads,Display_Generico,1465,872,931,452,82,2947,106390
2023-12-21,TikTok Ads,Video_Awareness_Amplo,1225,728,772,390,63,2467,89110
2023-12-22,Google Ads,Performance_Search,519,313,360,138,21,1034,37160
2023-12-22,Google Ads,Performance_Shopping,332,199,220,92,20,664,23930
2023-12-22,Google Ads,Remarketing_Display,135,56,90,39,6,332,12970
2023-12-22,Google Ads,Lead_Generation,287,172,195,85,7,574,20690
2023-12-22,Google Ads,Display_Generico,553,331,366,155,32,1108,39920
2023-12-22,Google Ads,Video_Awareness_Amplo,445,265,287,136,22,895,32300
2023-12-22,Meta Ads,Performance_Search,555,332,365,163,27,1112,40090
2023-12-22,Meta Ads,Performance_Shopping,339,202,222,94,23,681,24590
2023-12-22,Meta Ads,Remarketing_Display,262,108,164,77,21,647,25260
2023-12-22,Meta Ads,Lead_Generation,327,196,217,90,20,654,23570
2023-12-22,Meta Ads,Display_Generico,664,395,421,212,31,1336,48250
2023-12-22,Meta Ads,Video_Awareness_Amplo,889,535,605,249,35,1774,63800
2023-12-22,TikTok Ads,Performance_Search,917,548,600,281,36,1839,66310
2023-12-22,TikTok Ads,Performance_Shopping,830,495,539,248,43,1667,60150
2023-12-22,TikTok Ads,Remarketing_Display,281,116,183,84,14,693,27070
2023-12-22,TikTok Ads,Lead_Generation,1002,597,645,306,51,2014,72690
2023-12-22,TikTok Ads,Display_Generico,1100,657,715,327,58,2207,79590
2023-12-22,TikTok Ads,Video_Awareness_Amplo,1485,885,955,452,78,2985,107700
2023-12-23,Google Ads,Performance_Search,237,143,164,56,17,472,16960
2023-12-23,Google Ads,Performance_Shopping,302,178,186,104,12,612,22160
2023-12-23,Google Ads,Remarketing_Display,83,33,49,29,5,208,8160
2023-12-23,Google Ads,Lead_Generation,216,129,146,62,8,433,15630
2023-12-23,Google Ads,Display_Generico,487,292,328,137,22,974,35090
2023-12-23,Google Ads,Video_Awareness_Amplo,287,171,184,87,16,577,20820
2023-12-23,Meta Ads,Performance_Search,508,300,311,180,17,1028,37200
2023-12-23,Meta Ads,Performance_Shopping,298,179,200,86,12,595,21430
2023-12-23,Meta Ads,Remarketing_Display,184,75,115,57,12,456,17850
2023-12-23,Meta Ads,Lead_Generation,343,203,216,107,20,693,25060
2023-12-23,Meta Ads,Display_Generico,628,374,402,193,33,1263,45580
2023-12-23,Meta Ads,Video_Awareness_Amplo,512,305,332,154,26,1029,37150
2023-12-23,TikTok Ads,Performance_Search,487,288,302,162,23,984,35610
2023-12-23,TikTok Ads,Performance_Shopping,465,275,289,141,35,940,34000
2023-12-23,TikTok Ads,Remarketing_Display,159,66,110,38,11,391,15270
2023-12-23,TikTok Ads,Lead_Generation,742,444,489,211,42,1487,53580
2023-12-23,TikTok Ads,Display_Generico,956,569,613,303,40,1923,69430
2023-12-23,TikTok Ads,Video_Awareness_Amplo,1015,607,667,301,47,2035,73340
2023-12-24,Google Ads,Performance_Search,207,123,135,63,9,417,15060
2023-12-24,Google Ads,Performance_Shopping,222,133,153,60,9,444,16010
2023-12-24,Google Ads,Remarketing_Display,89,37,59,25,5,219,8540
2023-12-24,Google Ads,Lead_Generation,186,112,127,50,9,371,13340
2023-12-24,Google Ads,Display_Generico,320,191,209,94,17,642,23170
2023-12-24,Google Ads,Video_Awareness_Amplo,468,279,306,143,19,940,33930
2023-12-24,Meta Ads,Performance_Search,222,133,152,61,9,444,16010
2023-12-24,Meta Ads,Performance_Shopping,275,164,182,76,17,552,19930
2023-12-24,Meta Ads,Remarketing_Display,176,74,129,43,4,431,16780
2023-12-24,Meta Ads,Lead_Generation,214,128,146,56,12,429,15460
2023-12-24,Meta Ads,Display_Generico,604,363,407,157,40,1206,43410
2023-12-24,Meta Ads,Video_Awareness_Amplo,729,435,472,229,28,1464,52800
2023-12-24,TikTok Ads,Performance_Search,714,425,455,218,41,1436,51850
2023-12-24,TikTok Ads,Performance_Shopping,630,373,391,202,37,1272,46010
2023-12-24,TikTok Ads,Remarketing_Display,267,110,172,83,12,659,25750
2023-12-24,TikTok Ads,Lead_Generation,671,402,444,191,36,1343,48390
2023-12-24,TikTok Ads,Display_Generico,837,499,540,267,30,1682,60680
2023-12-24,TikTok Ads,Video_Awareness_Amplo,692,410,430,220,42,1397,50500
2023-12-25,Google Ads,Performance_Search,514,304,319,171,24,1039,37580
2023-12-25,Google Ads,Performance_Shopping,456,271,289,134,33,918,33170
2023-12-25,Google Ads,Remarketing_Display,104,42,63,38,3,259,10140
2023-12-25,Google Ads,Lead_Generation,507,303,332,145,30,1017,36660
2023-12-25,Google Ads,Display_Generico,560,336,377,163,20,1120,40320
2023-12-25,Google Ads,Video_Awareness_Amplo,751,450,500,212,39,1503,54150
2023-12-25,Meta Ads,Performance_Search,648,383,397,213,38,1310,47410
2023-12-25,Meta Ads,Performance_Shopping,549,329,369,151,29,1099,39580
2023-12-25,Meta Ads,Remarketing_Display,229,94,145,70,14,566,22130
2023-12-25,Meta Ads,Lead_Generation,462,277,307,130,25,924,33290
2023-12-25,Meta Ads,Display_Generico,1057,633,699,296,62,2117,76260
2023-12-25,Meta Ads,Video_Awareness_Amplo,699,417,456,206,37,1404,50640
2023-12-25,TikTok Ads,Performance_Search,837,498,531,260,46,1684,60810
2023-12-25,TikTok Ads,Performance_Shopping,709,425,471,208,30,1419,51100
2023-12-25,TikTok Ads,Remarketing_Display,479,197,295,153,31,1184,46240
2023-12-25,TikTok Ads,Lead_Generation,1004,601,663,296,45,2011,72470
2023-12-25,TikTok Ads,Display_Generico,1501,899,990,445,66,3006,108280
2023-12-25,TikTok Ads,Video_Awareness_Amplo,1295,772,834,408,53,2602,93890
2023-12-26,Google Ads,Performance_Search,520,314,361,131,28,1035,37180
2023-12-26,Google Ads,Performance_Shopping,378,227,257,104,17,755,27190
2023-12-26,Google Ads,Remarketing_Display,176,72,106,60,10,436,17040
2023-12-26,Google Ads,Lead_Generation,388,230,246,121,21,783,28300
2023-12-26,Google Ads,Display_Generico,565,334,347,190,28,1142,41330
2023-12-26,Google Ads,Video_Awareness_Amplo,585,347,366,186,33,1180,42640
2023-12-26,Meta Ads,Performance_Search,711,424,457,221,33,1428,51530
2023-12-26,Meta Ads,Performance_Shopping,683,407,442,203,38,1373,49540
2023-12-26,Meta Ads,Remarketing_Display,235,97,152,74,9,580,22640
2023-12-26,Meta Ads,Lead_Generation,485,290,323,137,25,972,35050
2023-12-26,Meta Ads,Display_Generico,652,389,423,192,37,1309,47230
2023-12-26,Meta Ads,Video_Awareness_Amplo,848,506,551,257,40,1703,61420
2023-12-26,TikTok Ads,Performance_Search,635,377,402,199,34,1280,46240
2023-12-26,TikTok Ads,Performance_Shopping,682,406,436,215,31,1372,49520
2023-12-26,TikTok Ads,Remarketing_Display,396,164,255,124,17,976,38080
2023-12-26,TikTok Ads,Lead_Generation,814,485,525,243,46,1636,59050
2023-12-26,TikTok Ads,Display_Generico,1013,602,640,314,59,2040,73690
2023-12-26,TikTok Ads,Video_Awareness_Amplo,1314,787,867,380,67,2631,94790
2023-12-27,Google Ads,Performance_Search,307,184,204,91,12,614,22130
2023-12-27,Google Ads,Performance_Shopping,474,283,310,148,16,951,34310
2023-12-27,Google Ads,Remarketing_Display,150,61,92,48,10,372,14570
2023-12-27,Google Ads,Lead_Generation,239,142,152,78,9,481,17390
2023-12-27,Google Ads,Display_Generico,484,284,286,170,28,984,35680
2023-12-27,Google Ads,Video_Awareness_Amplo,600,359,396,177,27,1202,43330
2023-12-27,Meta Ads,Performance_Search,601,362,412,160,29,1198,43090
2023-12-27,Meta Ads,Performance_Shopping,334,200,221,96,17,669,24100
2023-12-27,Meta Ads,Remarketing_Display,180,74,113,61,6,445,17380
2023-12-27,Meta Ads,Lead_Generation,452,266,273,151,28,917,33220
2023-12-27,Meta Ads,Display_Generico,1003,597,642,316,45,2018,72840
2023-12-27,Meta Ads,Video_Awareness_Amplo,609,360,373,206,30,1231,44550
2023-12-27,TikTok Ads,Performance_Search,663,396,430,187,46,1330,47970
2023-12-27,TikTok Ads,Performance_Shopping,662,396,435,197,30,1327,47820
2023-12-27,TikTok Ads,Remarketing_Display,309,127,190,105,14,764,29840
2023-12-27,TikTok Ads,Lead_Generation,789,472,521,224,44,1581,56990
2023-12-27,TikTok Ads,Display_Generico,1524,909,985,469,70,3061,110430
2023-12-27,TikTok Ads,Video_Awareness_Amplo,1830,1092,1180,566,84,3675,132540
2023-12-28,Google Ads,Performance_Search,314,188,207,88,19,629,22660
2023-12-28,Google Ads,Performance_Shopping,504,301,329,153,22,1011,36470
2023-12-28,Google Ads,Remarketing_Display,118,49,80,30,8,290,11330
2023-12-28,Google Ads,Lead_Generation,330,197,214,92,24,662,23890
2023-12-28,Google Ads,Display_Generico,460,274,295,140,25,925,33380
2023-12-28,Google Ads,Video_Awareness_Amplo,466,278,306,133,27,936,33760
2023-12-28,Meta Ads,Performance_Search,488,288,298,155,35,988,35760
2023-12-28,Meta Ads,Performance_Shopping,590,352,380,179,31,1185,42740
2023-12-28,Meta Ads,Remarketing_Display,191,80,135,51,5,468,18250
2023-12-28,Meta Ads,Lead_Generation,424,254,282,125,17,849,30580
2023-12-28,Meta Ads,Display_Generico,977,583,636,299,42,1962,70760
2023-12-28,Meta Ads,Video_Awareness_Amplo,797,474,508,247,42,1604,57930
2023-12-28,TikTok Ads,Performance_Search,739,442,487,221,31,1481,53390
2023-12-28,TikTok Ads,Performance_Shopping,679,407,455,181,43,1359,48940
2023-12-28,TikTok Ads,Remarketing_Display,288,119,190,80,18,710,27730
2023-12-28,TikTok Ads,Lead_Generation,895,535,584,271,40,1795,64700
2023-12-28,TikTok Ads,Display_Generico,932,554,589,287,56,1877,67780
2023-12-28,TikTok Ads,Video_Awareness_Amplo,1196,715,780,354,62,2398,86450
2023-12-29,Google Ads,Performance_Search,485,286,296,164,25,982,35570
2023-12-29,Google Ads,Performance_Shopping,363,218,248,99,16,725,26110
2023-12-29,Google Ads,Remarketing_Display,114,46,69,38,7,284,11120
2023-12-29,Google Ads,Lead_Generation,490,293,323,151,16,982,35410
2023-12-29,Google Ads,Display_Generico,653,391,430,198,25,1308,47120
2023-12-29,Google Ads,Video_Awareness_Amplo,756,448,472,250,34,1526,55160
2023-12-29,Meta Ads,Performance_Search,709,422,453,208,48,1426,51490
2023-12-29,Meta Ads,Performance_Shopping,507,304,342,135,30,1014,36530
2023-12-29,Meta Ads,Remarketing_Display,214,87,130,72,12,531,20790
2023-12-29,Meta Ads,Lead_Generation,437,260,282,132,23,879,31750
2023-12-29,Meta Ads,Display_Generico,991,591,641,292,58,1991,71820
2023-12-29,Meta Ads,Video_Awareness_Amplo,924,550,592,270,62,1859,67100
2023-12-29,TikTok Ads,Performance_Search,692,412,442,210,40,1392,50240
2023-12-29,TikTok Ads,Performance_Shopping,545,325,350,171,24,1095,39500
2023-12-29,TikTok Ads,Remarketing_Display,367,152,243,108,16,904,35290
2023-12-29,TikTok Ads,Lead_Generation,598,359,405,169,24,1195,43030
2023-12-29,TikTok Ads,Display_Generico,1297,774,840,378,79,2604,93930
2023-12-29,TikTok Ads,Video_Awareness_Amplo,1557,930,1010,475,72,3124,112650
2023-12-30,Google Ads,Performance_Search,261,156,172,79,10,523,18870
2023-12-30,Google Ads,Performance_Shopping,232,139,156,67,9,464,16730
2023-12-30,Google Ads,Remarketing_Display,94,38,56,30,8,234,9160
2023-12-30,Google Ads,Lead_Generation,203,122,139,55,9,405,14590
2023-12-30,Google Ads,Display_Generico,347,208,235,97,15,694,25010
2023-12-30,Google Ads,Video_Awareness_Amplo,531,318,353,156,22,1063,38310
2023-12-30,Meta Ads,Performance_Search,360,214,229,116,15,725,26180
2023-12-30,Meta Ads,Performance_Shopping,287,171,189,83,15,577,20820
2023-12-30,Meta Ads,Remarketing_Display,142,59,97,42,3,349,13630
2023-12-30,Meta Ads,Lead_Generation,238,141,153,74,11,480,17370
2023-12-30,Meta Ads,Display_Generico,697,419,471,199,27,1392,50080
2023-12-30,Meta Ads,Video_Awareness_Amplo,618,369,402,191,25,1240,44730
2023-12-30,TikTok Ads,Performance_Search,663,396,435,192,36,1330,47970
2023-12-30,TikTok Ads,Performance_Shopping,664,395,425,195,44,1336,48250
2023-12-30,TikTok Ads,Remarketing_Display,251,105,176,62,13,616,24000
2023-12-30,TikTok Ads,Lead_Generation,529,317,351,152,26,1059,38140
2023-12-30,TikTok Ads,Display_Generico,698,416,449,219,30,1403,50620
2023-12-30,TikTok Ads,Video_Awareness_Amplo,933,558,613,265,55,1870,67410
2023-12-31,Google Ads,Performance_Search,177,104,109,59,9,359,13030
2023-12-31,Google Ads,Performance_Shopping,226,135,150,69,7,453,16350
2023-12-31,Google Ads,Remarketing_Display,96,39,57,33,6,238,9330
2023-12-31,Google Ads,Lead_Generation,298,178,197,85,16,598,21560
2023-12-31,Google Ads,Display_Generico,391,229,228,140,23,796,28880
2023-12-31,Google Ads,Video_Awareness_Amplo,500,299,328,147,25,1002,36130
2023-12-31,Meta Ads,Performance_Search,381,225,231,126,24,771,27900
2023-12-31,Meta Ads,Performance_Shopping,176,105,117,54,5,353,12750
2023-12-31,Meta Ads,Remarketing_Display,124,51,83,34,7,306,11970
2023-12-31,Meta Ads,Lead_Generation,234,139,153,72,9,471,17030
2023-12-31,Meta Ads,Display_Generico,413,246,266,127,20,830,29970
2023-12-31,Meta Ads,Video_Awareness_Amplo,672,403,448,191,33,1344,48410
2023-12-31,TikTok Ads,Performance_Search,802,477,507,250,45,1614,58290
2023-12-31,TikTok Ads,Performance_Shopping,581,349,391,161,29,1161,41780
2023-12-31,TikTok Ads,Remarketing_Display,232,96,149,70,13,572,22320
2023-12-31,TikTok Ads,Lead_Generation,350,208,220,112,18,705,25460
2023-12-31,TikTok Ads,Display_Generico,807,483,532,238,37,1617,58260
2023-12-31,TikTok Ads,Video_Awareness_Amplo,828,493,528,257,43,1665,60110
2024-01-01,Google Ads,Performance_Search,369,222,256,97,16,736,26490
2024-01-01,Google Ads,Performance_Shopping,216,129,144,64,8,433,15630
2024-01-01,Google Ads,Remarketing_Display,90,36,54,28,8,225,8820
2024-01-01,Google Ads,Lead_Generation,320,190,202,98,20,645,23300
2024-01-01,Google Ads,Display_Generico,516,307,328,154,34,1038,37490
2024-01-01,Google Ads,Video_Awareness_Amplo,397,238,264,118,15,794,28610
2024-01-01,Meta Ads,Performance_Search,302,178,183,103,16,612,22160
2024-01-01,Meta Ads,Performance_Shopping,317,187,195,100,22,642,23240
2024-01-01,Meta Ads,Remarketing_Display,241,99,149,79,13,596,23280
2024-01-01,Meta Ads,Lead_Generation,445,264,283,140,22,897,32430
2024-01-01,Meta Ads,Display_Generico,486,291,320,140,26,973,35070
2024-01-01,Meta Ads,Video_Awareness_Amplo,827,496,551,248,28,1654,59570
2024-01-01,TikTok Ads,Performance_Search,489,292,322,146,21,981,35390
2024-01-01,TikTok Ads,Performance_Shopping,506,303,335,150,21,1013,36510
2024-01-01,TikTok Ads,Remarketing_Display,319,132,210,94,15,786,30690
2024-01-01,TikTok Ads,Lead_Generation,478,286,316,141,21,958,34520
2024-01-01,TikTok Ads,Display_Generico,912,544,590,279,43,1832,66080
2024-01-01,TikTok Ads,Video_Awareness_Amplo,1316,784,844,417,55,2646,95480
2024-01-02,Google Ads,Performance_Search,251,150,167,68,16,503,18150
2024-01-02,Google Ads,Performance_Shopping,216,127,132,66,18,438,15890
2024-01-02,Google Ads,Remarketing_Display,116,47,67,39,10,288,11290
2024-01-02,Google Ads,Lead_Generation,218,129,136,73,9,440,15930
2024-01-02,Google Ads,Display_Generico,390,231,246,118,26,787,28470
2024-01-02,Google Ads,Video_Awareness_Amplo,493,294,319,147,27,990,35730
2024-01-02,Meta Ads,Performance_Search,441,262,280,134,27,888,32090
2024-01-02,Meta Ads,Performance_Shopping,286,172,196,79,11,571,20540
2024-01-02,Meta Ads,Remarketing_Display,143,59,92,43,8,353,13780
2024-01-02,Meta Ads,Lead_Generation,567,339,373,171,23,1137,40980
2024-01-02,Meta Ads,Display_Generico,574,342,371,171,32,1154,41640
2024-01-02,Meta Ads,Video_Awareness_Amplo,576,344,376,177,23,1156,41680
2024-01-02,TikTok Ads,Performance_Search,545,323,338,175,32,1100,39760
2024-01-02,TikTok Ads,Performance_Shopping,576,339,344,206,26,1168,42330
2024-01-02,TikTok Ads,Remarketing_Display,261,109,177,71,13,641,24980
2024-01-02,TikTok Ads,Lead_Generation,863,515,563,261,39,1733,62500
2024-01-02,TikTok Ads,Display_Generico,714,428,479,205,30,1429,51460
2024-01-02,TikTok Ads,Video_Awareness_Amplo,902,539,593,260,49,1809,65230
2024-01-03,Google Ads,Performance_Search,370,222,249,103,18,740,26640
2024-01-03,Google Ads,Performance_Shopping,195,115,117,67,11,395,14300
2024-01-03,Google Ads,Remarketing_Display,109,45,71,32,6,269,10500
2024-01-03,Google Ads,Lead_Generation,356,211,222,109,25,718,25970
2024-01-03,Google Ads,Display_Generico,637,380,411,189,37,1279,46150
2024-01-03,Google Ads,Video_Awareness_Amplo,539,321,345,166,28,1084,39120
2024-01-03,Meta Ads,Performance_Search,231,138,154,70,7,463,16710
2024-01-03,Meta Ads,Performance_Shopping,598,358,396,165,37,1198,43160
2024-01-03,Meta Ads,Remarketing_Display,121,50,83,33,5,298,11650
2024-01-03,Meta Ads,Lead_Generation,431,256,275,140,16,868,31370
2024-01-03,Meta Ads,Display_Generico,577,342,360,188,29,1164,42090
2024-01-03,Meta Ads,Video_Awareness_Amplo,578,345,376,171,31,1160,41850
2024-01-03,TikTok Ads,Performance_Search,487,292,324,145,18,974,35090
2024-01-03,TikTok Ads,Performance_Shopping,602,360,396,177,29,1207,43500
2024-01-03,TikTok Ads,Remarketing_Display,330,135,202,111,17,817,31950
2024-01-03,TikTok Ads,Lead_Generation,634,382,436,165,33,1264,45440
2024-01-03,TikTok Ads,Display_Generico,927,555,616,253,58,1857,66900
2024-01-03,TikTok Ads,Video_Awareness_Amplo,702,416,435,225,42,1417,51220
2024-01-04,Google Ads,Performance_Search,282,167,177,96,9,569,20590
2024-01-04,Google Ads,Performance_Shopping,246,149,179,54,13,488,17530
2024-01-04,Google Ads,Remarketing_Display,167,70,120,40,7,409,15950
2024-01-04,Google Ads,Lead_Generation,239,143,163,69,7,479,17260
2024-01-04,Google Ads,Display_Generico,404,243,274,112,18,806,29010
2024-01-04,Google Ads,Video_Awareness_Amplo,450,268,289,151,10,905,32660
2024-01-04,Meta Ads,Performance_Search,234,139,150,66,18,471,17030
2024-01-04,Meta Ads,Performance_Shopping,260,155,171,76,13,522,18850
2024-01-04,Meta Ads,Remarketing_Display,122,51,84,33,5,299,11670
2024-01-04,Meta Ads,Lead_Generation,427,254,275,132,20,859,31030
2024-01-04,Meta Ads,Display_Generico,519,312,350,151,18,1036,37290
2024-01-04,Meta Ads,Video_Awareness_Amplo,725,434,479,213,33,1452,52330
2024-01-04,TikTok Ads,Performance_Search,603,360,394,178,31,1210,43650
2024-01-04,TikTok Ads,Performance_Shopping,775,464,511,227,37,1552,55930
2024-01-04,TikTok Ads,Remarketing_Display,188,78,130,51,7,463,18060
2024-01-04,TikTok Ads,Lead_Generation,759,453,494,230,35,1524,54960
2024-01-04,TikTok Ads,Display_Generico,823,493,545,244,34,1648,59360
2024-01-04,TikTok Ads,Video_Awareness_Amplo,918,551,619,249,50,1835,66070
2024-01-05,Google Ads,Performance_Search,274,164,186,75,13,549,19780
2024-01-05,Google Ads,Performance_Shopping,361,217,249,90,22,721,25940
2024-01-05,Google Ads,Remarketing_Display,158,65,105,42,11,390,15250
2024-01-05,Google Ads,Lead_Generation,363,216,236,117,10,730,26370
2024-01-05,Google Ads,Display_Generico,576,345,386,166,24,1153,41550
2024-01-05,Google Ads,Video_Awareness_Amplo,587,348,366,189,32,1184,42810
2024-01-05,Meta Ads,Performance_Search,453,271,297,134,22,908,32720
2024-01-05,Meta Ads,Performance_Shopping,394,233,245,131,18,796,28810
2024-01-05,Meta Ads,Remarketing_Display,212,87,136,61,15,524,20490
2024-01-05,Meta Ads,Lead_Generation,566,335,352,184,30,1143,41350
2024-01-05,Meta Ads,Display_Generico,550,329,363,160,27,1102,39730
2024-01-05,Meta Ads,Video_Awareness_Amplo,653,385,396,223,34,1323,47900
2024-01-05,TikTok Ads,Performance_Search,785,470,519,218,48,1572,56650
2024-01-05,TikTok Ads,Performance_Shopping,818,492,554,219,45,1633,58740
2024-01-05,TikTok Ads,Remarketing_Display,250,102,152,82,16,620,24240
2024-01-05,TikTok Ads,Lead_Generation,373,224,250,108,15,745,26830
2024-01-05,TikTok Ads,Display_Generico,1047,627,691,314,42,2097,75540
2024-01-05,TikTok Ads,Video_Awareness_Amplo,1146,683,738,355,53,2303,83110
2024-01-06,Google Ads,Performance_Search,185,110,119,58,8,372,13450
2024-01-06,Google Ads,Performance_Shopping,125,73,76,41,8,255,9260
2024-01-06,Google Ads,Remarketing_Display,62,25,36,24,2,154,6050
2024-01-06,Google Ads,Lead_Generation,125,74,78,43,4,252,9130
2024-01-06,Google Ads,Display_Generico,325,194,212,98,15,652,23530
2024-01-06,Google Ads,Video_Awareness_Amplo,396,235,251,131,14,798,28850
2024-01-06,Meta Ads,Performance_Search,225,135,154,57,14,450,16200
2024-01-06,Meta Ads,Performance_Shopping,279,166,183,78,18,561,20270
2024-01-06,Meta Ads,Remarketing_Display,129,53,86,37,6,319,12460
2024-01-06,Meta Ads,Lead_Generation,331,199,229,85,17,661,23780
2024-01-06,Meta Ads,Display_Generico,306,183,202,86,18,613,22110
2024-01-06,Meta Ads,Video_Awareness_Amplo,456,273,303,134,19,913,32910
2024-01-06,TikTok Ads,Performance_Search,351,209,226,107,18,706,25480
2024-01-06,TikTok Ads,Performance_Shopping,525,313,338,155,32,1055,38060
2024-01-06,TikTok Ads,Remarketing_Display,130,53,84,40,6,322,12610
2024-01-06,TikTok Ads,Lead_Generation,315,186,193,108,14,637,23070
2024-01-06,TikTok Ads,Display_Generico,430,259,295,121,14,857,30830
2024-01-06,TikTok Ads,Video_Awareness_Amplo,569,340,376,162,31,1141,41150
2024-01-07,Google Ads,Performance_Search,174,104,115,49,10,349,12580
2024-01-07,Google Ads,Performance_Shopping,121,73,85,29,7,241,8660
2024-01-07,Google Ads,Remarketing_Display,90,38,65,22,3,220,8560
2024-01-07,Google Ads,Lead_Generation,229,136,147,73,9,461,16670
2024-01-07,Google Ads,Display_Generico,277,165,183,88,6,557,20100
2024-01-07,Google Ads,Video_Awareness_Amplo,301,179,194,95,12,606,21880
2024-01-07,Meta Ads,Performance_Search,348,208,230,97,21,698,25160
2024-01-07,Meta Ads,Performance_Shopping,325,193,208,107,10,655,23660
2024-01-07,Meta Ads,Remarketing_Display,97,40,64,27,6,239,9350
2024-01-07,Meta Ads,Lead_Generation,221,134,162,48,11,438,15730
2024-01-07,Meta Ads,Display_Generico,381,226,242,112,27,768,27770
2024-01-07,Meta Ads,Video_Awareness_Amplo,421,252,278,125,18,843,30390
2024-01-07,TikTok Ads,Performance_Search,398,237,258,120,20,800,28890
2024-01-07,TikTok Ads,Performance_Shopping,352,209,222,107,23,709,25630
2024-01-07,TikTok Ads,Remarketing_Display,167,69,108,53,6,412,16080
2024-01-07,TikTok Ads,Lead_Generation,486,287,298,160,28,983,35590
2024-01-07,TikTok Ads,Display_Generico,601,359,390,176,35,1206,43480
2024-01-07,TikTok Ads,Video_Awareness_Amplo,630,376,407,182,41,1265,45620
2024-01-08,Google Ads,Performance_Search,312,184,190,102,20,632,22880
2024-01-08,Google Ads,Performance_Shopping,208,123,130,66,12,420,15210
2024-01-08,Google Ads,Remarketing_Display,85,35,57,25,3,210,8200
2024-01-08,Google Ads,Lead_Generation,299,178,195,88,16,601,21710
2024-01-08,Google Ads,Display_Generico,507,303,336,143,28,1017,36660
2024-01-08,Google Ads,Video_Awareness_Amplo,515,307,333,151,31,1035,37340
2024-01-08,Meta Ads,Performance_Search,225,135,151,61,13,450,16200
2024-01-08,Meta Ads,Performance_Shopping,527,314,339,168,20,1059,38230
2024-01-08,Meta Ads,Remarketing_Display,207,86,144,53,10,509,19870
2024-01-08,Meta Ads,Lead_Generation,329,196,212,106,11,661,23870
2024-01-08,Meta Ads,Display_Generico,850,506,545,263,42,1710,61720
2024-01-08,Meta Ads,Video_Awareness_Amplo,897,535,583,272,42,1802,65000
2024-01-08,TikTok Ads,Performance_Search,508,302,322,155,31,1023,36940
2024-01-08,TikTok Ads,Performance_Shopping,397,236,251,124,22,799,28870
2024-01-08,TikTok Ads,Remarketing_Display,223,93,153,59,11,548,21360
2024-01-08,TikTok Ads,Lead_Generation,727,431,456,237,34,1467,53020
2024-01-08,TikTok Ads,Display_Generico,868,517,556,266,46,1745,62990
2024-01-08,TikTok Ads,Video_Awareness_Amplo,863,513,549,272,42,1738,62760
2024-01-09,Google Ads,Performance_Search,333,198,210,106,17,670,24210
2024-01-09,Google Ads,Performance_Shopping,325,194,210,101,14,652,23530
2024-01-09,Google Ads,Remarketing_Display,133,55,92,37,4,328,12800
2024-01-09,Google Ads,Lead_Generation,280,168,193,77,10,560,20160
2024-01-09,Google Ads,Display_Generico,466,279,308,132,26,933,33630
2024-01-09,Google Ads,Video_Awareness_Amplo,500,299,327,151,22,1002,36130
2024-01-09,Meta Ads,Performance_Search,282,170,196,74,12,562,20200
2024-01-09,Meta Ads,Performance_Shopping,434,258,277,134,23,874,31560
2024-01-09,Meta Ads,Remarketing_Display,181,75,121,53,7,446,17400
2024-01-09,Meta Ads,Lead_Generation,339,202,217,99,23,681,24590
2024-01-09,Meta Ads,Display_Generico,442,263,286,127,29,889,32110
2024-01-09,Meta Ads,Video_Awareness_Amplo,763,456,499,220,44,1530,55170
2024-01-09,TikTok Ads,Performance_Search,464,274,282,156,26,939,33980
2024-01-09,TikTok Ads,Performance_Shopping,726,435,480,213,33,1453,52350
2024-01-09,TikTok Ads,Remarketing_Display,252,104,162,77,13,622,24280
2024-01-09,TikTok Ads,Lead_Generation,655,390,421,197,37,1317,47550
2024-01-09,TikTok Ads,Display_Generico,1220,722,753,400,67,2465,89140
2024-01-09,TikTok Ads,Video_Awareness_Amplo,1021,605,636,337,48,2061,74500
2024-01-10,Google Ads,Performance_Search,211,126,143,63,5,423,15270
2024-01-10,Google Ads,Performance_Shopping,334,199,216,98,20,671,24230
2024-01-10,Google Ads,Remarketing_Display,127,52,83,41,3,314,12290
2024-01-10,Google Ads,Lead_Generation,220,131,141,67,12,442,15970
2024-01-10,Google Ads,Display_Generico,409,244,267,124,18,821,29630
2024-01-10,Google Ads,Video_Awareness_Amplo,366,216,226,122,18,741,26820
2024-01-10,Meta Ads,Performance_Search,425,254,278,126,21,852,30730
2024-01-10,Meta Ads,Performance_Shopping,361,217,244,105,12,721,25940
2024-01-10,Meta Ads,Remarketing_Display,205,84,126,69,10,507,19830
2024-01-10,Meta Ads,Lead_Generation,357,211,222,121,14,722,26120
2024-01-10,Meta Ads,Display_Generico,533,317,343,158,32,1073,38740
2024-01-10,Meta Ads,Video_Awareness_Amplo,628,375,413,176,39,1260,45450
2024-01-10,TikTok Ads,Performance_Search,597,358,397,172,28,1194,43010
2024-01-10,TikTok Ads,Performance_Shopping,342,204,221,98,23,687,24780
2024-01-10,TikTok Ads,Remarketing_Display,175,73,118,51,6,430,16760
2024-01-10,TikTok Ads,Lead_Generation,625,375,422,174,29,1250,45000
2024-01-10,TikTok Ads,Display_Generico,1132,679,758,324,50,2264,81530
2024-01-10,TikTok Ads,Video_Awareness_Amplo,899,538,594,272,33,1801,64910
2024-01-11,Google Ads,Performance_Search,384,230,259,113,12,769,27700
2024-01-11,Google Ads,Performance_Shopping,316,188,201,102,13,636,22960
2024-01-11,Google Ads,Remarketing_Display,154,63,99,48,7,381,14910
2024-01-11,Google Ads,Lead_Generation,261,155,166,83,12,526,19000
2024-01-11,Google Ads,Display_Generico,463,278,310,127,26,925,33310
2024-01-11,Google Ads,Video_Awareness_Amplo,438,259,272,144,22,885,32030
2024-01-11,Meta Ads,Performance_Search,205,122,131,65,9,412,14890
2024-01-11,Meta Ads,Performance_Shopping,517,310,346,152,19,1034,37250
2024-01-11,Meta Ads,Remarketing_Display,147,60,93,42,12,364,14250
2024-01-11,Meta Ads,Lead_Generation,393,237,271,106,16,783,28140
2024-01-11,Meta Ads,Display_Generico,569,340,373,167,29,1141,41150
2024-01-11,Meta Ads,Video_Awareness_Amplo,685,409,446,199,40,1375,49580
2024-01-11,TikTok Ads,Performance_Search,685,408,443,216,26,1377,49710
2024-01-11,TikTok Ads,Performance_Shopping,564,338,377,164,23,1129,40660
2024-01-11,TikTok Ads,Remarketing_Display,191,79,131,53,7,471,18380
2024-01-11,TikTok Ads,Lead_Generation,563,336,364,170,29,1130,40770
2024-01-11,TikTok Ads,Display_Generico,885,533,604,240,41,1765,63460
2024-01-11,TikTok Ads,Video_Awareness_Amplo,1112,663,714,331,67,2234,80610
2024-01-12,Google Ads,Performance_Search,258,153,163,80,15,520,18810
2024-01-12,Google Ads,Performance_Shopping,334,200,224,97,13,669,24100
2024-01-12,Google Ads,Remarketing_Display,143,59,97,39,7,353,13780
2024-01-12,Google Ads,Lead_Generation,184,108,113,65,6,374,13560
2024-01-12,Google Ads,Display_Generico,345,206,226,102,17,692,24970
2024-01-12,Google Ads,Video_Awareness_Amplo,504,299,316,163,25,1016,36730
2024-01-12,Meta Ads,Performance_Search,367,219,239,113,15,737,26580
2024-01-12,Meta Ads,Performance_Shopping,245,144,149,80,16,497,18030
2024-01-12,Meta Ads,Remarketing_Display,176,73,114,51,11,433,16910
2024-01-12,Meta Ads,Lead_Generation,489,293,326,142,21,979,35260
2024-01-12,Meta Ads,Display_Generico,790,470,502,236,52,1590,57400
2024-01-12,Meta Ads,Video_Awareness_Amplo,709,422,451,227,31,1426,51490
2024-01-12,TikTok Ads,Performance_Search,572,344,387,154,31,1142,41080
2024-01-12,TikTok Ads,Performance_Shopping,437,261,288,126,23,877,31620
2024-01-12,TikTok Ads,Remarketing_Display,319,132,208,94,17,786,30690
2024-01-12,TikTok Ads,Lead_Generation,825,494,544,231,50,1652,59530
2024-01-12,TikTok Ads,Display_Generico,1067,638,698,320,49,2139,77110
2024-01-12,TikTok Ads,Video_Awareness_Amplo,1028,613,663,320,45,2065,74510
2024-01-13,Google Ads,Performance_Search,173,103,112,51,10,348,12560
2024-01-13,Google Ads,Performance_Shopping,224,136,164,54,6,444,15920
2024-01-13,Google Ads,Remarketing_Display,56,23,35,17,4,138,5410
2024-01-13,Google Ads,Lead_Generation,177,105,113,59,5,357,12900
2024-01-13,Google Ads,Display_Generico,255,150,155,85,15,517,18750
2024-01-13,Google Ads,Video_Awareness_Amplo,338,200,210,111,17,683,24700
2024-01-13,Meta Ads,Performance_Search,237,140,149,79,9,479,17350
2024-01-13,Meta Ads,Performance_Shopping,174,104,119,51,4,349,12580
2024-01-13,Meta Ads,Remarketing_Display,147,61,100,46,1,362,14120
2024-01-13,Meta Ads,Lead_Generation,357,213,236,105,16,717,25860
2024-01-13,Meta Ads,Display_Generico,299,178,196,88,15,601,21710
2024-01-13,Meta Ads,Video_Awareness_Amplo,361,216,239,106,16,723,26070
2024-01-13,TikTok Ads,Performance_Search,572,339,359,176,37,1154,41730
2024-01-13,TikTok Ads,Performance_Shopping,519,308,329,154,36,1046,37810
2024-01-13,TikTok Ads,Remarketing_Display,171,70,110,53,8,423,16550
2024-01-13,TikTok Ads,Lead_Generation,222,131,139,70,13,449,16270
2024-01-13,TikTok Ads,Display_Generico,632,375,397,202,33,1274,46050
2024-01-13,TikTok Ads,Video_Awareness_Amplo,564,335,354,181,29,1136,41050
2024-01-14,Google Ads,Performance_Search,200,118,126,66,8,405,14660
2024-01-14,Google Ads,Performance_Shopping,137,82,91,40,6,274,9890
2024-01-14,Google Ads,Remarketing_Display,62,26,44,16,2,152,5920
2024-01-14,Google Ads,Lead_Generation,214,127,138,67,9,431,15590
2024-01-14,Google Ads,Display_Generico,226,135,148,70,8,453,16350
2024-01-14,Google Ads,Video_Awareness_Amplo,390,232,249,122,19,785,28340
2024-01-14,Meta Ads,Performance_Search,133,79,85,41,7,268,9680
2024-01-14,Meta Ads,Performance_Shopping,165,98,107,48,10,332,12010
2024-01-14,Meta Ads,Remarketing_Display,98,40,63,26,9,243,9500
2024-01-14,Meta Ads,Lead_Generation,171,103,119,41,11,341,12260
2024-01-14,Meta Ads,Display_Generico,366,219,245,99,22,733,26430
2024-01-14,Meta Ads,Video_Awareness_Amplo,425,254,278,122,25,852,30730
2024-01-14,TikTok Ads,Performance_Search,360,217,249,103,8,717,25790
2024-01-14,TikTok Ads,Performance_Shopping,342,202,213,111,18,692,25040
2024-01-14,TikTok Ads,Remarketing_Display,248,102,158,73,17,613,23940
2024-01-14,TikTok Ads,Lead_Generation,324,193,211,95,18,651,23510
2024-01-14,TikTok Ads,Display_Generico,755,452,499,228,28,1512,54490
2024-01-14,TikTok Ads,Video_Awareness_Amplo,402,240,265,116,21,807,29100
2024-01-15,Google Ads,Performance_Search,396,234,243,137,16,801,28980
2024-01-15,Google Ads,Performance_Shopping,374,223,245,110,19,751,27110
2024-01-15,Google Ads,Remarketing_Display,122,50,82,38,2,302,11800
2024-01-15,Google Ads,Lead_Generation,173,103,116,50,7,348,12560
2024-01-15,Google Ads,Display_Generico,523,310,328,169,26,1055,38150
2024-01-15,Google Ads,Video_Awareness_Amplo,551,327,347,174,30,1111,40140
2024-01-15,Meta Ads,Performance_Search,291,174,192,84,15,583,21030
2024-01-15,Meta Ads,Performance_Shopping,530,319,365,142,23,1057,38030
2024-01-15,Meta Ads,Remarketing_Display,169,69,108,57,4,419,16380
2024-01-15,Meta Ads,Lead_Generation,447,267,294,134,19,897,32340
2024-01-15,Meta Ads,Display_Generico,442,262,275,139,28,892,32240
2024-01-15,Meta Ads,Video_Awareness_Amplo,718,428,466,223,29,1443,52060
2024-01-15,TikTok Ads,Performance_Search,764,457,502,224,38,1531,55190
2024-01-15,TikTok Ads,Performance_Shopping,614,369,417,164,33,1226,44130
2024-01-15,TikTok Ads,Remarketing_Display,264,110,180,77,7,649,25300
2024-01-15,TikTok Ads,Lead_Generation,441,264,295,127,19,883,31830
2024-01-15,TikTok Ads,Display_Generico,1038,622,692,293,53,2078,74840
2024-01-15,TikTok Ads,Video_Awareness_Amplo,1182,707,779,342,61,2369,85390
2024-01-16,Google Ads,Performance_Search,268,161,180,70,18,535,19270
2024-01-16,Google Ads,Performance_Shopping,371,221,243,105,23,746,26920
2024-01-16,Google Ads,Remarketing_Display,117,48,74,35,8,289,11310
2024-01-16,Google Ads,Lead_Generation,186,111,121,58,7,373,13470
2024-01-16,Google Ads,Display_Generico,347,206,217,112,18,699,25270
2024-01-16,Google Ads,Video_Awareness_Amplo,543,322,338,179,26,1095,39590
2024-01-16,Meta Ads,Performance_Search,562,335,360,172,30,1129,40750
2024-01-16,Meta Ads,Performance_Shopping,407,241,256,132,19,822,29720
2024-01-16,Meta Ads,Remarketing_Display,187,77,121,50,16,462,18040
2024-01-16,Meta Ads,Lead_Generation,197,116,118,68,11,399,14470
2024-01-16,Meta Ads,Display_Generico,774,461,497,234,43,1556,56170
2024-01-16,Meta Ads,Video_Awareness_Amplo,599,359,402,171,26,1199,43180
2024-01-16,TikTok Ads,Performance_Search,350,207,214,119,17,707,25590
2024-01-16,TikTok Ads,Performance_Shopping,651,388,423,202,26,1308,47210
2024-01-16,TikTok Ads,Remarketing_Display,296,124,210,74,12,726,28280
2024-01-16,TikTok Ads,Lead_Generation,409,244,267,124,18,821,29630
2024-01-16,TikTok Ads,Display_Generico,1075,645,720,313,42,2150,77400
2024-01-16,TikTok Ads,Video_Awareness_Amplo,1174,704,785,335,54,2349,84580
2024-01-17,Google Ads,Performance_Search,185,110,123,54,8,372,13450
2024-01-17,Google Ads,Performance_Shopping,351,206,208,131,12,713,25870
2024-01-17,Google Ads,Remarketing_Display,133,56,95,29,9,325,12670
2024-01-17,Google Ads,Lead_Generation,310,183,193,108,9,627,22710
2024-01-17,Google Ads,Display_Generico,355,211,225,114,16,715,25820
2024-01-17,Google Ads,Video_Awareness_Amplo,544,325,359,157,28,1091,39350
2024-01-17,Meta Ads,Performance_Search,370,220,235,106,29,745,26900
2024-01-17,Meta Ads,Performance_Shopping,354,210,225,117,12,714,25800
2024-01-17,Meta Ads,Remarketing_Display,196,81,126,61,9,483,18870
2024-01-17,Meta Ads,Lead_Generation,465,277,303,145,17,935,33740
2024-01-17,Meta Ads,Display_Generico,504,299,315,156,33,1016,36730
2024-01-17,Meta Ads,Video_Awareness_Amplo,646,385,414,208,24,1298,46850
2024-01-17,TikTok Ads,Performance_Search,422,254,291,116,15,842,30280
2024-01-17,TikTok Ads,Performance_Shopping,697,411,417,233,47,1412,51120
2024-01-17,TikTok Ads,Remarketing_Display,243,101,161,67,15,598,23320
2024-01-17,TikTok Ads,Lead_Generation,475,282,300,158,17,957,34590
2024-01-17,TikTok Ads,Display_Generico,941,561,605,291,45,1891,68220
2024-01-17,TikTok Ads,Video_Awareness_Amplo,1326,792,864,400,62,2661,95940
2024-01-18,Google Ads,Performance_Search,164,96,99,59,6,334,12120
2024-01-18,Google Ads,Performance_Shopping,265,158,170,82,13,532,19210
2024-01-18,Google Ads,Remarketing_Display,97,40,62,27,8,239,9350
2024-01-18,Google Ads,Lead_Generation,194,114,116,66,12,394,14280
2024-01-18,Google Ads,Display_Generico,407,244,274,108,25,814,29330
2024-01-18,Google Ads,Video_Awareness_Amplo,335,199,214,105,16,675,24380
2024-01-18,Meta Ads,Performance_Search,396,237,266,111,19,793,28590
2024-01-18,Meta Ads,Performance_Shopping,524,310,324,174,26,1059,38300
2024-01-18,Meta Ads,Remarketing_Display,225,93,151,69,5,555,21660
2024-01-18,Meta Ads,Lead_Generation,463,276,300,140,23,930,33570
2024-01-18,Meta Ads,Display_Generico,487,289,309,160,18,982,35480
2024-01-18,Meta Ads,Video_Awareness_Amplo,601,355,365,209,27,1216,44000
2024-01-18,TikTok Ads,Performance_Search,781,470,531,222,28,1558,56050
2024-01-18,TikTok Ads,Performance_Shopping,709,425,473,197,39,1419,51100
2024-01-18,TikTok Ads,Remarketing_Display,181,74,115,56,10,448,17530
2024-01-18,TikTok Ads,Lead_Generation,518,306,318,174,26,1048,37920
2024-01-18,TikTok Ads,Display_Generico,882,528,584,264,34,1767,63660
2024-01-18,TikTok Ads,Video_Awareness_Amplo,815,488,541,223,51,1632,58810
2024-01-19,Google Ads,Performance_Search,398,238,263,113,22,798,28760
2024-01-19,Google Ads,Performance_Shopping,365,218,239,103,23,732,26410
2024-01-19,Google Ads,Remarketing_Display,98,40,58,34,6,243,9500
2024-01-19,Google Ads,Lead_Generation,363,214,221,128,14,735,26630
2024-01-19,Google Ads,Display_Generico,404,241,260,119,25,811,29270
2024-01-19,Google Ads,Video_Awareness_Amplo,310,183,191,104,15,627,22710
2024-01-19,Meta Ads,Performance_Search,320,191,210,96,14,642,23170
2024-01-19,Meta Ads,Performance_Shopping,599,355,372,202,25,1209,43700
2024-01-19,Meta Ads,Remarketing_Display,132,54,87,34,11,327,12780
2024-01-19,Meta Ads,Lead_Generation,368,221,250,100,18,735,26470
2024-01-19,Meta Ads,Display_Generico,520,309,333,159,28,1047,37830
2024-01-19,Meta Ads,Video_Awareness_Amplo,706,420,447,224,35,1421,51300
2024-01-19,TikTok Ads,Performance_Search,633,379,423,170,40,1268,45680
2024-01-19,TikTok Ads,Performance_Shopping,333,198,213,105,15,670,24210
2024-01-19,TikTok Ads,Remarketing_Display,335,139,225,95,15,825,32180
2024-01-19,TikTok Ads,Lead_Generation,362,215,232,109,21,729,26350
2024-01-19,TikTok Ads,Display_Generico,945,563,604,301,40,1900,68560
2024-01-19,TikTok Ads,Video_Awareness_Amplo,739,444,497,214,28,1476,53130
2024-01-20,Google Ads,Performance_Search,175,102,99,66,10,357,12990
2024-01-20,Google Ads,Performance_Shopping,158,93,97,48,13,320,11610
2024-01-20,Google Ads,Remarketing_Display,71,29,47,19,5,176,6880
2024-01-20,Google Ads,Lead_Generation,143,84,87,45,11,290,10530
2024-01-20,Google Ads,Display_Generico,240,143,158,75,7,482,17410
2024-01-20,Google Ads,Video_Awareness_Amplo,260,156,174,76,10,520,18720
2024-01-20,Meta Ads,Performance_Search,278,166,186,78,14,558,20120
2024-01-20,Meta Ads,Performance_Shopping,185,109,112,59,14,375,13580
2024-01-20,Meta Ads,Remarketing_Display,93,38,59,28,6,230,9010
2024-01-20,Meta Ads,Lead_Generation,255,151,157,88,10,515,18620
2024-01-20,Meta Ads,Display_Generico,367,220,245,106,16,734,26450
2024-01-20,Meta Ads,Video_Awareness_Amplo,475,284,315,137,23,952,34330
2024-01-20,TikTok Ads,Performance_Search,485,289,315,150,20,975,35180
2024-01-20,TikTok Ads,Performance_Shopping,315,188,206,95,14,632,22810
2024-01-20,TikTok Ads,Remarketing_Display,191,78,119,64,8,473,18510
2024-01-20,TikTok Ads,Lead_Generation,441,265,298,120,23,881,31700
2024-01-20,TikTok Ads,Display_Generico,515,306,329,160,26,1037,37470
2024-01-20,TikTok Ads,Video_Awareness_Amplo,788,470,511,236,41,1583,57100
2024-01-21,Google Ads,Performance_Search,174,102,105,61,8,354,12840
2024-01-21,Google Ads,Performance_Shopping,245,146,157,75,13,492,17770
2024-01-21,Google Ads,Remarketing_Display,55,22,37,15,3,137,5390
2024-01-21,Google Ads,Lead_Generation,254,153,175,70,9,506,18210
2024-01-21,Google Ads,Display_Generico,257,155,182,62,13,512,18400
2024-01-21,Google Ads,Video_Awareness_Amplo,381,228,256,110,15,763,27510
2024-01-21,Meta Ads,Performance_Search,171,102,112,51,8,343,12390
2024-01-21,Meta Ads,Performance_Shopping,322,192,211,100,11,647,23340
2024-01-21,Meta Ads,Remarketing_Display,123,51,80,35,8,303,11820
2024-01-21,Meta Ads,Lead_Generation,249,149,165,73,11,499,17980
2024-01-21,Meta Ads,Display_Generico,467,280,314,131,22,934,33650
2024-01-21,Meta Ads,Video_Awareness_Amplo,444,264,281,139,24,894,32280
2024-01-21,TikTok Ads,Performance_Search,226,135,151,63,12,453,16350
2024-01-21,TikTok Ads,Performance_Shopping,316,188,205,96,15,636,22960
2024-01-21,TikTok Ads,Remarketing_Display,117,47,69,41,7,292,11440
2024-01-21,TikTok Ads,Lead_Generation,438,262,287,123,28,878,31640
2024-01-21,TikTok Ads,Display_Generico,608,364,403,171,34,1218,43880
2024-01-21,TikTok Ads,Video_Awareness_Amplo,717,428,467,209,41,1439,51910
2024-01-22,Google Ads,Performance_Search,230,139,161,58,11,457,16430
2024-01-22,Google Ads,Performance_Shopping,362,214,226,111,25,732,26480
2024-01-22,Google Ads,Remarketing_Display,83,34,54,27,2,205,8030
2024-01-22,Google Ads,Lead_Generation,258,155,177,67,14,515,18550
2024-01-22,Google Ads,Display_Generico,426,255,286,115,25,853,30750
2024-01-22,Google Ads,Video_Awareness_Amplo,528,317,354,150,24,1055,37990
2024-01-22,Meta Ads,Performance_Search,361,215,231,101,29,726,26200
2024-01-22,Meta Ads,Performance_Shopping,451,269,293,141,17,906,32680
2024-01-22,Meta Ads,Remarketing_Display,174,72,111,55,8,429,16740
2024-01-22,Meta Ads,Lead_Generation,270,161,174,85,11,542,19570
2024-01-22,Meta Ads,Display_Generico,583,349,386,172,25,1168,42080
2024-01-22,Meta Ads,Video_Awareness_Amplo,479,287,317,141,21,959,34540
2024-01-22,TikTok Ads,Performance_Search,674,404,449,188,37,1349,48580
2024-01-22,TikTok Ads,Performance_Shopping,398,237,257,127,14,800,28890
2024-01-22,TikTok Ads,Remarketing_Display,266,109,162,90,14,658,25730
2024-01-22,TikTok Ads,Lead_Generation,609,363,392,183,34,1224,44160
2024-01-22,TikTok Ads,Display_Generico,1080,642,681,347,52,2175,78540
2024-01-22,TikTok Ads,Video_Awareness_Amplo,674,407,471,160,43,1341,48190
2024-01-23,Google Ads,Performance_Search,289,172,186,89,14,581,20990
2024-01-23,Google Ads,Performance_Shopping,257,152,159,85,13,519,18790
2024-01-23,Google Ads,Remarketing_Display,93,38,59,31,3,230,9010
2024-01-23,Google Ads,Lead_Generation,410,247,280,111,19,817,29390
2024-01-23,Google Ads,Display_Generico,374,224,250,102,22,749,26980
2024-01-23,Google Ads,Video_Awareness_Amplo,387,228,235,132,20,784,28410
2024-01-23,Meta Ads,Performance_Search,253,152,175,65,13,505,18190
2024-01-23,Meta Ads,Performance_Shopping,250,149,162,69,19,502,18130
2024-01-23,Meta Ads,Remarketing_Display,150,62,101,44,5,370,14440
2024-01-23,Meta Ads,Lead_Generation,344,206,229,98,17,689,24820
2024-01-23,Meta Ads,Display_Generico,533,319,350,157,26,1068,38480
2024-01-23,Meta Ads,Video_Awareness_Amplo,614,365,393,184,37,1236,44650
2024-01-23,TikTok Ads,Performance_Search,611,364,390,189,32,1228,44330
2024-01-23,TikTok Ads,Performance_Shopping,616,368,404,189,23,1236,44560
2024-01-23,TikTok Ads,Remarketing_Display,196,80,123,59,14,486,19000
2024-01-23,TikTok Ads,Lead_Generation,907,541,589,275,43,1822,65720
2024-01-23,TikTok Ads,Display_Generico,1220,728,793,367,60,2450,88360
2024-01-23,TikTok Ads,Video_Awareness_Amplo,851,510,566,246,39,1703,61350
2024-01-24,Google Ads,Performance_Search,403,239,251,130,22,813,29380
2024-01-24,Google Ads,Performance_Shopping,187,111,118,63,6,377,13620
2024-01-24,Google Ads,Remarketing_Display,79,32,46,30,3,196,7690
2024-01-24,Google Ads,Lead_Generation,298,177,189,96,13,600,21690
2024-01-24,Google Ads,Display_Generico,484,291,331,131,22,966,34770
2024-01-24,Google Ads,Video_Awareness_Amplo,493,296,332,139,22,985,35470
2024-01-24,Meta Ads,Performance_Search,430,259,299,111,20,857,30830
2024-01-24,Meta Ads,Performance_Shopping,398,240,274,103,21,793,28500
2024-01-24,Meta Ads,Remarketing_Display,170,70,114,51,5,420,16400
2024-01-24,Meta Ads,Lead_Generation,456,271,292,139,25,918,33170
2024-01-24,Meta Ads,Display_Generico,843,505,557,248,38,1688,60800
2024-01-24,Meta Ads,Video_Awareness_Amplo,688,414,471,184,33,1373,49380
2024-01-24,TikTok Ads,Performance_Search,424,254,282,120,22,849,30580
2024-01-24,TikTok Ads,Performance_Shopping,538,320,346,167,25,1083,39100
2024-01-24,TikTok Ads,Remarketing_Display,198,83,138,48,12,485,18910
2024-01-24,TikTok Ads,Lead_Generation,786,468,505,235,46,1581,57060
2024-01-24,TikTok Ads,Display_Generico,1188,710,775,354,59,2383,85900
2024-01-24,TikTok Ads,Video_Awareness_Amplo,857,514,574,246,37,1714,61730
2024-01-25,Google Ads,Performance_Search,245,146,161,69,15,492,17770
2024-01-25,Google Ads,Performance_Shopping,311,186,208,84,19,623,22470
2024-01-25,Google Ads,Remarketing_Display,106,43,68,32,6,263,10310
2024-01-25,Google Ads,Lead_Generation,238,142,159,73,6,478,17240
2024-01-25,Google Ads,Display_Generico,526,311,321,171,34,1063,38470
2024-01-25,Google Ads,Video_Awareness_Amplo,384,232,267,104,13,764,27440
2024-01-25,Meta Ads,Performance_Search,433,258,283,129,21,870,31410
2024-01-25,Meta Ads,Performance_Shopping,438,262,293,122,23,878,31640
2024-01-25,Meta Ads,Remarketing_Display,112,47,79,29,4,274,10690
2024-01-25,Meta Ads,Lead_Generation,513,305,327,163,23,1033,37300
2024-01-25,Meta Ads,Display_Generico,470,282,318,131,21,940,33840
2024-01-25,Meta Ads,Video_Awareness_Amplo,534,321,366,143,25,1066,38370
2024-01-25,TikTok Ads,Performance_Search,595,357,401,155,39,1190,42840
2024-01-25,TikTok Ads,Performance_Shopping,515,308,339,147,29,1032,37210
2024-01-25,TikTok Ads,Remarketing_Display,317,131,208,93,16,782,30520
2024-01-25,TikTok Ads,Lead_Generation,606,364,408,166,32,1211,43580
2024-01-25,TikTok Ads,Display_Generico,1149,688,759,325,65,2301,82910
2024-01-25,TikTok Ads,Video_Awareness_Amplo,746,446,488,218,40,1496,53920
2024-01-26,Google Ads,Performance_Search,207,123,132,66,9,417,15060
2024-01-26,Google Ads,Performance_Shopping,200,118,125,66,9,405,14660
2024-01-26,Google Ads,Remarketing_Display,143,59,90,48,5,353,13780
2024-01-26,Google Ads,Lead_Generation,395,238,270,106,19,787,28310
2024-01-26,Google Ads,Display_Generico,397,236,253,125,19,799,28870
2024-01-26,Google Ads,Video_Awareness_Amplo,366,221,254,97,15,728,26170
2024-01-26,Meta Ads,Performance_Search,256,151,157,84,15,518,18770
2024-01-26,Meta Ads,Performance_Shopping,342,204,226,100,16,687,24780
2024-01-26,Meta Ads,Remarketing_Display,176,73,122,43,11,433,16910
2024-01-26,Meta Ads,Lead_Generation,279,165,175,96,8,564,20400
2024-01-26,Meta Ads,Display_Generico,597,354,372,199,26,1204,43530
2024-01-26,Meta Ads,Video_Awareness_Amplo,684,410,459,187,38,1369,49300
2024-01-26,TikTok Ads,Performance_Search,382,228,248,112,22,767,27660
2024-01-26,TikTok Ads,Performance_Shopping,520,310,338,150,32,1045,37700
2024-01-26,TikTok Ads,Remarketing_Display,280,116,184,73,23,690,26920
2024-01-26,TikTok Ads,Lead_Generation,356,213,237,99,20,713,25710
2024-01-26,TikTok Ads,Display_Generico,1256,745,780,405,71,2533,91550
2024-01-26,TikTok Ads,Video_Awareness_Amplo,612,366,403,173,36,1227,44220
2024-01-27,Google Ads,Performance_Search,140,82,83,48,9,285,10340
2024-01-27,Google Ads,Performance_Shopping,120,72,80,35,5,240,8640
2024-01-27,Google Ads,Remarketing_Display,74,30,45,23,6,184,7200
2024-01-27,Google Ads,Lead_Generation,253,150,158,81,14,510,18450
2024-01-27,Google Ads,Display_Generico,411,244,260,127,24,828,29930
2024-01-27,Google Ads,Video_Awareness_Amplo,358,213,231,110,17,720,26010
2024-01-27,Meta Ads,Performance_Search,355,209,214,128,13,720,26080
2024-01-27,Meta Ads,Performance_Shopping,215,127,136,67,12,435,15740
2024-01-27,Meta Ads,Remarketing_Display,88,36,52,27,9,218,8520
2024-01-27,Meta Ads,Lead_Generation,242,144,156,72,14,487,17580
2024-01-27,Meta Ads,Display_Generico,566,335,348,183,35,1143,41350
2024-01-27,Meta Ads,Video_Awareness_Amplo,419,250,271,129,19,841,30350
2024-01-27,TikTok Ads,Performance_Search,329,195,205,104,20,664,24000
2024-01-27,TikTok Ads,Performance_Shopping,285,170,189,75,21,572,20650
2024-01-27,TikTok Ads,Remarketing_Display,109,45,69,33,7,269,10500
2024-01-27,TikTok Ads,Lead_Generation,253,149,154,88,11,513,18580
2024-01-27,TikTok Ads,Display_Generico,508,304,334,151,23,1018,36680
2024-01-27,TikTok Ads,Video_Awareness_Amplo,737,439,475,226,36,1482,53480
2024-01-28,Google Ads,Performance_Search,140,84,97,38,5,280,10080
2024-01-28,Google Ads,Performance_Shopping,131,79,90,33,8,261,9380
2024-01-28,Google Ads,Remarketing_Display,76,31,53,16,7,188,7370
2024-01-28,Google Ads,Lead_Generation,272,162,175,86,11,547,19740
2024-01-28,Google Ads,Display_Generico,409,245,273,120,16,819,29500
2024-01-28,Google Ads,Video_Awareness_Amplo,357,213,231,113,13,717,25860
2024-01-28,Meta Ads,Performance_Search,279,164,168,103,8,566,20530
2024-01-28,Meta Ads,Performance_Shopping,265,159,181,75,9,530,19080
2024-01-28,Meta Ads,Remarketing_Display,114,47,80,27,7,281,10990
2024-01-28,Meta Ads,Lead_Generation,240,141,142,83,15,487,17670
2024-01-28,Meta Ads,Display_Generico,482,286,304,151,27,972,35120
2024-01-28,Meta Ads,Video_Awareness_Amplo,429,254,269,136,24,866,31330
2024-01-28,TikTok Ads,Performance_Search,445,267,301,120,24,890,32040
2024-01-28,TikTok Ads,Performance_Shopping,419,251,277,122,20,839,30220
2024-01-28,TikTok Ads,Remarketing_Display,166,68,106,53,7,411,16060
2024-01-28,TikTok Ads,Lead_Generation,219,130,137,65,17,441,15950
2024-01-28,TikTok Ads,Display_Generico,731,436,471,226,34,1468,52970
2024-01-28,TikTok Ads,Video_Awareness_Amplo,647,384,408,213,26,1304,47130
2024-01-29,Google Ads,Performance_Search,235,141,157,66,12,470,16920
2024-01-29,Google Ads,Performance_Shopping,288,171,186,86,16,580,20970
2024-01-29,Google Ads,Remarketing_Display,131,54,87,41,3,323,12630
2024-01-29,Google Ads,Lead_Generation,297,176,187,95,15,599,21670
2024-01-29,Google Ads,Display_Generico,520,309,328,163,29,1047,37830
2024-01-29,Google Ads,Video_Awareness_Amplo,508,302,320,158,30,1023,36940
2024-01-29,Meta Ads,Performance_Search,434,259,283,119,32,871,31430
2024-01-29,Meta Ads,Performance_Shopping,560,336,375,167,18,1120,40320
2024-01-29,Meta Ads,Remarketing_Display,166,68,104,53,9,411,16060
2024-01-29,Meta Ads,Lead_Generation,411,245,267,127,17,826,29800
2024-01-29,Meta Ads,Display_Generico,625,373,408,184,33,1255,45260
2024-01-29,Meta Ads,Video_Awareness_Amplo,445,267,301,124,20,890,32040
2024-01-29,TikTok Ads,Performance_Search,685,411,461,192,32,1370,49320
2024-01-29,TikTok Ads,Performance_Shopping,331,198,221,94,16,663,23910
2024-01-29,TikTok Ads,Remarketing_Display,263,109,171,86,6,648,25280
2024-01-29,TikTok Ads,Lead_Generation,496,296,320,152,24,996,35920
2024-01-29,TikTok Ads,Display_Generico,945,560,589,310,46,1907,68950
2024-01-29,TikTok Ads,Video_Awareness_Amplo,661,396,437,191,33,1323,47670
2024-01-30,Google Ads,Performance_Search,165,98,105,52,8,332,12010
2024-01-30,Google Ads,Performance_Shopping,221,130,134,78,9,448,16250
2024-01-30,Google Ads,Remarketing_Display,147,60,89,48,10,364,14250
2024-01-30,Google Ads,Lead_Generation,406,242,264,121,21,816,29440
2024-01-30,Google Ads,Display_Generico,523,309,322,171,30,1058,38280
2024-01-30,Google Ads,Video_Awareness_Amplo,421,249,260,143,18,851,30780
2024-01-30,Meta Ads,Performance_Search,514,308,346,148,20,1029,37060
2024-01-30,Meta Ads,Performance_Shopping,386,231,257,107,22,773,27870
2024-01-30,Meta Ads,Remarketing_Display,165,67,102,53,10,410,16040
2024-01-30,Meta Ads,Lead_Generation,374,222,238,113,23,754,27240
2024-01-30,Meta Ads,Display_Generico,498,297,320,149,29,1000,36090
2024-01-30,Meta Ads,Video_Awareness_Amplo,756,451,488,224,44,1518,54770
2024-01-30,TikTok Ads,Performance_Search,489,290,307,157,25,986,35650
2024-01-30,TikTok Ads,Performance_Shopping,783,466,498,234,51,1575,56870
2024-01-30,TikTok Ads,Remarketing_Display,257,107,171,68,18,632,24640
2024-01-30,TikTok Ads,Lead_Generation,476,284,308,146,22,956,34480
2024-01-30,TikTok Ads,Display_Generico,846,505,552,257,37,1698,61250
2024-01-30,TikTok Ads,Video_Awareness_Amplo,745,448,505,206,34,1487,53510
2024-01-31,Google Ads,Performance_Search,338,203,229,97,12,675,24310
2024-01-31,Google Ads,Performance_Shopping,383,229,254,111,18,768,27680
2024-01-31,Google Ads,Remarketing_Display,116,48,77,35,4,286,11160
2024-01-31,Google Ads,Lead_Generation,306,181,192,91,23,618,22370
2024-01-31,Google Ads,Display_Generico,383,229,250,115,18,768,27680
2024-01-31,Google Ads,Video_Awareness_Amplo,451,272,312,124,15,898,32290
2024-01-31,Meta Ads,Performance_Search,525,310,318,180,27,1062,38450
2024-01-31,Meta Ads,Performance_Shopping,522,310,328,165,29,1052,38000
2024-01-31,Meta Ads,Remarketing_Display,186,77,128,52,6,458,17890
2024-01-31,Meta Ads,Lead_Generation,357,215,249,91,17,712,25600
2024-01-31,Meta Ads,Display_Generico,444,265,292,129,23,891,32150
2024-01-31,Meta Ads,Video_Awareness_Amplo,765,455,485,242,38,1540,55600
2024-01-31,TikTok Ads,Performance_Search,616,367,398,180,38,1238,44690
2024-01-31,TikTok Ads,Performance_Shopping,711,421,440,233,38,1436,51920
2024-01-31,TikTok Ads,Remarketing_Display,190,78,119,60,11,470,18360
2024-01-31,TikTok Ads,Lead_Generation,568,340,376,167,25,1138,41000
2024-01-31,TikTok Ads,Display_Generico,832,497,541,251,40,1669,60190
2024-01-31,TikTok Ads,Video_Awareness_Amplo,674,400,420,222,32,1359,49100
2024-02-01,Google Ads,Performance_Search,414,247,271,130,13,831,29990
2024-02-01,Google Ads,Performance_Shopping,240,141,144,87,9,487,17670
2024-02-01,Google Ads,Remarketing_Display,130,54,86,38,6,320,12480
2024-02-01,Google Ads,Lead_Generation,193,112,107,74,12,395,14390
2024-02-01,Google Ads,Display_Generico,511,304,327,157,27,1028,37130
2024-02-01,Google Ads,Video_Awareness_Amplo,592,353,380,178,34,1189,42910
2024-02-01,Meta Ads,Performance_Search,416,248,267,135,14,836,30160
2024-02-01,Meta Ads,Performance_Shopping,397,237,261,112,24,797,28740
2024-02-01,Meta Ads,Remarketing_Display,126,52,83,38,5,311,12140
2024-02-01,Meta Ads,Lead_Generation,469,281,316,135,18,939,33820
2024-02-01,Meta Ads,Display_Generico,590,351,374,185,31,1187,42870
2024-02-01,Meta Ads,Video_Awareness_Amplo,717,427,461,223,33,1442,52040
2024-02-01,TikTok Ads,Performance_Search,360,214,230,113,17,725,26180
2024-02-01,TikTok Ads,Performance_Shopping,568,339,370,158,40,1140,41130
2024-02-01,TikTok Ads,Remarketing_Display,315,132,220,83,12,772,30090
2024-02-01,TikTok Ads,Lead_Generation,708,422,459,210,39,1423,51340
2024-02-01,TikTok Ads,Display_Generico,841,503,552,251,38,1686,60760
2024-02-01,TikTok Ads,Video_Awareness_Amplo,770,460,500,229,41,1545,55700
2024-02-02,Google Ads,Performance_Search,300,178,192,92,16,605,21860
2024-02-02,Google Ads,Performance_Shopping,349,207,223,106,20,704,25440
2024-02-02,Google Ads,Remarketing_Display,107,43,65,38,4,267,10460
2024-02-02,Google Ads,Lead_Generation,181,108,118,59,4,363,13110
2024-02-02,Google Ads,Display_Generico,597,356,385,173,39,1199,43270
2024-02-02,Google Ads,Video_Awareness_Amplo,516,309,342,142,32,1033,37230
2024-02-02,Meta Ads,Performance_Search,475,286,326,129,20,947,34070
2024-02-02,Meta Ads,Performance_Shopping,303,181,201,85,17,608,21920
2024-02-02,Meta Ads,Remarketing_Display,130,53,82,41,7,322,12610
2024-02-02,Meta Ads,Lead_Generation,441,265,303,114,24,881,31700
2024-02-02,Meta Ads,Display_Generico,848,507,557,250,41,1700,61290
2024-02-02,Meta Ads,Video_Awareness_Amplo,839,502,552,234,53,1681,60590
2024-02-02,TikTok Ads,Performance_Search,600,354,363,204,33,1215,43980
2024-02-02,TikTok Ads,Performance_Shopping,772,460,496,227,49,1552,56000
2024-02-02,TikTok Ads,Remarketing_Display,277,115,184,80,13,682,26600
2024-02-02,TikTok Ads,Lead_Generation,733,438,479,217,37,1470,53010
2024-02-02,TikTok Ads,Display_Generico,1285,769,848,370,67,2575,92780
2024-02-02,TikTok Ads,Video_Awareness_Amplo,978,583,633,292,53,1965,70910
2024-02-03,Google Ads,Performance_Search,141,84,92,45,4,283,10230
2024-02-03,Google Ads,Performance_Shopping,275,166,196,66,13,547,19670
2024-02-03,Google Ads,Remarketing_Display,87,36,62,23,2,214,8370
2024-02-03,Google Ads,Lead_Generation,135,80,86,42,7,272,9850
2024-02-03,Google Ads,Display_Generico,386,229,246,119,21,778,28130
2024-02-03,Google Ads,Video_Awareness_Amplo,334,199,217,92,25,671,24230
2024-02-03,Meta Ads,Performance_Search,293,174,184,92,17,590,21330
2024-02-03,Meta Ads,Performance_Shopping,329,197,220,95,14,659,23740
2024-02-03,Meta Ads,Remarketing_Display,119,48,73,37,9,296,11610
2024-02-03,Meta Ads,Lead_Generation,177,106,123,51,3,354,12770
2024-02-03,Meta Ads,Display_Generico,424,251,263,135,26,856,30970
2024-02-03,Meta Ads,Video_Awareness_Amplo,406,243,269,113,24,813,29310
2024-02-03,TikTok Ads,Performance_Search,302,180,194,93,15,607,21900
2024-02-03,TikTok Ads,Performance_Shopping,460,275,305,131,24,922,33250
2024-02-03,TikTok Ads,Remarketing_Display,198,82,131,58,9,488,19040
2024-02-03,TikTok Ads,Lead_Generation,446,266,291,137,18,896,32320
2024-02-03,TikTok Ads,Display_Generico,533,318,345,156,32,1070,38610
2024-02-03,TikTok Ads,Video_Awareness_Amplo,628,376,414,185,29,1258,45320
2024-02-04,Google Ads,Performance_Search,155,93,106,41,8,310,11160
2024-02-04,Google Ads,Performance_Shopping,133,78,81,48,4,270,9810
2024-02-04,Google Ads,Remarketing_Display,85,34,51,27,7,212,8330
2024-02-04,Google Ads,Lead_Generation,172,102,112,52,8,347,12540
2024-02-04,Google Ads,Display_Generico,265,157,167,83,15,535,19340
2024-02-04,Google Ads,Video_Awareness_Amplo,256,151,159,81,16,518,18770
2024-02-04,Meta Ads,Performance_Search,366,220,247,105,14,731,26300
2024-02-04,Meta Ads,Performance_Shopping,215,128,140,61,14,432,15610
2024-02-04,Meta Ads,Remarketing_Display,138,56,84,42,12,343,13420
2024-02-04,Meta Ads,Lead_Generation,236,140,152,71,13,476,17200
2024-02-04,Meta Ads,Display_Generico,519,312,350,138,31,1036,37290
2024-02-04,Meta Ads,Video_Awareness_Amplo,394,235,257,119,18,791,28550
2024-02-04,TikTok Ads,Performance_Search,461,273,285,151,25,931,33660
2024-02-04,TikTok Ads,Performance_Shopping,448,267,287,138,23,900,32490
2024-02-04,TikTok Ads,Remarketing_Display,172,70,103,61,8,427,16700
2024-02-04,TikTok Ads,Lead_Generation,415,249,279,115,21,830,29880
2024-02-04,TikTok Ads,Display_Generico,712,423,447,228,37,1434,51810
2024-02-04,TikTok Ads,Video_Awareness_Amplo,467,281,318,129,20,932,33520
2024-02-05,Google Ads,Performance_Search,295,176,193,85,17,592,21370
2024-02-05,Google Ads,Performance_Shopping,420,251,278,127,15,842,30370
2024-02-05,Google Ads,Remarketing_Display,153,61,84,63,6,383,15020
2024-02-05,Google Ads,Lead_Generation,165,97,101,59,5,335,12140
2024-02-05,Google Ads,Display_Generico,386,231,258,114,14,773,27870
2024-02-05,Google Ads,Video_Awareness_Amplo,427,257,290,121,16,852,30640
2024-02-05,Meta Ads,Performance_Search,365,215,218,121,26,740,26800
2024-02-05,Meta Ads,Performance_Shopping,294,173,175,99,20,596,21610
2024-02-05,Meta Ads,Remarketing_Display,143,58,89,48,6,355,13910
2024-02-05,Meta Ads,Lead_Generation,315,190,221,85,9,627,22550
2024-02-05,Meta Ads,Display_Generico,579,345,370,178,31,1164,42000
2024-02-05,Meta Ads,Video_Awareness_Amplo,761,455,499,220,42,1526,55000
2024-02-05,TikTok Ads,Performance_Search,484,288,308,150,26,974,35160
2024-02-05,TikTok Ads,Performance_Shopping,553,329,353,168,32,1113,40180
2024-02-05,TikTok Ads,Remarketing_Display,294,121,183,92,19,726,28370
2024-02-05,TikTok Ads,Lead_Generation,520,310,338,156,26,1045,37700
2024-02-05,TikTok Ads,Display_Generico,974,583,646,275,53,1951,70310
2024-02-05,TikTok Ads,Video_Awareness_Amplo,1120,669,728,338,54,2247,81030
2024-02-06,Google Ads,Performance_Search,352,209,224,111,17,709,25630
2024-02-06,Google Ads,Performance_Shopping,294,174,186,98,10,594,21480
2024-02-06,Google Ads,Remarketing_Display,110,45,67,38,5,272,10650
2024-02-06,Google Ads,Lead_Generation,391,234,263,108,20,783,28230
2024-02-06,Google Ads,Display_Generico,606,361,393,182,31,1218,43970
2024-02-06,Google Ads,Video_Awareness_Amplo,525,316,360,138,27,1047,37670
2024-02-06,Meta Ads,Performance_Search,331,198,220,91,20,663,23910
2024-02-06,Meta Ads,Performance_Shopping,227,138,167,51,9,449,16110
2024-02-06,Meta Ads,Remarketing_Display,176,72,109,55,12,436,17040
2024-02-06,Meta Ads,Lead_Generation,485,290,323,141,21,972,35050
2024-02-06,Meta Ads,Display_Generico,576,341,359,185,32,1163,42070
2024-02-06,Meta Ads,Video_Awareness_Amplo,584,349,382,181,21,1171,42230
2024-02-06,TikTok Ads,Performance_Search,597,358,400,168,29,1194,43010
2024-02-06,TikTok Ads,Performance_Shopping,696,414,441,213,42,1401,50580
2024-02-06,TikTok Ads,Remarketing_Display,360,148,224,116,20,890,34760
2024-02-06,TikTok Ads,Lead_Generation,767,455,478,249,40,1547,55900
2024-02-06,TikTok Ads,Display_Generico,964,574,619,292,53,1939,69980
2024-02-06,TikTok Ads,Video_Awareness_Amplo,816,488,536,239,41,1636,58960
2024-02-07,Google Ads,Performance_Search,274,162,167,96,11,554,20040
2024-02-07,Google Ads,Performance_Shopping,186,111,120,56,10,373,13470
2024-02-07,Google Ads,Remarketing_Display,113,46,66,39,8,280,10970
2024-02-07,Google Ads,Lead_Generation,429,256,280,127,22,861,31070
2024-02-07,Google Ads,Display_Generico,499,297,320,147,32,1004,36240
2024-02-07,Google Ads,Video_Awareness_Amplo,435,258,276,140,19,877,31710
2024-02-07,Meta Ads,Performance_Search,309,186,216,80,13,616,22170
2024-02-07,Meta Ads,Performance_Shopping,409,241,249,131,29,829,30020
2024-02-07,Meta Ads,Remarketing_Display,128,51,68,49,11,320,12570
2024-02-07,Meta Ads,Lead_Generation,424,255,289,114,21,846,30450
2024-02-07,Meta Ads,Display_Generico,713,424,452,234,27,1435,51830
2024-02-07,Meta Ads,Video_Awareness_Amplo,519,310,341,161,17,1041,37550
2024-02-07,TikTok Ads,Performance_Search,442,263,284,127,31,889,32110
2024-02-07,TikTok Ads,Performance_Shopping,438,261,283,131,24,880,31770
2024-02-07,TikTok Ads,Remarketing_Display,222,91,142,71,9,549,21470
2024-02-07,TikTok Ads,Lead_Generation,599,355,372,195,32,1209,43700
2024-02-07,TikTok Ads,Display_Generico,1014,607,670,304,40,2031,73190
2024-02-07,TikTok Ads,Video_Awareness_Amplo,784,467,503,242,39,1576,56890
2024-02-08,Google Ads,Performance_Search,311,186,204,94,13,623,22470
2024-02-08,Google Ads,Performance_Shopping,391,234,260,116,15,783,28230
2024-02-08,Google Ads,Remarketing_Display,148,60,86,58,4,368,14400
2024-02-08,Google Ads,Lead_Generation,245,144,148,74,23,497,18030
2024-02-08,Google Ads,Display_Generico,443,266,298,122,23,885,31870
2024-02-08,Google Ads,Video_Awareness_Amplo,510,305,336,151,23,1022,36850
2024-02-08,Meta Ads,Performance_Search,479,287,323,138,18,959,34540
2024-02-08,Meta Ads,Performance_Shopping,272,162,175,85,12,547,19740
2024-02-08,Meta Ads,Remarketing_Display,216,89,139,66,11,533,20830
2024-02-08,Meta Ads,Lead_Generation,418,248,262,136,20,843,30460
2024-02-08,Meta Ads,Display_Generico,787,471,518,236,33,1577,56820
2024-02-08,Meta Ads,Video_Awareness_Amplo,733,439,489,209,35,1468,52880
2024-02-08,TikTok Ads,Performance_Search,554,330,358,164,32,1114,40200
2024-02-08,TikTok Ads,Performance_Shopping,636,381,420,185,31,1273,45870
2024-02-08,TikTok Ads,Remarketing_Display,281,117,187,82,12,691,26940
2024-02-08,TikTok Ads,Lead_Generation,407,242,258,124,25,819,29590
2024-02-08,TikTok Ads,Display_Generico,913,541,567,287,59,1843,66620
2024-02-08,TikTok Ads,Video_Awareness_Amplo,783,469,517,223,43,1568,56480
2024-02-09,Google Ads,Performance_Search,257,153,166,73,18,517,18660
2024-02-09,Google Ads,Performance_Shopping,244,144,153,78,13,494,17880
2024-02-09,Google Ads,Remarketing_Display,168,69,108,55,5,415,16230
2024-02-09,Google Ads,Lead_Generation,358,213,229,111,18,720,26010
2024-02-09,Google Ads,Display_Generico,579,342,353,193,33,1171,42390
2024-02-09,Google Ads,Video_Awareness_Amplo,479,282,289,153,37,971,35190
2024-02-09,Meta Ads,Performance_Search,322,192,207,94,21,647,23340
2024-02-09,Meta Ads,Performance_Shopping,526,316,358,143,25,1051,37820
2024-02-09,Meta Ads,Remarketing_Display,241,99,149,79,13,596,23280
2024-02-09,Meta Ads,Lead_Generation,340,201,213,112,15,687,24870
2024-02-09,Meta Ads,Display_Generico,636,381,421,191,24,1273,45870
2024-02-09,Meta Ads,Video_Awareness_Amplo,786,471,522,224,40,1573,56670
2024-02-09,TikTok Ads,Performance_Search,856,512,564,264,28,1716,61840
2024-02-09,TikTok Ads,Performance_Shopping,787,470,514,231,42,1579,56950
2024-02-09,TikTok Ads,Remarketing_Display,261,108,168,81,12,643,25110
2024-02-09,TikTok Ads,Lead_Generation,618,369,406,179,33,1240,44730
2024-02-09,TikTok Ads,Display_Generico,913,545,593,267,53,1833,66100
2024-02-09,TikTok Ads,Video_Awareness_Amplo,828,492,520,273,35,1668,60240
2024-02-10,Google Ads,Performance_Search,232,140,160,61,11,462,16600
2024-02-10,Google Ads,Performance_Shopping,160,94,96,55,9,325,11780
2024-02-10,Google Ads,Remarketing_Display,72,29,44,22,6,179,7030
2024-02-10,Google Ads,Lead_Generation,196,117,129,56,11,393,14190
2024-02-10,Google Ads,Display_Generico,254,152,171,71,12,509,18340
2024-02-10,Google Ads,Video_Awareness_Amplo,206,123,139,54,13,413,14910
2024-02-10,Meta Ads,Performance_Search,173,102,109,58,6,350,12690
2024-02-10,Meta Ads,Performance_Shopping,325,194,213,94,18,652,23530
2024-02-10,Meta Ads,Remarketing_Display,104,43,75,25,4,256,10010
2024-02-10,Meta Ads,Lead_Generation,389,233,258,115,16,779,28060
2024-02-10,Meta Ads,Display_Generico,473,281,302,144,27,953,34420
2024-02-10,Meta Ads,Video_Awareness_Amplo,316,188,204,101,11,636,22960
2024-02-10,TikTok Ads,Performance_Search,263,159,184,62,17,523,18780
2024-02-10,TikTok Ads,Performance_Shopping,493,293,313,156,24,993,35860
2024-02-10,TikTok Ads,Remarketing_Display,136,57,95,33,8,333,12990
2024-02-10,TikTok Ads,Lead_Generation,261,155,168,73,20,526,19000
2024-02-10,TikTok Ads,Display_Generico,663,396,435,190,38,1330,47970
2024-02-10,TikTok Ads,Video_Awareness_Amplo,476,282,295,157,24,961,34740
2024-02-11,Google Ads,Performance_Search,184,111,130,47,7,366,13170
2024-02-11,Google Ads,Performance_Shopping,203,121,132,61,10,408,14720
2024-02-11,Google Ads,Remarketing_Display,93,39,66,24,3,228,8880
2024-02-11,Google Ads,Lead_Generation,107,64,71,33,3,214,7730
2024-02-11,Google Ads,Display_Generico,216,128,137,68,11,436,15760
2024-02-11,Google Ads,Video_Awareness_Amplo,242,142,144,86,12,492,17840
2024-02-11,Meta Ads,Performance_Search,158,95,113,38,7,315,11350
2024-02-11,Meta Ads,Performance_Shopping,375,225,250,103,22,750,27000
2024-02-11,Meta Ads,Remarketing_Display,86,35,57,22,7,213,8350
2024-02-11,Meta Ads,Lead_Generation,260,154,166,83,11,525,18980
2024-02-11,Meta Ads,Display_Generico,288,172,191,87,10,578,20840
2024-02-11,Meta Ads,Video_Awareness_Amplo,364,218,245,105,14,729,26260
2024-02-11,TikTok Ads,Performance_Search,335,201,229,87,19,670,24120
2024-02-11,TikTok Ads,Performance_Shopping,287,170,181,90,16,579,20950
2024-02-11,TikTok Ads,Remarketing_Display,176,73,118,53,5,433,16910
2024-02-11,TikTok Ads,Lead_Generation,441,264,291,129,21,883,31830
2024-02-11,TikTok Ads,Display_Generico,654,391,429,187,38,1311,47270
2024-02-11,TikTok Ads,Video_Awareness_Amplo,653,387,406,220,27,1318,47640
2024-02-12,Google Ads,Performance_Search,267,159,172,76,19,537,19380
2024-02-12,Google Ads,Performance_Shopping,400,237,249,136,15,807,29190
2024-02-12,Google Ads,Remarketing_Display,127,52,83,37,7,314,12290
2024-02-12,Google Ads,Lead_Generation,249,148,159,75,15,501,18110
2024-02-12,Google Ads,Display_Generico,495,297,331,141,23,990,35640
2024-02-12,Google Ads,Video_Awareness_Amplo,509,305,342,147,20,1019,36700
2024-02-12,Meta Ads,Performance_Search,533,320,357,154,22,1065,38350
2024-02-12,Meta Ads,Performance_Shopping,403,242,272,111,20,805,28990
2024-02-12,Meta Ads,Remarketing_Display,146,60,96,40,10,361,14100
2024-02-12,Meta Ads,Lead_Generation,308,184,203,90,15,618,22280
2024-02-12,Meta Ads,Display_Generico,570,341,377,168,25,1142,41170
2024-02-12,Meta Ads,Video_Awareness_Amplo,687,407,429,222,36,1387,50140
2024-02-12,TikTok Ads,Performance_Search,425,252,266,132,27,857,30990
2024-02-12,TikTok Ads,Performance_Shopping,516,308,336,151,29,1036,37360
2024-02-12,TikTok Ads,Remarketing_Display,230,96,161,57,12,565,22020
2024-02-12,TikTok Ads,Lead_Generation,463,276,299,139,25,930,33570
2024-02-12,TikTok Ads,Display_Generico,701,419,461,204,36,1406,50680
2024-02-12,TikTok Ads,Video_Awareness_Amplo,1255,751,827,373,55,2515,90620
2024-02-13,Google Ads,Performance_Search,211,126,142,60,9,423,15270
2024-02-13,Google Ads,Performance_Shopping,337,202,224,96,17,674,24290
2024-02-13,Google Ads,Remarketing_Display,134,54,80,47,7,334,13080
2024-02-13,Google Ads,Lead_Generation,273,165,192,66,15,543,19500
2024-02-13,Google Ads,Display_Generico,420,250,268,128,24,845,30500
2024-02-13,Google Ads,Video_Awareness_Amplo,479,286,310,150,19,961,34670
2024-02-13,Meta Ads,Performance_Search,246,147,161,74,11,493,17790
2024-02-13,Meta Ads,Performance_Shopping,397,239,273,99,25,792,28480
2024-02-13,Meta Ads,Remarketing_Display,147,61,98,43,6,362,14120
2024-02-13,Meta Ads,Lead_Generation,237,142,158,69,10,474,17090
2024-02-13,Meta Ads,Display_Generico,574,347,402,148,24,1141,40990
2024-02-13,Meta Ads,Video_Awareness_Amplo,675,404,449,193,33,1352,48730
2024-02-13,TikTok Ads,Performance_Search,564,339,382,155,27,1126,40530
2024-02-13,TikTok Ads,Performance_Shopping,483,285,291,164,28,978,35400
2024-02-13,TikTok Ads,Remarketing_Display,188,78,125,59,4,463,18060
2024-02-13,TikTok Ads,Lead_Generation,751,450,501,217,33,1503,54150
2024-02-13,TikTok Ads,Display_Generico,980,584,630,290,60,1970,71080
2024-02-13,TikTok Ads,Video_Awareness_Amplo,1274,759,814,411,49,2561,92430
2024-02-14,Google Ads,Performance_Search,196,115,115,76,5,398,14450
2024-02-14,Google Ads,Performance_Shopping,237,142,159,64,14,474,17090
2024-02-14,Google Ads,Remarketing_Display,90,37,62,25,3,222,8690
2024-02-14,Google Ads,Lead_Generation,363,216,232,104,27,730,26370
2024-02-14,Google Ads,Display_Generico,354,209,215,114,25,716,25930
2024-02-14,Google Ads,Video_Awareness_Amplo,566,341,388,149,29,1128,40570
2024-02-14,Meta Ads,Performance_Search,245,144,146,80,19,497,18030
2024-02-14,Meta Ads,Performance_Shopping,525,315,353,151,21,1050,37800
2024-02-14,Meta Ads,Remarketing_Display,148,61,93,44,11,365,14270
2024-02-14,Meta Ads,Lead_Generation,269,164,199,64,6,531,19030
2024-02-14,Meta Ads,Display_Generico,732,438,483,213,36,1467,52860
2024-02-14,Meta Ads,Video_Awareness_Amplo,707,425,481,202,24,1412,50800
2024-02-14,TikTok Ads,Performance_Search,494,295,324,147,23,991,35750
2024-02-14,TikTok Ads,Performance_Shopping,852,504,522,286,44,1722,62280
2024-02-14,TikTok Ads,Remarketing_Display,257,107,172,66,19,632,24640
2024-02-14,TikTok Ads,Lead_Generation,876,521,558,275,43,1763,63670
2024-02-14,TikTok Ads,Display_Generico,1081,646,709,319,53,2168,78170
2024-02-14,TikTok Ads,Video_Awareness_Amplo,1108,654,670,374,64,2243,81180
2024-02-15,Google Ads,Performance_Search,288,173,194,76,18,575,20710
2024-02-15,Google Ads,Performance_Shopping,232,136,136,80,16,472,17120
2024-02-15,Google Ads,Remarketing_Display,152,62,96,47,9,377,14740
2024-02-15,Google Ads,Lead_Generation,250,149,166,71,13,502,18130
2024-02-15,Google Ads,Display_Generico,574,348,407,133,34,1139,40860
2024-02-15,Google Ads,Video_Awareness_Amplo,417,249,273,125,19,837,30180
2024-02-15,Meta Ads,Performance_Search,340,203,223,98,19,682,24610
2024-02-15,Meta Ads,Performance_Shopping,267,159,172,81,14,537,19380
2024-02-15,Meta Ads,Remarketing_Display,115,48,81,29,5,282,11010
2024-02-15,Meta Ads,Lead_Generation,504,301,331,147,26,1011,36470
2024-02-15,Meta Ads,Display_Generico,789,470,506,237,46,1586,57250
2024-02-15,Meta Ads,Video_Awareness_Amplo,871,520,568,260,43,1748,63050
2024-02-15,TikTok Ads,Performance_Search,465,281,328,120,17,925,33220
2024-02-15,TikTok Ads,Performance_Shopping,654,390,422,202,30,1314,47400
2024-02-15,TikTok Ads,Remarketing_Display,347,145,240,86,21,852,33200
2024-02-15,TikTok Ads,Lead_Generation,857,511,555,266,36,1722,62120
2024-02-15,TikTok Ads,Display_Generico,756,449,479,231,46,1523,55030
2024-02-15,TikTok Ads,Video_Awareness_Amplo,844,500,525,268,51,1704,61600
2024-02-16,Google Ads,Performance_Search,245,146,161,66,18,492,17770
2024-02-16,Google Ads,Performance_Shopping,220,131,142,63,15,442,15970
2024-02-16,Google Ads,Remarketing_Display,115,47,68,38,9,285,11140
2024-02-16,Google Ads,Lead_Generation,350,208,220,108,22,705,25460
2024-02-16,Google Ads,Display_Generico,504,302,335,140,29,1009,36340
2024-02-16,Google Ads,Video_Awareness_Amplo,511,307,344,134,33,1021,36740
2024-02-16,Meta Ads,Performance_Search,325,195,223,92,10,650,23400
2024-02-16,Meta Ads,Performance_Shopping,356,213,237,105,14,713,25710
2024-02-16,Meta Ads,Remarketing_Display,194,80,129,58,7,479,18700
2024-02-16,Meta Ads,Lead_Generation,300,178,189,92,19,605,21860
2024-02-16,Meta Ads,Display_Generico,767,459,506,214,47,1537,55380
2024-02-16,Meta Ads,Video_Awareness_Amplo,659,393,424,198,37,1324,47760
2024-02-16,TikTok Ads,Performance_Search,412,246,271,121,20,827,29820
2024-02-16,TikTok Ads,Performance_Shopping,519,310,339,155,25,1041,37550
2024-02-16,TikTok Ads,Remarketing_Display,226,93,142,72,12,558,21810
2024-02-16,TikTok Ads,Lead_Generation,650,388,422,209,19,1305,47060
2024-02-16,TikTok Ads,Display_Generico,1145,683,742,342,61,2300,82960
2024-02-16,TikTok Ads,Video_Awareness_Amplo,704,419,453,219,32,1416,51130
2024-02-17,Google Ads,Performance_Search,171,101,107,57,7,346,12520
2024-02-17,Google Ads,Performance_Shopping,265,160,184,71,10,527,18950
2024-02-17,Google Ads,Remarketing_Display,62,25,41,17,4,154,6050
2024-02-17,Google Ads,Lead_Generation,141,84,93,41,7,283,10230
2024-02-17,Google Ads,Display_Generico,246,143,138,96,12,503,18310
2024-02-17,Google Ads,Video_Awareness_Amplo,373,223,246,109,18,748,26960
2024-02-17,Meta Ads,Performance_Search,257,154,175,71,11,514,18530
2024-02-17,Meta Ads,Performance_Shopping,276,165,186,79,11,553,19950
2024-02-17,Meta Ads,Remarketing_Display,145,60,97,45,3,357,13950
2024-02-17,Meta Ads,Lead_Generation,254,152,167,76,11,509,18340
2024-02-17,Meta Ads,Display_Generico,414,248,275,124,15,829,29860
2024-02-17,Meta Ads,Video_Awareness_Amplo,584,351,398,159,27,1166,41970
2024-02-17,TikTok Ads,Performance_Search,497,299,341,140,16,992,35680
2024-02-17,TikTok Ads,Performance_Shopping,275,166,191,74,10,547,19670
2024-02-17,TikTok Ads,Remarketing_Display,150,61,85,54,11,372,14570
2024-02-17,TikTok Ads,Lead_Generation,503,300,326,152,25,1010,36450
2024-02-17,TikTok Ads,Display_Generico,451,270,297,135,19,903,32550
2024-02-17,TikTok Ads,Video_Awareness_Amplo,650,389,427,189,34,1302,46930
2024-02-18,Google Ads,Performance_Search,125,74,80,38,7,252,9130
2024-02-18,Google Ads,Performance_Shopping,209,123,124,77,8,424,15360
2024-02-18,Google Ads,Remarketing_Display,97,40,64,28,5,239,9350
2024-02-18,Google Ads,Lead_Generation,255,153,171,78,6,510,18360
2024-02-18,Google Ads,Display_Generico,384,228,245,125,14,774,27960
2024-02-18,Google Ads,Video_Awareness_Amplo,419,246,248,143,28,851,30870
2024-02-18,Meta Ads,Performance_Search,373,222,241,112,20,750,27090
2024-02-18,Meta Ads,Performance_Shopping,347,205,211,119,17,702,25400
2024-02-18,Meta Ads,Remarketing_Display,138,57,93,41,4,340,13290
2024-02-18,Meta Ads,Lead_Generation,236,140,149,60,27,476,17200
2024-02-18,Meta Ads,Display_Generico,358,214,238,105,15,718,25880
2024-02-18,Meta Ads,Video_Awareness_Amplo,408,244,271,118,19,818,29480
2024-02-18,TikTok Ads,Performance_Search,242,144,159,74,9,487,17580
2024-02-18,TikTok Ads,Performance_Shopping,482,288,318,143,21,967,34860
2024-02-18,TikTok Ads,Remarketing_Display,198,82,130,57,11,488,19040
2024-02-18,TikTok Ads,Lead_Generation,553,332,370,164,19,1105,39790
2024-02-18,TikTok Ads,Display_Generico,775,459,477,249,49,1565,56580
2024-02-18,TikTok Ads,Video_Awareness_Amplo,548,328,365,152,31,1098,39560
2024-02-19,Google Ads,Performance_Search,418,251,282,113,23,835,30070
2024-02-19,Google Ads,Performance_Shopping,362,216,237,112,13,727,26220
2024-02-19,Google Ads,Remarketing_Display,104,43,71,29,4,256,10010
2024-02-19,Google Ads,Lead_Generation,362,217,243,106,13,724,26090
2024-02-19,Google Ads,Display_Generico,351,206,204,130,17,713,25870
2024-02-19,Google Ads,Video_Awareness_Amplo,569,338,362,178,29,1146,41410
2024-02-19,Meta Ads,Performance_Search,331,199,227,88,16,661,23780
2024-02-19,Meta Ads,Performance_Shopping,330,196,211,108,11,665,24020
2024-02-19,Meta Ads,Remarketing_Display,195,80,124,60,11,482,18850
2024-02-19,Meta Ads,Lead_Generation,274,160,156,102,16,559,20300
2024-02-19,Meta Ads,Display_Generico,507,303,330,151,26,1017,36660
2024-02-19,Meta Ads,Video_Awareness_Amplo,524,313,341,148,35,1051,37910
2024-02-19,TikTok Ads,Performance_Search,561,334,357,176,28,1128,40730
2024-02-19,TikTok Ads,Performance_Shopping,579,346,380,165,34,1161,41870
2024-02-19,TikTok Ads,Remarketing_Display,338,140,218,106,14,833,32500
2024-02-19,TikTok Ads,Lead_Generation,554,331,363,166,25,1111,40070
2024-02-19,TikTok Ads,Display_Generico,920,550,602,286,32,1845,66500
2024-02-19,TikTok Ads,Video_Awareness_Amplo,1103,659,721,324,58,2213,79780
2024-02-20,Google Ads,Performance_Search,304,180,193,98,13,614,22200
2024-02-20,Google Ads,Performance_Shopping,205,120,119,79,7,417,15150
2024-02-20,Google Ads,Remarketing_Display,149,61,94,50,5,369,14420
2024-02-20,Google Ads,Lead_Generation,267,161,186,69,12,532,19120
2024-02-20,Google Ads,Display_Generico,409,243,262,120,27,824,29760
2024-02-20,Google Ads,Video_Awareness_Amplo,490,296,341,137,12,975,35020
2024-02-20,Meta Ads,Performance_Search,510,305,338,144,28,1022,36850
2024-02-20,Meta Ads,Performance_Shopping,352,210,231,100,21,707,25500
2024-02-20,Meta Ads,Remarketing_Display,185,76,120,58,7,457,17870
2024-02-20,Meta Ads,Lead_Generation,536,320,351,155,30,1076,38800
2024-02-20,Meta Ads,Display_Generico,736,438,467,233,36,1481,53460
2024-02-20,Meta Ads,Video_Awareness_Amplo,797,475,510,240,47,1602,57800
2024-02-20,TikTok Ads,Performance_Search,507,302,329,157,21,1019,36790
2024-02-20,TikTok Ads,Performance_Shopping,826,493,536,254,36,1658,59810
2024-02-20,TikTok Ads,Remarketing_Display,327,135,207,100,20,807,31500
2024-02-20,TikTok Ads,Lead_Generation,741,444,495,210,36,1483,53430
2024-02-20,TikTok Ads,Display_Generico,1304,774,818,431,55,2629,94980
2024-02-20,TikTok Ads,Video_Awareness_Amplo,1286,767,832,391,63,2583,93190
2024-02-21,Google Ads,Performance_Search,240,143,154,78,8,482,17410
2024-02-21,Google Ads,Performance_Shopping,155,92,103,45,7,312,11290
2024-02-21,Google Ads,Remarketing_Display,92,38,58,26,8,227,8860
2024-02-21,Google Ads,Lead_Generation,372,221,236,114,22,749,27070
2024-02-21,Google Ads,Display_Generico,380,226,245,115,20,765,27620
2024-02-21,Google Ads,Video_Awareness_Amplo,354,211,231,104,19,711,25670
2024-02-21,Meta Ads,Performance_Search,269,158,158,96,15,546,19810
2024-02-21,Meta Ads,Performance_Shopping,332,198,218,99,15,667,24060
2024-02-21,Meta Ads,Remarketing_Display,135,56,91,33,11,332,12970
2024-02-21,Meta Ads,Lead_Generation,430,255,272,134,24,867,31350
2024-02-21,Meta Ads,Display_Generico,596,358,400,172,24,1191,42860
2024-02-21,Meta Ads,Video_Awareness_Amplo,851,510,566,246,39,1703,61350
2024-02-21,TikTok Ads,Performance_Search,679,404,433,211,35,1366,49330
2024-02-21,TikTok Ads,Performance_Shopping,635,377,403,202,30,1280,46240
2024-02-21,TikTok Ads,Remarketing_Display,295,122,192,89,14,727,28390
2024-02-21,TikTok Ads,Lead_Generation,817,490,549,238,30,1634,58850
2024-02-21,TikTok Ads,Display_Generico,760,452,484,244,32,1530,55240
2024-02-21,TikTok Ads,Video_Awareness_Amplo,1347,807,896,396,55,2697,97140
2024-02-22,Google Ads,Performance_Search,349,207,219,109,21,704,25440
2024-02-22,Google Ads,Performance_Shopping,263,158,183,70,10,525,18910
2024-02-22,Google Ads,Remarketing_Display,162,66,100,49,13,402,15720
2024-02-22,Google Ads,Lead_Generation,461,276,309,132,20,923,33270
2024-02-22,Google Ads,Display_Generico,491,293,321,138,32,986,35560
2024-02-22,Google Ads,Video_Awareness_Amplo,438,261,282,128,28,880,31770
2024-02-22,Meta Ads,Performance_Search,386,232,265,102,19,771,27740
2024-02-22,Meta Ads,Performance_Shopping,388,232,258,109,21,778,28040
2024-02-22,Meta Ads,Remarketing_Display,239,99,158,69,12,589,22980
2024-02-22,Meta Ads,Lead_Generation,478,284,305,154,19,963,34780
2024-02-22,Meta Ads,Display_Generico,869,520,573,245,51,1741,62750
2024-02-22,Meta Ads,Video_Awareness_Amplo,649,387,421,200,28,1304,47040
2024-02-22,TikTok Ads,Performance_Search,482,289,321,139,22,964,34730
2024-02-22,TikTok Ads,Performance_Shopping,693,414,455,215,23,1390,50130
2024-02-22,TikTok Ads,Remarketing_Display,288,120,195,86,7,708,27600
2024-02-22,TikTok Ads,Lead_Generation,690,413,454,202,34,1382,49810
2024-02-22,TikTok Ads,Display_Generico,1329,793,861,402,66,2669,96260
2024-02-22,TikTok Ads,Video_Awareness_Amplo,868,516,550,270,48,1748,63120
2024-02-23,Google Ads,Performance_Search,388,231,250,122,16,780,28170
2024-02-23,Google Ads,Performance_Shopping,249,149,169,59,21,499,17980
2024-02-23,Google Ads,Remarketing_Display,156,65,106,41,9,383,14950
2024-02-23,Google Ads,Lead_Generation,312,184,190,105,17,632,22880
2024-02-23,Google Ads,Display_Generico,602,361,402,170,30,1204,43370
2024-02-23,Google Ads,Video_Awareness_Amplo,416,247,261,134,21,838,30290
2024-02-23,Meta Ads,Performance_Search,349,209,235,97,17,699,25180
2024-02-23,Meta Ads,Performance_Shopping,529,317,350,152,27,1059,38140
2024-02-23,Meta Ads,Remarketing_Display,236,97,153,70,13,583,22790
2024-02-23,Meta Ads,Lead_Generation,590,351,379,180,31,1187,42870
2024-02-23,Meta Ads,Display_Generico,743,445,491,213,39,1488,53600
2024-02-23,Meta Ads,Video_Awareness_Amplo,719,430,475,212,32,1441,51950
2024-02-23,TikTok Ads,Performance_Search,749,449,503,213,33,1499,53980
2024-02-23,TikTok Ads,Performance_Shopping,672,403,453,187,32,1344,48410
2024-02-23,TikTok Ads,Remarketing_Display,335,138,211,102,22,827,32310
2024-02-23,TikTok Ads,Lead_Generation,636,381,420,183,33,1273,45870
2024-02-23,TikTok Ads,Display_Generico,679,406,447,186,46,1361,49070
2024-02-23,TikTok Ads,Video_Awareness_Amplo,1008,600,644,302,62,2028,73200
2024-02-24,Google Ads,Performance_Search,253,150,158,85,10,510,18450
2024-02-24,Google Ads,Performance_Shopping,203,121,135,56,12,408,14720
2024-02-24,Google Ads,Remarketing_Display,68,28,46,18,4,168,6560
2024-02-24,Google Ads,Lead_Generation,113,67,73,34,6,228,8240
2024-02-24,Google Ads,Display_Generico,327,193,199,110,18,662,23960
2024-02-24,Google Ads,Video_Awareness_Amplo,345,206,224,101,20,692,24970
2024-02-24,Meta Ads,Performance_Search,266,157,164,87,15,538,19490
2024-02-24,Meta Ads,Performance_Shopping,272,162,176,80,16,547,19740
2024-02-24,Meta Ads,Remarketing_Display,153,64,105,42,6,375,14630
2024-02-24,Meta Ads,Lead_Generation,376,223,238,114,24,758,27410
2024-02-24,Meta Ads,Display_Generico,346,204,211,116,19,701,25380
2024-02-24,Meta Ads,Video_Awareness_Amplo,427,256,284,130,13,854,30770
2024-02-24,TikTok Ads,Performance_Search,295,175,187,85,23,595,21500
2024-02-24,TikTok Ads,Performance_Shopping,485,288,305,156,24,977,35310
2024-02-24,TikTok Ads,Remarketing_Display,185,77,124,52,9,455,17740
2024-02-24,TikTok Ads,Lead_Generation,609,361,377,193,39,1229,44420
2024-02-24,TikTok Ads,Display_Generico,825,496,558,225,42,1647,59270
2024-02-24,TikTok Ads,Video_Awareness_Amplo,715,427,468,215,32,1435,51740
2024-02-25,Google Ads,Performance_Search,276,164,175,79,22,556,20080
2024-02-25,Google Ads,Performance_Shopping,249,150,170,68,11,496,17850
2024-02-25,Google Ads,Remarketing_Display,61,25,42,13,6,151,5900
2024-02-25,Google Ads,Lead_Generation,207,121,121,76,10,422,15320
2024-02-25,Google Ads,Display_Generico,327,194,206,102,19,659,23830
2024-02-25,Google Ads,Video_Awareness_Amplo,240,142,150,79,11,485,17540
2024-02-25,Meta Ads,Performance_Search,220,129,129,79,12,447,16230
2024-02-25,Meta Ads,Performance_Shopping,332,196,201,107,24,672,24320
2024-02-25,Meta Ads,Remarketing_Display,79,33,61,16,2,194,7560
2024-02-25,Meta Ads,Lead_Generation,210,127,151,46,13,417,14990
2024-02-25,Meta Ads,Display_Generico,310,185,204,94,12,622,22450
2024-02-25,Meta Ads,Video_Awareness_Amplo,554,329,349,181,24,1116,40330
2024-02-25,TikTok Ads,Performance_Search,354,212,236,105,13,709,25540
2024-02-25,TikTok Ads,Performance_Shopping,269,160,172,86,11,541,19550
2024-02-25,TikTok Ads,Remarketing_Display,153,63,102,47,4,378,14760
2024-02-25,TikTok Ads,Lead_Generation,559,332,356,167,36,1126,40690
2024-02-25,TikTok Ads,Display_Generico,776,465,519,222,35,1553,55950
2024-02-25,TikTok Ads,Video_Awareness_Amplo,653,389,421,214,18,1313,47380
2024-02-26,Google Ads,Performance_Search,172,103,114,51,7,344,12410
2024-02-26,Google Ads,Performance_Shopping,241,142,144,85,12,488,17690
2024-02-26,Google Ads,Remarketing_Display,133,54,84,42,7,330,12930
2024-02-26,Google Ads,Lead_Generation,228,136,150,69,9,458,16520
2024-02-26,Google Ads,Display_Generico,405,243,272,114,19,810,29160
2024-02-26,Google Ads,Video_Awareness_Amplo,400,239,260,126,14,802,28930
2024-02-26,Meta Ads,Performance_Search,250,151,176,62,12,497,17870
2024-02-26,Meta Ads,Performance_Shopping,383,227,243,121,19,773,27940
2024-02-26,Meta Ads,Remarketing_Display,181,75,123,47,11,446,17400
2024-02-26,Meta Ads,Lead_Generation,424,253,277,126,21,851,30710
2024-02-26,Meta Ads,Display_Generico,758,454,501,220,37,1518,54680
2024-02-26,Meta Ads,Video_Awareness_Amplo,671,397,416,212,43,1356,49040
2024-02-26,TikTok Ads,Performance_Search,810,483,522,251,37,1627,58710
2024-02-26,TikTok Ads,Performance_Shopping,616,369,410,177,29,1233,44430
2024-02-26,TikTok Ads,Remarketing_Display,304,126,205,81,18,749,29220
2024-02-26,TikTok Ads,Lead_Generation,785,471,525,227,33,1570,56520
2024-02-26,TikTok Ads,Display_Generico,748,446,481,223,44,1503,54220
2024-02-26,TikTok Ads,Video_Awareness_Amplo,832,494,525,261,46,1677,60580
2024-02-27,Google Ads,Performance_Search,265,158,174,81,10,532,19210
2024-02-27,Google Ads,Performance_Shopping,206,124,142,55,9,411,14780
2024-02-27,Google Ads,Remarketing_Display,120,49,72,42,6,297,11630
2024-02-27,Google Ads,Lead_Generation,360,216,242,97,21,720,25920
2024-02-27,Google Ads,Display_Generico,586,349,374,188,24,1178,42530
2024-02-27,Google Ads,Video_Awareness_Amplo,607,362,392,190,25,1219,43990
2024-02-27,Meta Ads,Performance_Search,427,254,271,127,29,859,31030
2024-02-27,Meta Ads,Performance_Shopping,465,277,303,135,27,935,33740
2024-02-27,Meta Ads,Remarketing_Display,175,73,124,46,5,430,16760
2024-02-27,Meta Ads,Lead_Generation,597,361,421,149,27,1187,42620
2024-02-27,Meta Ads,Display_Generico,795,480,553,209,33,1582,56850
2024-02-27,Meta Ads,Video_Awareness_Amplo,860,514,563,253,44,1725,62180
2024-02-27,TikTok Ads,Performance_Search,496,295,316,149,31,998,36050
2024-02-27,TikTok Ads,Performance_Shopping,443,266,301,122,20,885,31870
2024-02-27,TikTok Ads,Remarketing_Display,283,117,187,73,23,698,27240
2024-02-27,TikTok Ads,Lead_Generation,403,241,266,124,13,808,29120
2024-02-27,TikTok Ads,Display_Generico,723,434,484,210,29,1445,52030
2024-02-27,TikTok Ads,Video_Awareness_Amplo,823,494,551,235,37,1645,59230
2024-02-28,Google Ads,Performance_Search,248,147,157,72,19,500,18090
2024-02-28,Google Ads,Performance_Shopping,324,192,200,106,18,654,23640
2024-02-28,Google Ads,Remarketing_Display,140,58,91,42,7,345,13460
2024-02-28,Google Ads,Lead_Generation,234,140,158,70,6,469,16900
2024-02-28,Google Ads,Display_Generico,441,263,287,125,29,886,31960
2024-02-28,Google Ads,Video_Awareness_Amplo,615,367,403,180,32,1235,44540
2024-02-28,Meta Ads,Performance_Search,530,315,337,167,26,1067,38550
2024-02-28,Meta Ads,Performance_Shopping,376,221,223,133,20,763,27670
2024-02-28,Meta Ads,Remarketing_Display,128,52,79,43,6,318,12440
2024-02-28,Meta Ads,Lead_Generation,383,229,253,110,20,768,27680
2024-02-28,Meta Ads,Display_Generico,780,466,509,240,31,1565,56420
2024-02-28,Meta Ads,Video_Awareness_Amplo,834,497,538,248,48,1676,60490
2024-02-28,TikTok Ads,Performance_Search,781,470,530,216,35,1558,56050
2024-02-28,TikTok Ads,Performance_Shopping,639,381,413,191,35,1284,46320
2024-02-28,TikTok Ads,Remarketing_Display,244,101,156,76,12,601,23470
2024-02-28,TikTok Ads,Lead_Generation,609,364,397,174,38,1221,44030
2024-02-28,TikTok Ads,Display_Generico,734,438,475,224,35,1474,53160
2024-02-28,TikTok Ads,Video_Awareness_Amplo,1075,640,685,326,64,2162,78050
2024-02-29,Google Ads,Performance_Search,332,197,210,103,19,669,24190
2024-02-29,Google Ads,Performance_Shopping,237,141,151,73,13,477,17220
2024-02-29,Google Ads,Remarketing_Display,104,43,72,27,5,256,10010
2024-02-29,Google Ads,Lead_Generation,411,244,258,133,20,828,29930
2024-02-29,Google Ads,Display_Generico,607,364,405,161,41,1214,43730
2024-02-29,Google Ads,Video_Awareness_Amplo,315,187,201,99,15,635,22940
2024-02-29,Meta Ads,Performance_Search,393,233,245,127,21,793,28660
2024-02-29,Meta Ads,Performance_Shopping,486,290,319,146,21,976,35200
2024-02-29,Meta Ads,Remarketing_Display,174,73,121,46,7,426,16610
2024-02-29,Meta Ads,Lead_Generation,327,194,208,99,20,659,23830
2024-02-29,Meta Ads,Display_Generico,666,398,439,196,31,1336,48160
2024-02-29,Meta Ads,Video_Awareness_Amplo,811,483,517,253,41,1631,58860
2024-02-29,TikTok Ads,Performance_Search,465,278,304,138,23,932,33610
2024-02-29,TikTok Ads,Performance_Shopping,494,292,302,165,27,999,36140
2024-02-29,TikTok Ads,Remarketing_Display,329,136,213,105,11,811,31670
2024-02-29,TikTok Ads,Lead_Generation,763,454,484,243,36,1535,55430
2024-02-29,TikTok Ads,Display_Generico,846,506,554,250,42,1696,61120
2024-02-29,TikTok Ads,Video_Awareness_Amplo,958,571,617,297,44,1925,69470
2024-03-01,Google Ads,Performance_Search,294,176,196,82,16,589,21220
2024-03-01,Google Ads,Performance_Shopping,200,120,135,55,10,400,14400
2024-03-01,Google Ads,Remarketing_Display,145,58,79,59,7,362,14210
2024-03-01,Google Ads,Lead_Generation,238,142,156,74,8,478,17240
2024-03-01,Google Ads,Display_Generico,591,352,377,181,33,1188,42890
2024-03-01,Google Ads,Video_Awareness_Amplo,579,344,367,175,37,1166,42130
2024-03-01,Meta Ads,Performance_Search,437,261,288,116,33,877,31620
2024-03-01,Meta Ads,Performance_Shopping,624,373,411,176,37,1251,45110
2024-03-01,Meta Ads,Remarketing_Display,136,56,91,39,6,336,13120
2024-03-01,Meta Ads,Lead_Generation,627,373,401,194,32,1262,45560
2024-03-01,Meta Ads,Display_Generico,1034,615,656,321,57,2081,75150
2024-03-01,Meta Ads,Video_Awareness_Amplo,850,502,514,295,41,1720,62240
2024-03-01,TikTok Ads,Performance_Search,507,304,338,140,29,1014,36530
2024-03-01,TikTok Ads,Performance_Shopping,676,401,422,215,39,1363,49270
2024-03-01,TikTok Ads,Remarketing_Display,295,122,195,88,12,727,28390
2024-03-01,TikTok Ads,Lead_Generation,976,584,640,286,50,1956,70480
2024-03-01,TikTok Ads,Display_Generico,1185,713,809,321,55,2365,85060
2024-03-01,TikTok Ads,Video_Awareness_Amplo,956,573,635,277,44,1913,68910
2024-03-02,Google Ads,Performance_Search,136,81,90,33,13,273,9870
2024-03-02,Google Ads,Performance_Shopping,291,171,176,103,12,591,21420
2024-03-02,Google Ads,Remarketing_Display,115,47,75,31,9,285,11140
2024-03-02,Google Ads,Lead_Generation,171,103,119,43,9,341,12260
2024-03-02,Google Ads,Display_Generico,228,136,150,65,13,458,16520
2024-03-02,Google Ads,Video_Awareness_Amplo,289,172,187,85,17,581,20990
2024-03-02,Meta Ads,Performance_Search,416,251,287,113,16,828,29770
2024-03-02,Meta Ads,Performance_Shopping,345,206,229,97,19,692,24970
2024-03-02,Meta Ads,Remarketing_Display,155,63,97,55,3,385,15060
2024-03-02,Meta Ads,Lead_Generation,330,198,220,91,19,660,23760
2024-03-02,Meta Ads,Display_Generico,558,335,374,158,26,1115,40150
2024-03-02,Meta Ads,Video_Awareness_Amplo,411,243,255,128,28,831,30060
2024-03-02,TikTok Ads,Performance_Search,499,296,316,160,23,1006,36370
2024-03-02,TikTok Ads,Performance_Shopping,609,364,398,186,25,1221,44030
2024-03-02,TikTok Ads,Remarketing_Display,128,53,83,41,4,315,12310
2024-03-02,TikTok Ads,Lead_Generation,542,328,381,135,26,1077,38660
2024-03-02,TikTok Ads,Display_Generico,880,529,596,237,47,1757,63230
2024-03-02,TikTok Ads,Video_Awareness_Amplo,551,328,352,171,28,1108,40010
2024-03-03,Google Ads,Performance_Search,215,129,148,59,8,430,15480
2024-03-03,Google Ads,Performance_Shopping,294,175,192,91,11,591,21350
2024-03-03,Google Ads,Remarketing_Display,88,37,63,21,4,215,8390
2024-03-03,Google Ads,Lead_Generation,226,135,153,65,8,453,16350
2024-03-03,Google Ads,Display_Generico,474,282,303,148,23,954,34440
2024-03-03,Google Ads,Video_Awareness_Amplo,383,227,238,122,23,773,27940
2024-03-03,Meta Ads,Performance_Search,235,139,149,74,12,475,17180
2024-03-03,Meta Ads,Performance_Shopping,274,163,178,81,15,551,19910
2024-03-03,Meta Ads,Remarketing_Display,96,39,59,29,8,238,9330
2024-03-03,Meta Ads,Lead_Generation,211,125,133,67,11,426,15400
2024-03-03,Meta Ads,Display_Generico,544,326,360,154,30,1089,39220
2024-03-03,Meta Ads,Video_Awareness_Amplo,404,240,259,128,17,814,29400
2024-03-03,TikTok Ads,Performance_Search,464,277,306,136,22,931,33590
2024-03-03,TikTok Ads,Performance_Shopping,309,184,198,100,11,621,22430
2024-03-03,TikTok Ads,Remarketing_Display,239,99,157,72,10,589,22980
2024-03-03,TikTok Ads,Lead_Generation,596,359,410,152,34,1188,42730
2024-03-03,TikTok Ads,Display_Generico,803,478,515,247,41,1615,58310
2024-03-03,TikTok Ads,Video_Awareness_Amplo,605,364,412,163,30,1207,43430
2024-03-04,Google Ads,Performance_Search,361,216,238,106,17,723,26070
2024-03-04,Google Ads,Performance_Shopping,231,140,165,55,11,458,16450
2024-03-04,Google Ads,Remarketing_Display,138,57,95,38,5,340,13290
2024-03-04,Google Ads,Lead_Generation,343,204,223,100,20,690,24930
2024-03-04,Google Ads,Display_Generico,726,430,451,233,42,1466,53000
2024-03-04,Google Ads,Video_Awareness_Amplo,604,361,397,180,27,1211,43670
2024-03-04,Meta Ads,Performance_Search,570,339,364,178,28,1147,41430
2024-03-04,Meta Ads,Performance_Shopping,631,379,428,173,30,1261,45380
2024-03-04,Meta Ads,Remarketing_Display,167,69,112,42,13,412,16080
2024-03-04,Meta Ads,Lead_Generation,683,408,445,197,41,1370,49410
2024-03-04,Meta Ads,Display_Generico,803,477,506,253,44,1618,58440
2024-03-04,Meta Ads,Video_Awareness_Amplo,606,361,388,186,32,1218,43970
2024-03-04,TikTok Ads,Performance_Search,413,247,272,116,25,828,29840
2024-03-04,TikTok Ads,Performance_Shopping,668,398,431,201,36,1343,48460
2024-03-04,TikTok Ads,Remarketing_Display,306,128,209,87,10,751,29260
2024-03-04,TikTok Ads,Lead_Generation,691,412,444,216,31,1388,50090
2024-03-04,TikTok Ads,Display_Generico,1071,640,697,318,56,2148,77450
2024-03-04,TikTok Ads,Video_Awareness_Amplo,828,492,521,271,36,1668,60240
2024-03-05,Google Ads,Performance_Search,344,204,218,105,21,694,25080
2024-03-05,Google Ads,Performance_Shopping,309,184,200,96,13,621,22430
2024-03-05,Google Ads,Remarketing_Display,180,73,105,67,8,447,17510
2024-03-05,Google Ads,Lead_Generation,437,261,284,133,20,877,31620
2024-03-05,Google Ads,Display_Generico,626,373,404,188,34,1258,45410
2024-03-05,Google Ads,Video_Awareness_Amplo,363,215,225,116,22,733,26500
2024-03-05,Meta Ads,Performance_Search,454,272,300,133,21,909,32740
2024-03-05,Meta Ads,Performance_Shopping,525,315,352,145,28,1050,37800
2024-03-05,Meta Ads,Remarketing_Display,198,82,127,61,10,488,19040
2024-03-05,Meta Ads,Lead_Generation,547,326,356,151,40,1099,39670
2024-03-05,Meta Ads,Display_Generico,765,454,480,240,45,1542,55730
2024-03-05,Meta Ads,Video_Awareness_Amplo,1072,637,676,341,55,2159,77990
2024-03-05,TikTok Ads,Performance_Search,365,217,230,112,23,735,26540
2024-03-05,TikTok Ads,Performance_Shopping,874,521,562,257,55,1756,63370
2024-03-05,TikTok Ads,Remarketing_Display,337,138,208,116,13,834,32610
2024-03-05,TikTok Ads,Lead_Generation,655,390,417,208,30,1317,47550
2024-03-05,TikTok Ads,Display_Generico,1193,715,796,344,53,2388,86000
2024-03-05,TikTok Ads,Video_Awareness_Amplo,912,547,609,268,35,1824,65690
2024-03-06,Google Ads,Performance_Search,415,247,267,129,19,835,30140
2024-03-06,Google Ads,Performance_Shopping,193,115,129,52,12,388,14000
2024-03-06,Google Ads,Remarketing_Display,111,46,75,30,6,273,10670
2024-03-06,Google Ads,Lead_Generation,328,195,209,105,14,660,23850
2024-03-06,Google Ads,Display_Generico,472,280,296,150,26,952,34400
2024-03-06,Google Ads,Video_Awareness_Amplo,553,331,367,164,22,1108,39920
2024-03-06,Meta Ads,Performance_Search,388,230,245,129,14,783,28300
2024-03-06,Meta Ads,Performance_Shopping,406,242,265,120,21,816,29440
2024-03-06,Meta Ads,Remarketing_Display,213,87,130,70,13,528,20640
2024-03-06,Meta Ads,Lead_Generation,584,349,381,181,22,1171,42230
2024-03-06,Meta Ads,Display_Generico,752,449,488,226,38,1509,54430
2024-03-06,Meta Ads,Video_Awareness_Amplo,977,584,639,293,45,1959,70630
2024-03-06,TikTok Ads,Performance_Search,1002,594,625,327,50,2022,73080
2024-03-06,TikTok Ads,Performance_Shopping,411,244,257,136,18,828,29930
2024-03-06,TikTok Ads,Remarketing_Display,235,98,159,62,14,577,22510
2024-03-06,TikTok Ads,Lead_Generation,408,243,264,121,23,820,29610
2024-03-06,TikTok Ads,Display_Generico,1225,734,814,348,63,2452,88330
2024-03-06,TikTok Ads,Video_Awareness_Amplo,1261,747,782,416,63,2546,92040
2024-03-07,Google Ads,Performance_Search,295,175,184,98,13,595,21500
2024-03-07,Google Ads,Performance_Shopping,365,215,222,124,19,740,26800
2024-03-07,Google Ads,Remarketing_Display,173,72,118,48,7,425,16590
2024-03-07,Google Ads,Lead_Generation,231,138,150,70,11,463,16710
2024-03-07,Google Ads,Display_Generico,551,330,367,157,27,1103,39750
2024-03-07,Google Ads,Video_Awareness_Amplo,726,433,470,221,35,1458,52610
2024-03-07,Meta Ads,Performance_Search,356,212,230,111,15,716,25840
2024-03-07,Meta Ads,Performance_Shopping,357,213,234,106,17,717,25860
2024-03-07,Meta Ads,Remarketing_Display,231,96,155,61,15,568,22170
2024-03-07,Meta Ads,Lead_Generation,402,239,256,122,24,809,29230
2024-03-07,Meta Ads,Display_Generico,561,336,374,154,33,1123,40470
2024-03-07,Meta Ads,Video_Awareness_Amplo,708,422,455,221,32,1423,51340
2024-03-07,TikTok Ads,Performance_Search,898,536,581,260,57,1803,65020
2024-03-07,TikTok Ads,Performance_Shopping,469,284,330,118,21,931,33430
2024-03-07,TikTok Ads,Remarketing_Display,291,120,191,85,15,718,28050
2024-03-07,TikTok Ads,Lead_Generation,847,505,548,258,41,1702,61400
2024-03-07,TikTok Ads,Display_Generico,1538,913,962,506,70,3100,112010
2024-03-07,TikTok Ads,Video_Awareness_Amplo,991,591,642,290,59,1991,71820
2024-03-08,Google Ads,Performance_Search,317,191,218,88,11,632,22720
2024-03-08,Google Ads,Performance_Shopping,336,200,219,105,12,676,24400
2024-03-08,Google Ads,Remarketing_Display,143,58,82,50,11,355,13910
2024-03-08,Google Ads,Lead_Generation,251,147,145,87,19,511,18540
2024-03-08,Google Ads,Display_Generico,686,407,430,212,44,1383,49990
2024-03-08,Google Ads,Video_Awareness_Amplo,599,359,399,167,33,1199,43180
2024-03-08,Meta Ads,Performance_Search,351,208,223,113,15,708,25610
2024-03-08,Meta Ads,Performance_Shopping,307,183,199,93,15,617,22260
2024-03-08,Meta Ads,Remarketing_Display,167,69,112,50,5,412,16080
2024-03-08,Meta Ads,Lead_Generation,285,170,188,86,11,572,20650
2024-03-08,Meta Ads,Display_Generico,978,581,619,312,47,1970,71170
2024-03-08,Meta Ads,Video_Awareness_Amplo,726,436,492,189,45,1451,52220
2024-03-08,TikTok Ads,Performance_Search,682,408,447,209,26,1367,49260
2024-03-08,TikTok Ads,Performance_Shopping,441,262,278,141,22,888,32090
2024-03-08,TikTok Ads,Remarketing_Display,222,92,143,68,11,547,21340
2024-03-08,TikTok Ads,Lead_Generation,891,530,566,296,29,1793,64750
2024-03-08,TikTok Ads,Display_Generico,1084,647,703,332,49,2176,78490
2024-03-08,TikTok Ads,Video_Awareness_Amplo,1265,755,821,381,63,2540,91600
2024-03-09,Google Ads,Performance_Search,201,119,124,65,12,406,14680
2024-03-09,Google Ads,Performance_Shopping,157,93,101,42,14,317,11460
2024-03-09,Google Ads,Remarketing_Display,114,47,75,32,7,281,10990
2024-03-09,Google Ads,Lead_Generation,256,155,182,68,6,508,18250
2024-03-09,Google Ads,Display_Generico,337,199,209,102,26,682,24680
2024-03-09,Google Ads,Video_Awareness_Amplo,387,231,255,122,10,777,28020
2024-03-09,Meta Ads,Performance_Search,359,215,242,102,15,719,25900
2024-03-09,Meta Ads,Performance_Shopping,282,167,176,90,16,569,20590
2024-03-09,Meta Ads,Remarketing_Display,104,42,64,36,4,259,10140
2024-03-09,Meta Ads,Lead_Generation,379,223,228,126,25,769,27860
2024-03-09,Meta Ads,Display_Generico,483,289,323,138,22,968,34880
2024-03-09,Meta Ads,Video_Awareness_Amplo,384,230,254,117,13,769,27700
2024-03-09,TikTok Ads,Performance_Search,569,339,366,179,24,1144,41280
2024-03-09,TikTok Ads,Performance_Shopping,652,392,445,185,22,1302,46840
2024-03-09,TikTok Ads,Remarketing_Display,136,56,88,41,7,336,13120
2024-03-09,TikTok Ads,Lead_Generation,400,238,257,118,25,805,29060
2024-03-09,TikTok Ads,Display_Generico,620,368,392,211,17,1250,45160
2024-03-09,TikTok Ads,Video_Awareness_Amplo,577,344,371,176,30,1159,41830
2024-03-10,Google Ads,Performance_Search,144,86,95,42,7,289,10420
2024-03-10,Google Ads,Performance_Shopping,259,155,170,74,15,519,18700
2024-03-10,Google Ads,Remarketing_Display,125,52,84,38,3,307,11990
2024-03-10,Google Ads,Lead_Generation,146,87,95,43,8,293,10590
2024-03-10,Google Ads,Display_Generico,313,186,202,97,14,630,22770
2024-03-10,Google Ads,Video_Awareness_Amplo,318,190,212,92,14,638,23000
2024-03-10,Meta Ads,Performance_Search,305,183,209,82,14,610,21960
2024-03-10,Meta Ads,Performance_Shopping,223,134,151,59,13,445,16030
2024-03-10,Meta Ads,Remarketing_Display,108,45,80,23,5,265,10350
2024-03-10,Meta Ads,Lead_Generation,317,189,206,96,15,637,22980
2024-03-10,Meta Ads,Display_Generico,473,284,319,140,14,945,34030
2024-03-10,Meta Ads,Video_Awareness_Amplo,575,342,369,180,26,1157,41790
2024-03-10,TikTok Ads,Performance_Search,299,177,189,94,16,604,21840
2024-03-10,TikTok Ads,Performance_Shopping,263,157,170,79,14,528,19040
2024-03-10,TikTok Ads,Remarketing_Display,172,72,119,48,5,422,16440
2024-03-10,TikTok Ads,Lead_Generation,473,281,299,146,28,953,34420
2024-03-10,TikTok Ads,Display_Generico,727,433,466,227,34,1462,52760
2024-03-10,TikTok Ads,Video_Awareness_Amplo,789,472,523,232,34,1581,56990
2024-03-11,Google Ads,Performance_Search,241,143,155,76,10,486,17560
2024-03-11,Google Ads,Performance_Shopping,419,250,275,122,22,841,30350
2024-03-11,Google Ads,Remarketing_Display,164,68,112,41,11,404,15760
2024-03-11,Google Ads,Lead_Generation,379,225,239,120,20,764,27600
2024-03-11,Google Ads,Display_Generico,454,268,279,155,20,919,33260
2024-03-11,Google Ads,Video_Awareness_Amplo,701,423,486,180,35,1396,50160
2024-03-11,Meta Ads,Performance_Search,363,218,248,99,16,725,26110
2024-03-11,Meta Ads,Performance_Shopping,348,207,222,110,16,700,25290
2024-03-11,Meta Ads,Remarketing_Display,224,91,133,77,14,556,21770
2024-03-11,Meta Ads,Lead_Generation,381,224,224,144,13,773,28030
2024-03-11,Meta Ads,Display_Generico,891,530,565,282,44,1793,64750
2024-03-11,Meta Ads,Video_Awareness_Amplo,632,379,422,176,34,1264,45530
2024-03-11,TikTok Ads,Performance_Search,479,286,314,146,19,961,34670
2024-03-11,TikTok Ads,Performance_Shopping,565,333,341,194,30,1145,41460
2024-03-11,TikTok Ads,Remarketing_Display,412,172,280,110,22,1012,39440
2024-03-11,TikTok Ads,Lead_Generation,797,474,506,260,31,1604,57930
2024-03-11,TikTok Ads,Display_Generico,960,573,622,274,64,1927,69510
2024-03-11,TikTok Ads,Video_Awareness_Amplo,1116,664,708,341,67,2246,81080
2024-03-12,Google Ads,Performance_Search,333,199,217,105,11,668,24080
2024-03-12,Google Ads,Performance_Shopping,332,198,217,98,17,667,24060
2024-03-12,Google Ads,Remarketing_Display,153,63,104,36,13,378,14760
2024-03-12,Google Ads,Lead_Generation,436,262,294,120,22,871,31340
2024-03-12,Google Ads,Display_Generico,791,473,521,232,38,1586,57160
2024-03-12,Google Ads,Video_Awareness_Amplo,508,306,348,133,27,1013,36420
2024-03-12,Meta Ads,Performance_Search,398,241,280,109,9,790,28370
2024-03-12,Meta Ads,Performance_Shopping,251,149,157,83,11,506,18280
2024-03-12,Meta Ads,Remarketing_Display,204,84,129,62,13,504,19680
2024-03-12,Meta Ads,Lead_Generation,642,382,407,194,41,1292,46640
2024-03-12,Meta Ads,Display_Generico,628,375,408,188,32,1260,45450
2024-03-12,Meta Ads,Video_Awareness_Amplo,547,327,361,160,26,1097,39540
2024-03-12,TikTok Ads,Performance_Search,486,293,335,137,14,968,34810
2024-03-12,TikTok Ads,Performance_Shopping,640,382,418,188,34,1285,46340
2024-03-12,TikTok Ads,Remarketing_Display,296,123,200,83,13,728,28410
2024-03-12,TikTok Ads,Lead_Generation,832,494,525,267,40,1677,60580
2024-03-12,TikTok Ads,Display_Generico,886,526,558,284,44,1786,64520
2024-03-12,TikTok Ads,Video_Awareness_Amplo,852,506,537,273,42,1717,62020
2024-03-13,Google Ads,Performance_Search,418,251,281,126,11,835,30070
2024-03-13,Google Ads,Performance_Shopping,334,199,218,102,14,671,24230
2024-03-13,Google Ads,Remarketing_Display,128,52,79,45,4,318,12440
2024-03-13,Google Ads,Lead_Generation,390,232,251,122,17,785,28340
2024-03-13,Google Ads,Display_Generico,518,309,337,149,32,1040,37530
2024-03-13,Google Ads,Video_Awareness_Amplo,642,384,420,191,31,1287,46380
2024-03-13,Meta Ads,Performance_Search,663,398,444,186,33,1325,47710
2024-03-13,Meta Ads,Performance_Shopping,522,313,349,153,20,1044,37610
2024-03-13,Meta Ads,Remarketing_Display,199,82,125,63,11,491,19190
2024-03-13,Meta Ads,Lead_Generation,310,186,208,80,22,620,22320
2024-03-13,Meta Ads,Display_Generico,948,566,615,295,38,1903,68620
2024-03-13,Meta Ads,Video_Awareness_Amplo,901,538,589,272,40,1808,65210
2024-03-13,TikTok Ads,Performance_Search,634,380,420,181,33,1269,45700
2024-03-13,TikTok Ads,Performance_Shopping,899,539,597,264,38,1799,64780
2024-03-13,TikTok Ads,Remarketing_Display,351,145,223,110,18,866,33800
2024-03-13,TikTok Ads,Lead_Generation,751,449,491,212,48,1506,54280
2024-03-13,TikTok Ads,Display_Generico,1044,621,663,337,44,2101,75870
2024-03-13,TikTok Ads,Video_Awareness_Amplo,826,490,515,264,47,1666,60200
2024-03-14,Google Ads,Performance_Search,309,184,201,93,15,621,22430
2024-03-14,Google Ads,Performance_Shopping,315,187,203,96,16,635,22940
2024-03-14,Google Ads,Remarketing_Display,126,52,85,37,4,311,12140
2024-03-14,Google Ads,Lead_Generation,455,268,273,160,22,922,33410
2024-03-14,Google Ads,Display_Generico,410,243,254,133,23,827,29910
2024-03-14,Google Ads,Video_Awareness_Amplo,659,394,430,200,29,1321,47630
2024-03-14,Meta Ads,Performance_Search,418,248,262,137,19,843,30460
2024-03-14,Meta Ads,Performance_Shopping,648,385,410,205,33,1305,47150
2024-03-14,Meta Ads,Remarketing_Display,274,113,178,78,18,676,26410
2024-03-14,Meta Ads,Lead_Generation,704,421,463,202,39,1411,50870
2024-03-14,Meta Ads,Display_Generico,998,596,649,295,54,2003,72220
2024-03-14,Meta Ads,Video_Awareness_Amplo,850,505,535,277,38,1712,61850
2024-03-14,TikTok Ads,Performance_Search,1061,635,697,307,57,2126,76600
2024-03-14,TikTok Ads,Performance_Shopping,689,411,449,202,38,1384,49920
2024-03-14,TikTok Ads,Remarketing_Display,289,118,177,101,11,716,28010
2024-03-14,TikTok Ads,Lead_Generation,453,269,284,148,21,913,32980
2024-03-14,TikTok Ads,Display_Generico,1069,641,711,307,51,2139,77020
2024-03-14,TikTok Ads,Video_Awareness_Amplo,1230,731,779,385,66,2477,89470
2024-03-15,Google Ads,Performance_Search,318,188,199,103,16,643,23260
2024-03-15,Google Ads,Performance_Shopping,191,113,122,59,10,386,13960
2024-03-15,Google Ads,Remarketing_Display,142,58,91,46,5,352,13760
2024-03-15,Google Ads,Lead_Generation,336,199,208,116,12,678,24530
2024-03-15,Google Ads,Display_Generico,705,422,464,200,41,1412,50890
2024-03-15,Google Ads,Video_Awareness_Amplo,493,290,290,178,25,1000,36250
2024-03-15,Meta Ads,Performance_Search,264,158,178,73,13,529,19060
2024-03-15,Meta Ads,Performance_Shopping,643,385,428,189,26,1288,46400
2024-03-15,Meta Ads,Remarketing_Display,263,108,168,83,12,650,25410
2024-03-15,Meta Ads,Lead_Generation,292,173,184,90,18,589,21310
2024-03-15,Meta Ads,Display_Generico,826,492,531,250,45,1661,59940
2024-03-15,Meta Ads,Video_Awareness_Amplo,717,428,469,220,28,1439,51910
2024-03-15,TikTok Ads,Performance_Search,453,272,309,123,21,905,32590
2024-03-15,TikTok Ads,Performance_Shopping,455,270,285,143,27,917,33150
2024-03-15,TikTok Ads,Remarketing_Display,390,162,255,118,17,960,37440
2024-03-15,TikTok Ads,Lead_Generation,673,401,436,205,32,1353,48820
2024-03-15,TikTok Ads,Display_Generico,1176,699,744,372,60,2368,85530
2024-03-15,TikTok Ads,Video_Awareness_Amplo,992,592,642,301,49,1992,71840
2024-03-16,Google Ads,Performance_Search,163,96,103,52,8,330,11970
2024-03-16,Google Ads,Performance_Shopping,125,74,82,35,8,252,9130
2024-03-16,Google Ads,Remarketing_Display,63,26,40,21,2,155,6070
2024-03-16,Google Ads,Lead_Generation,173,102,108,57,8,350,12690
2024-03-16,Google Ads,Display_Generico,299,180,205,84,10,596,21450
2024-03-16,Google Ads,Video_Awareness_Amplo,288,171,181,93,14,580,20970
2024-03-16,Meta Ads,Performance_Search,273,163,181,80,12,548,19760
2024-03-16,Meta Ads,Performance_Shopping,290,172,183,89,18,585,21140
2024-03-16,Meta Ads,Remarketing_Display,77,32,55,19,3,189,7390
2024-03-16,Meta Ads,Lead_Generation,299,177,185,99,15,604,21840
2024-03-16,Meta Ads,Display_Generico,378,225,241,117,20,760,27450
2024-03-16,Meta Ads,Video_Awareness_Amplo,411,245,269,117,25,826,29800
2024-03-16,TikTok Ads,Performance_Search,664,398,440,185,39,1329,47860
2024-03-16,TikTok Ads,Performance_Shopping,356,211,220,113,23,718,25970
2024-03-16,TikTok Ads,Remarketing_Display,251,103,160,83,8,621,24260
2024-03-16,TikTok Ads,Lead_Generation,439,263,290,128,21,879,31660
2024-03-16,TikTok Ads,Display_Generico,558,332,355,171,32,1123,40540
2024-03-16,TikTok Ads,Video_Awareness_Amplo,796,477,527,238,31,1593,57390
2024-03-17,Google Ads,Performance_Search,172,101,104,62,6,349,12670
2024-03-17,Google Ads,Performance_Shopping,263,158,177,75,11,525,18910
2024-03-17,Google Ads,Remarketing_Display,104,43,72,23,9,256,10010
2024-03-17,Google Ads,Lead_Generation,278,166,184,80,14,558,20120
2024-03-17,Google Ads,Display_Generico,384,229,249,114,21,771,27830
2024-03-17,Google Ads,Video_Awareness_Amplo,408,243,266,118,24,820,29610
2024-03-17,Meta Ads,Performance_Search,213,125,129,76,8,433,15700
2024-03-17,Meta Ads,Performance_Shopping,379,227,254,106,19,759,27340
2024-03-17,Meta Ads,Remarketing_Display,119,49,80,33,6,294,11480
2024-03-17,Meta Ads,Lead_Generation,425,255,288,120,17,850,30600
2024-03-17,Meta Ads,Display_Generico,477,288,332,125,20,949,34110
2024-03-17,Meta Ads,Video_Awareness_Amplo,574,343,375,169,30,1151,41510
2024-03-17,TikTok Ads,Performance_Search,440,263,293,132,15,882,31810
2024-03-17,TikTok Ads,Performance_Shopping,439,262,286,132,21,881,31790
2024-03-17,TikTok Ads,Remarketing_Display,162,68,114,41,7,397,15460
2024-03-17,TikTok Ads,Lead_Generation,312,187,208,90,14,624,22490
2024-03-17,TikTok Ads,Display_Generico,690,412,448,208,34,1385,49940
2024-03-17,TikTok Ads,Video_Awareness_Amplo,586,350,385,177,24,1176,42400
2024-03-18,Google Ads,Performance_Search,390,235,272,101,17,777,27950
2024-03-18,Google Ads,Performance_Shopping,312,184,187,109,16,632,22880
2024-03-18,Google Ads,Remarketing_Display,145,60,93,42,10,357,13950
2024-03-18,Google Ads,Lead_Generation,284,169,181,87,16,571,20630
2024-03-18,Google Ads,Display_Generico,470,281,309,141,20,942,33970
2024-03-18,Google Ads,Video_Awareness_Amplo,580,347,383,174,23,1162,41890
2024-03-18,Meta Ads,Performance_Search,291,174,193,87,11,583,21030
2024-03-18,Meta Ads,Performance_Shopping,329,195,209,95,25,664,24000
2024-03-18,Meta Ads,Remarketing_Display,161,66,105,43,13,398,15570
2024-03-18,Meta Ads,Lead_Generation,481,285,300,161,20,971,35100
2024-03-18,Meta Ads,Display_Generico,658,387,392,234,32,1335,48390
2024-03-18,Meta Ads,Video_Awareness_Amplo,515,307,333,157,25,1035,37340
2024-03-18,TikTok Ads,Performance_Search,893,531,569,269,55,1798,64920
2024-03-18,TikTok Ads,Performance_Shopping,863,515,561,266,36,1733,62500
2024-03-18,TikTok Ads,Remarketing_Display,204,84,135,58,11,504,19680
2024-03-18,TikTok Ads,Lead_Generation,859,510,537,281,41,1731,62550
2024-03-18,TikTok Ads,Display_Generico,1037,616,652,334,51,2089,75470
2024-03-18,TikTok Ads,Video_Awareness_Amplo,966,575,616,286,64,1943,70150
2024-03-19,Google Ads,Performance_Search,395,236,263,111,21,792,28570
2024-03-19,Google Ads,Performance_Shopping,389,230,241,131,17,786,28450
2024-03-19,Google Ads,Remarketing_Display,135,55,87,42,6,335,13100
2024-03-19,Google Ads,Lead_Generation,315,187,197,103,15,635,22940
2024-03-19,Google Ads,Display_Generico,582,345,366,186,30,1174,42450
2024-03-19,Google Ads,Video_Awareness_Amplo,422,252,275,125,22,847,30540
2024-03-19,Meta Ads,Performance_Search,295,176,196,81,18,592,21370
2024-03-19,Meta Ads,Performance_Shopping,274,162,168,83,23,554,20040
2024-03-19,Meta Ads,Remarketing_Display,247,102,161,76,10,609,23790
2024-03-19,Meta Ads,Lead_Generation,364,218,240,114,10,729,26260
2024-03-19,Meta Ads,Display_Generico,809,486,546,231,32,1616,58170
2024-03-19,Meta Ads,Video_Awareness_Amplo,630,375,406,193,31,1267,45750
2024-03-19,TikTok Ads,Performance_Search,610,362,383,188,39,1230,44440
2024-03-19,TikTok Ads,Performance_Shopping,705,421,459,218,28,1415,51020
2024-03-19,TikTok Ads,Remarketing_Display,249,103,159,74,16,614,23960
2024-03-19,TikTok Ads,Lead_Generation,663,397,443,192,28,1328,47840
2024-03-19,TikTok Ads,Display_Generico,1343,805,890,383,70,2688,96800
2024-03-19,TikTok Ads,Video_Awareness_Amplo,1322,789,854,400,68,2654,95730
2024-03-20,Google Ads,Performance_Search,417,249,272,125,20,837,30180
2024-03-20,Google Ads,Performance_Shopping,214,127,137,66,11,431,15590
2024-03-20,Google Ads,Remarketing_Display,147,60,86,50,11,364,14250
2024-03-20,Google Ads,Lead_Generation,401,238,255,126,20,808,29210
2024-03-20,Google Ads,Display_Generico,620,370,400,193,27,1245,44900
2024-03-20,Google Ads,Video_Awareness_Amplo,582,346,373,183,26,1172,42320
2024-03-20,Meta Ads,Performance_Search,543,323,348,168,27,1093,39460
2024-03-20,Meta Ads,Performance_Shopping,575,343,376,175,24,1155,41660
2024-03-20,Meta Ads,Remarketing_Display,147,62,106,34,7,359,13990
2024-03-20,Meta Ads,Lead_Generation,643,382,408,199,36,1295,46790
2024-03-20,Meta Ads,Display_Generico,838,502,557,222,59,1678,60440
2024-03-20,Meta Ads,Video_Awareness_Amplo,546,323,337,180,29,1103,39910
2024-03-20,TikTok Ads,Performance_Search,905,543,604,259,42,1810,65160
2024-03-20,TikTok Ads,Performance_Shopping,463,275,295,136,32,933,33700
2024-03-20,TikTok Ads,Remarketing_Display,197,82,132,56,9,484,18890
2024-03-20,TikTok Ads,Lead_Generation,769,459,500,224,45,1544,55680
2024-03-20,TikTok Ads,Display_Generico,1258,752,821,382,55,2523,90940
2024-03-20,TikTok Ads,Video_Awareness_Amplo,887,531,588,252,47,1777,64020
2024-03-21,Google Ads,Performance_Search,191,115,131,53,7,381,13700
2024-03-21,Google Ads,Performance_Shopping,440,264,299,121,20,880,31680
2024-03-21,Google Ads,Remarketing_Display,162,66,96,57,9,402,15720
2024-03-21,Google Ads,Lead_Generation,370,222,250,102,18,740,26640
2024-03-21,Google Ads,Display_Generico,392,234,256,113,23,787,28380
2024-03-21,Google Ads,Video_Awareness_Amplo,426,255,284,121,21,853,30750
2024-03-21,Meta Ads,Performance_Search,290,173,189,85,16,582,21010
2024-03-21,Meta Ads,Performance_Shopping,381,226,242,118,21,768,27770
2024-03-21,Meta Ads,Remarketing_Display,177,73,117,57,3,437,17060
2024-03-21,Meta Ads,Lead_Generation,395,235,250,117,28,795,28700
2024-03-21,Meta Ads,Display_Generico,790,473,526,228,36,1582,57010
2024-03-21,Meta Ads,Video_Awareness_Amplo,705,421,457,219,29,1415,51020
2024-03-21,TikTok Ads,Performance_Search,882,524,558,277,47,1777,64180
2024-03-21,TikTok Ads,Performance_Shopping,862,512,541,273,48,1737,62740
2024-03-21,TikTok Ads,Remarketing_Display,254,104,157,77,20,629,24580
2024-03-21,TikTok Ads,Lead_Generation,708,420,443,224,41,1428,51600
2024-03-21,TikTok Ads,Display_Generico,917,546,587,281,49,1844,66570
2024-03-21,TikTok Ads,Video_Awareness_Amplo,1029,615,671,304,54,2064,74400
2024-03-22,Google Ads,Performance_Search,402,240,263,116,23,807,29100
2024-03-22,Google Ads,Performance_Shopping,240,144,163,66,11,480,17280
2024-03-22,Google Ads,Remarketing_Display,187,76,115,61,11,464,18170
2024-03-22,Google Ads,Lead_Generation,297,177,190,95,12,597,21540
2024-03-22,Google Ads,Display_Generico,648,384,405,211,32,1308,47280
2024-03-22,Google Ads,Video_Awareness_Amplo,465,277,298,145,22,935,33740
2024-03-22,Meta Ads,Performance_Search,519,310,339,153,27,1041,37550
2024-03-22,Meta Ads,Performance_Shopping,513,305,325,158,30,1033,37300
2024-03-22,Meta Ads,Remarketing_Display,256,107,177,67,12,628,24490
2024-03-22,Meta Ads,Lead_Generation,341,205,235,86,20,681,24500
2024-03-22,Meta Ads,Display_Generico,844,501,530,272,42,1701,61470
2024-03-22,Meta Ads,Video_Awareness_Amplo,772,464,526,217,29,1542,55480
2024-03-22,TikTok Ads,Performance_Search,614,363,377,207,30,1241,44910
2024-03-22,TikTok Ads,Performance_Shopping,917,548,600,274,43,1839,66310
2024-03-22,TikTok Ads,Remarketing_Display,240,99,153,70,17,592,23130
2024-03-22,TikTok Ads,Lead_Generation,468,281,318,121,29,935,33670
2024-03-22,TikTok Ads,Display_Generico,1297,776,854,380,63,2599,93670
2024-03-22,TikTok Ads,Video_Awareness_Amplo,1126,676,759,310,57,2251,81020
2024-03-23,Google Ads,Performance_Search,246,147,161,79,6,493,17790
2024-03-23,Google Ads,Performance_Shopping,180,107,118,51,11,362,13090
2024-03-23,Google Ads,Remarketing_Display,87,36,65,20,2,214,8370
2024-03-23,Google Ads,Lead_Generation,284,172,200,74,10,564,20240
2024-03-23,Google Ads,Display_Generico,439,262,288,126,25,881,31790
2024-03-23,Google Ads,Video_Awareness_Amplo,258,150,146,98,14,528,19200
2024-03-23,Meta Ads,Performance_Search,194,114,119,65,10,394,14280
2024-03-23,Meta Ads,Performance_Shopping,316,189,212,84,20,633,22830
2024-03-23,Meta Ads,Remarketing_Display,86,36,63,20,3,211,8220
2024-03-23,Meta Ads,Lead_Generation,349,208,227,104,18,701,25310
2024-03-23,Meta Ads,Display_Generico,517,310,345,144,28,1034,37250
2024-03-23,Meta Ads,Video_Awareness_Amplo,558,335,377,155,26,1115,40150
2024-03-23,TikTok Ads,Performance_Search,548,326,352,167,29,1103,39820
2024-03-23,TikTok Ads,Performance_Shopping,314,189,216,81,17,626,22530
2024-03-23,TikTok Ads,Remarketing_Display,218,90,139,71,8,538,21000
2024-03-23,TikTok Ads,Lead_Generation,295,177,198,76,21,590,21240
2024-03-23,TikTok Ads,Display_Generico,627,375,411,189,27,1257,45300
2024-03-23,TikTok Ads,Video_Awareness_Amplo,747,445,477,232,38,1502,54200
2024-03-24,Google Ads,Performance_Search,263,155,161,92,10,533,19300
2024-03-24,Google Ads,Performance_Shopping,219,130,139,70,10,441,15950
2024-03-24,Google Ads,Remarketing_Display,72,29,41,28,3,179,7030
2024-03-24,Google Ads,Lead_Generation,226,135,147,67,12,453,16350
2024-03-24,Google Ads,Display_Generico,455,271,290,145,20,915,33020
2024-03-24,Google Ads,Video_Awareness_Amplo,379,225,238,117,24,764,27600
2024-03-24,Meta Ads,Performance_Search,227,135,148,66,13,457,16500
2024-03-24,Meta Ads,Performance_Shopping,186,109,110,67,9,378,13730
2024-03-24,Meta Ads,Remarketing_Display,110,44,63,39,8,275,10780
2024-03-24,Meta Ads,Lead_Generation,355,210,221,116,18,717,25950
2024-03-24,Meta Ads,Display_Generico,482,288,319,137,26,967,34860
2024-03-24,Meta Ads,Video_Awareness_Amplo,483,289,320,137,26,968,34880
2024-03-24,TikTok Ads,Performance_Search,482,291,335,129,18,959,34470
2024-03-24,TikTok Ads,Performance_Shopping,378,226,248,114,16,758,27320
2024-03-24,TikTok Ads,Remarketing_Display,211,87,141,62,8,521,20340
2024-03-24,TikTok Ads,Lead_Generation,304,182,203,82,19,609,21940
2024-03-24,TikTok Ads,Display_Generico,845,506,557,248,40,1692,60970
2024-03-24,TikTok Ads,Video_Awareness_Amplo,675,405,454,190,31,1350,48600
2024-03-25,Google Ads,Performance_Search,418,249,273,120,25,840,30330
2024-03-25,Google Ads,Performance_Shopping,312,188,216,82,14,622,22360
2024-03-25,Google Ads,Remarketing_Display,153,62,91,53,9,380,14890
2024-03-25,Google Ads,Lead_Generation,442,262,277,141,24,892,32240
2024-03-25,Google Ads,Display_Generico,593,357,405,166,22,1183,42540
2024-03-25,Google Ads,Video_Awareness_Amplo,615,367,402,189,24,1235,44540
2024-03-25,Meta Ads,Performance_Search,600,355,373,188,39,1212,43850
2024-03-25,Meta Ads,Performance_Shopping,594,355,390,185,19,1191,42950
2024-03-25,Meta Ads,Remarketing_Display,252,105,171,73,8,619,24150
2024-03-25,Meta Ads,Lead_Generation,390,231,245,126,19,787,28470
2024-03-25,Meta Ads,Display_Generico,517,306,323,172,22,1044,37770
2024-03-25,Meta Ads,Video_Awareness_Amplo,939,561,612,273,54,1884,67920
2024-03-25,TikTok Ads,Performance_Search,542,323,353,161,28,1089,39310
2024-03-25,TikTok Ads,Performance_Shopping,890,531,575,262,53,1787,64470
2024-03-25,TikTok Ads,Remarketing_Display,344,142,217,109,18,849,33140
2024-03-25,TikTok Ads,Lead_Generation,1089,651,711,327,51,2184,78720
2024-03-25,TikTok Ads,Display_Generico,1214,724,784,371,59,2439,87980
2024-03-25,TikTok Ads,Video_Awareness_Amplo,1496,896,992,427,77,2996,107920
2024-03-26,Google Ads,Performance_Search,304,181,199,93,12,611,22070
2024-03-26,Google Ads,Performance_Shopping,334,197,205,110,19,676,24490
2024-03-26,Google Ads,Remarketing_Display,141,57,79,54,8,351,13740
2024-03-26,Google Ads,Lead_Generation,290,174,197,78,15,580,20880
2024-03-26,Google Ads,Display_Generico,521,311,337,159,25,1046,37720
2024-03-26,Google Ads,Video_Awareness_Amplo,617,367,395,187,35,1242,44840
2024-03-26,Meta Ads,Performance_Search,466,277,296,139,31,938,33890
2024-03-26,Meta Ads,Performance_Shopping,605,364,413,161,31,1207,43430
2024-03-26,Meta Ads,Remarketing_Display,233,95,141,77,15,578,22600
2024-03-26,Meta Ads,Lead_Generation,435,260,288,119,28,872,31450
2024-03-26,Meta Ads,Display_Generico,690,415,472,189,29,1377,49550
2024-03-26,Meta Ads,Video_Awareness_Amplo,950,569,629,260,61,1902,68530
2024-03-26,TikTok Ads,Performance_Search,589,350,370,199,20,1186,42850
2024-03-26,TikTok Ads,Performance_Shopping,734,437,473,223,38,1476,53290
2024-03-26,TikTok Ads,Remarketing_Display,322,134,217,89,16,792,30880
2024-03-26,TikTok Ads,Lead_Generation,943,565,629,268,46,1888,68000
2024-03-26,TikTok Ads,Display_Generico,1084,647,702,330,52,2176,78490
2024-03-26,TikTok Ads,Video_Awareness_Amplo,980,585,636,281,63,1967,70950
2024-03-27,Google Ads,Performance_Search,402,238,251,133,18,812,29360
2024-03-27,Google Ads,Performance_Shopping,293,172,176,104,13,595,21590
2024-03-27,Google Ads,Remarketing_Display,82,34,53,25,4,202,7880
2024-03-27,Google Ads,Lead_Generation,175,102,102,62,11,357,12990
2024-03-27,Google Ads,Display_Generico,417,250,278,124,15,834,30050
2024-03-27,Google Ads,Video_Awareness_Amplo,551,326,337,188,26,1113,40270
2024-03-27,Meta Ads,Performance_Search,394,236,262,111,21,789,28420
2024-03-27,Meta Ads,Performance_Shopping,286,169,178,92,16,578,20930
2024-03-27,Meta Ads,Remarketing_Display,245,101,155,76,14,605,23620
2024-03-27,Meta Ads,Lead_Generation,484,289,319,147,18,971,35030
2024-03-27,Meta Ads,Display_Generico,861,514,559,267,35,1728,62330
2024-03-27,Meta Ads,Video_Awareness_Amplo,745,445,484,223,38,1495,53900
2024-03-27,TikTok Ads,Performance_Search,633,380,424,181,28,1265,45550
2024-03-27,TikTok Ads,Performance_Shopping,499,299,336,143,20,999,35980
2024-03-27,TikTok Ads,Remarketing_Display,212,87,128,69,15,524,20490
2024-03-27,TikTok Ads,Lead_Generation,578,344,373,173,32,1163,41980
2024-03-27,TikTok Ads,Display_Generico,1321,788,854,379,88,2653,95710
2024-03-27,TikTok Ads,Video_Awareness_Amplo,1282,765,828,389,65,2574,92850
2024-03-28,Google Ads,Performance_Search,347,206,220,109,18,699,25270
2024-03-28,Google Ads,Performance_Shopping,181,106,109,61,11,368,13370
2024-03-28,Google Ads,Remarketing_Display,135,55,86,40,9,335,13100
2024-03-28,Google Ads,Lead_Generation,359,214,230,115,14,721,26030
2024-03-28,Google Ads,Display_Generico,444,264,286,134,24,894,32280
2024-03-28,Google Ads,Video_Awareness_Amplo,745,446,494,210,41,1492,53770
2024-03-28,Meta Ads,Performance_Search,263,157,171,79,13,528,19040
2024-03-28,Meta Ads,Performance_Shopping,572,343,381,162,29,1144,41210
2024-03-28,Meta Ads,Remarketing_Display,160,66,100,54,6,395,15420
2024-03-28,Meta Ads,Lead_Generation,560,335,368,165,27,1122,40450
2024-03-28,Meta Ads,Display_Generico,683,408,446,197,40,1370,49410
2024-03-28,Meta Ads,Video_Awareness_Amplo,1052,628,684,310,58,2112,76160
2024-03-28,TikTok Ads,Performance_Search,980,582,615,310,55,1975,71340
2024-03-28,TikTok Ads,Performance_Shopping,897,536,588,268,41,1799,64870
2024-03-28,TikTok Ads,Remarketing_Display,366,150,225,111,30,906,35400
2024-03-28,TikTok Ads,Lead_Generation,910,545,606,266,38,1822,65650
2024-03-28,TikTok Ads,Display_Generico,1056,632,694,317,45,2116,76240
2024-03-28,TikTok Ads,Video_Awareness_Amplo,927,552,595,273,59,1864,67290
2024-03-29,Google Ads,Performance_Search,416,247,264,127,25,838,30290
2024-03-29,Google Ads,Performance_Shopping,239,142,156,69,14,481,17390
2024-03-29,Google Ads,Remarketing_Display,196,80,119,60,17,486,19000
2024-03-29,Google Ads,Lead_Generation,253,151,167,76,10,508,18320
2024-03-29,Google Ads,Display_Generico,581,344,358,193,30,1173,42430
2024-03-29,Google Ads,Video_Awareness_Amplo,550,327,353,165,32,1107,39990
2024-03-29,Meta Ads,Performance_Search,483,288,312,143,28,970,35010
2024-03-29,Meta Ads,Performance_Shopping,429,253,260,143,26,869,31460
2024-03-29,Meta Ads,Remarketing_Display,237,98,152,70,15,584,22810
2024-03-29,Meta Ads,Lead_Generation,427,254,276,133,18,859,31030
2024-03-29,Meta Ads,Display_Generico,820,486,513,262,45,1655,59820
2024-03-29,Meta Ads,Video_Awareness_Amplo,846,504,545,247,54,1701,61380
2024-03-29,TikTok Ads,Performance_Search,700,418,456,196,48,1405,50660
2024-03-29,TikTok Ads,Performance_Shopping,521,311,342,154,25,1046,37720
2024-03-29,TikTok Ads,Remarketing_Display,337,140,222,101,14,829,32350
2024-03-29,TikTok Ads,Lead_Generation,470,283,322,134,14,937,33710
2024-03-29,TikTok Ads,Display_Generico,1222,734,822,337,63,2442,87880
2024-03-29,TikTok Ads,Video_Awareness_Amplo,1178,703,760,352,66,2365,85310
2024-03-30,Google Ads,Performance_Search,178,108,128,42,8,353,12660
2024-03-30,Google Ads,Performance_Shopping,271,161,175,85,11,546,19720
2024-03-30,Google Ads,Remarketing_Display,64,26,42,19,3,159,6220
2024-03-30,Google Ads,Lead_Generation,260,154,161,82,17,525,18980
2024-03-30,Google Ads,Display_Generico,281,168,185,86,10,563,20310
2024-03-30,Google Ads,Video_Awareness_Amplo,288,171,181,92,15,580,20970
2024-03-30,Meta Ads,Performance_Search,256,152,166,79,11,516,18640
2024-03-30,Meta Ads,Performance_Shopping,174,102,106,56,12,354,12840
2024-03-30,Meta Ads,Remarketing_Display,133,54,75,52,6,330,12930
2024-03-30,Meta Ads,Lead_Generation,277,164,170,87,20,559,20230
2024-03-30,Meta Ads,Display_Generico,354,212,237,97,20,709,25540
2024-03-30,Meta Ads,Video_Awareness_Amplo,486,290,317,149,20,976,35200
2024-03-30,TikTok Ads,Performance_Search,394,236,260,113,21,789,28420
2024-03-30,TikTok Ads,Performance_Shopping,435,261,290,124,21,870,31320
2024-03-30,TikTok Ads,Remarketing_Display,148,61,94,48,6,365,14270
2024-03-30,TikTok Ads,Lead_Generation,364,216,232,112,20,734,26520
2024-03-30,TikTok Ads,Display_Generico,885,526,563,278,44,1782,64370
2024-03-30,TikTok Ads,Video_Awareness_Amplo,887,528,568,276,43,1784,64410
2024-03-31,Google Ads,Performance_Search,151,89,95,47,9,306,11080
2024-03-31,Google Ads,Performance_Shopping,207,124,138,62,7,414,14930
2024-03-31,Google Ads,Remarketing_Display,104,43,72,27,5,256,10010
2024-03-31,Google Ads,Lead_Generation,127,76,84,40,3,254,9170
2024-03-31,Google Ads,Display_Generico,421,251,274,130,17,846,30520
2024-03-31,Google Ads,Video_Awareness_Amplo,314,187,206,91,17,631,22790
2024-03-31,Meta Ads,Performance_Search,350,209,230,98,22,702,25330
2024-03-31,Meta Ads,Performance_Shopping,298,178,194,88,16,598,21560
2024-03-31,Meta Ads,Remarketing_Display,85,35,59,18,8,210,8200
2024-03-31,Meta Ads,Lead_Generation,302,180,199,87,16,607,21900
2024-03-31,Meta Ads,Display_Generico,440,262,285,136,19,885,31940
2024-03-31,Meta Ads,Video_Awareness_Amplo,374,222,236,119,19,754,27240
2024-03-31,TikTok Ads,Performance_Search,337,201,220,99,18,677,24420
2024-03-31,TikTok Ads,Performance_Shopping,448,266,281,141,26,903,32620
2024-03-31,TikTok Ads,Remarketing_Display,152,63,99,44,9,374,14610
2024-03-31,TikTok Ads,Lead_Generation,291,173,185,87,19,586,21160
2024-03-31,TikTok Ads,Display_Generico,853,510,561,249,43,1710,61650
2024-03-31,TikTok Ads,Video_Awareness_Amplo,633,377,409,194,30,1273,45940
2024-04-01,Google Ads,Performance_Search,327,193,198,109,20,662,23960
2024-04-01,Google Ads,Performance_Shopping,297,178,198,76,23,594,21410
2024-04-01,Google Ads,Remarketing_Display,117,48,79,32,6,289,11310
2024-04-01,Google Ads,Lead_Generation,436,256,257,156,23,886,32120
2024-04-01,Google Ads,Display_Generico,549,329,367,150,32,1099,39580
2024-04-01,Google Ads,Video_Awareness_Amplo,474,283,309,149,16,951,34310
2024-04-01,Meta Ads,Performance_Search,684,406,433,216,35,1379,49820
2024-04-01,Meta Ads,Performance_Shopping,635,376,392,209,34,1282,46370
2024-04-01,Meta Ads,Remarketing_Display,189,77,115,64,10,469,18340
2024-04-01,Meta Ads,Lead_Generation,267,160,179,81,7,534,19250
2024-04-01,Meta Ads,Display_Generico,745,448,509,197,39,1487,53510
2024-04-01,Meta Ads,Video_Awareness_Amplo,1025,611,659,320,46,2060,74320
2024-04-01,TikTok Ads,Performance_Search,553,329,352,176,25,1113,40180
2024-04-01,TikTok Ads,Performance_Shopping,758,452,492,222,44,1523,54940
2024-04-01,TikTok Ads,Remarketing_Display,311,128,196,98,17,768,30010
2024-04-01,TikTok Ads,Lead_Generation,949,565,604,296,49,1909,68900
2024-04-01,TikTok Ads,Display_Generico,912,543,584,281,47,1834,66210
2024-04-01,TikTok Ads,Video_Awareness_Amplo,1031,619,692,297,42,2061,74180
2024-04-02,Google Ads,Performance_Search,424,255,291,121,12,846,30450
2024-04-02,Google Ads,Performance_Shopping,397,235,247,123,27,802,29000
2024-04-02,Google Ads,Remarketing_Display,146,60,94,47,5,361,14100
2024-04-02,Google Ads,Lead_Generation,215,129,147,56,12,430,15480
2024-04-02,Google Ads,Display_Generico,680,406,446,201,33,1365,49220
2024-04-02,Google Ads,Video_Awareness_Amplo,445,267,301,121,23,890,32040
2024-04-02,Meta Ads,Performance_Search,484,288,307,159,18,974,35160
2024-04-02,Meta Ads,Performance_Shopping,521,312,349,142,30,1043,37590
2024-04-02,Meta Ads,Remarketing_Display,187,78,129,55,3,459,17910
2024-04-02,Meta Ads,Lead_Generation,519,308,327,163,29,1046,37810
2024-04-02,Meta Ads,Display_Generico,538,321,349,157,32,1080,38970
2024-04-02,Meta Ads,Video_Awareness_Amplo,1026,607,630,328,68,2073,74990
2024-04-02,TikTok Ads,Performance_Search,1003,599,654,296,53,2013,72580
2024-04-02,TikTok Ads,Performance_Shopping,812,488,549,225,38,1622,58360
2024-04-02,TikTok Ads,Remarketing_Display,361,148,217,127,17,893,34910
2024-04-02,TikTok Ads,Lead_Generation,981,588,654,280,47,1963,70710
2024-04-02,TikTok Ads,Display_Generico,1422,850,931,428,63,2852,102800
2024-04-02,TikTok Ads,Video_Awareness_Amplo,1064,639,719,312,33,2126,76530
2024-04-03,Google Ads,Performance_Search,245,145,156,74,15,495,17900
2024-04-03,Google Ads,Performance_Shopping,370,220,239,113,18,745,26900
2024-04-03,Google Ads,Remarketing_Display,162,66,96,53,13,402,15720
2024-04-03,Google Ads,Lead_Generation,270,163,187,66,17,537,19310
2024-04-03,Google Ads,Display_Generico,604,359,384,191,29,1216,43930
2024-04-03,Google Ads,Video_Awareness_Amplo,589,353,393,169,27,1179,42460
2024-04-03,Meta Ads,Performance_Search,521,312,349,142,30,1043,37590
2024-04-03,Meta Ads,Performance_Shopping,400,241,274,110,16,797,28670
2024-04-03,Meta Ads,Remarketing_Display,189,77,110,62,17,469,18340
2024-04-03,Meta Ads,Lead_Generation,455,276,328,109,18,902,32370
2024-04-03,Meta Ads,Display_Generico,863,513,544,273,46,1738,62760
2024-04-03,Meta Ads,Video_Awareness_Amplo,1009,605,670,297,42,2019,72700
2024-04-03,TikTok Ads,Performance_Search,558,334,373,168,17,1118,40280
2024-04-03,TikTok Ads,Performance_Shopping,569,337,356,180,33,1149,41540
2024-04-03,TikTok Ads,Remarketing_Display,316,130,197,104,15,781,30500
2024-04-03,TikTok Ads,Lead_Generation,594,354,386,173,35,1194,43080
2024-04-03,TikTok Ads,Display_Generico,1571,944,1059,445,67,3138,112930
2024-04-03,TikTok Ads,Video_Awareness_Amplo,1372,818,882,424,66,2757,99460
2024-04-04,Google Ads,Performance_Search,423,254,284,126,13,845,30430
2024-04-04,Google Ads,Performance_Shopping,297,177,196,82,19,597,21540
2024-04-04,Google Ads,Remarketing_Display,124,52,91,25,8,304,11840
2024-04-04,Google Ads,Lead_Generation,351,207,216,122,13,711,25740
2024-04-04,Google Ads,Display_Generico,736,440,481,212,43,1476,53200
2024-04-04,Google Ads,Video_Awareness_Amplo,523,313,347,156,20,1048,37760
2024-04-04,Meta Ads,Performance_Search,499,300,342,136,21,996,35850
2024-04-04,Meta Ads,Performance_Shopping,496,299,340,127,29,988,35530
2024-04-04,Meta Ads,Remarketing_Display,205,85,133,60,12,505,19700
2024-04-04,Meta Ads,Lead_Generation,304,182,201,90,13,609,21940
2024-04-04,Meta Ads,Display_Generico,890,533,588,244,58,1782,64210
2024-04-04,Meta Ads,Video_Awareness_Amplo,585,352,400,159,26,1167,41990
2024-04-04,TikTok Ads,Performance_Search,567,340,377,157,33,1134,40850
2024-04-04,TikTok Ads,Performance_Shopping,517,309,337,151,29,1037,37380
2024-04-04,TikTok Ads,Remarketing_Display,309,128,199,96,14,761,29710
2024-04-04,TikTok Ads,Lead_Generation,424,254,283,119,22,849,30580
2024-04-04,TikTok Ads,Display_Generico,1019,609,667,300,52,2044,73680
2024-04-04,TikTok Ads,Video_Awareness_Amplo,863,515,559,262,42,1733,62500
2024-04-05,Google Ads,Performance_Search,425,253,270,127,28,855,30860
2024-04-05,Google Ads,Performance_Shopping,228,136,148,71,9,458,16520
2024-04-05,Google Ads,Remarketing_Display,169,69,103,59,7,419,16380
2024-04-05,Google Ads,Lead_Generation,202,118,118,71,13,412,14960
2024-04-05,Google Ads,Display_Generico,507,300,316,174,17,1024,37050
2024-04-05,Google Ads,Video_Awareness_Amplo,679,405,437,210,32,1364,49200
2024-04-05,Meta Ads,Performance_Search,580,346,379,173,28,1165,42020
2024-04-05,Meta Ads,Performance_Shopping,407,243,266,120,21,817,29460
2024-04-05,Meta Ads,Remarketing_Display,163,67,102,53,8,403,15740
2024-04-05,Meta Ads,Lead_Generation,387,228,236,130,21,784,28410
2024-04-05,Meta Ads,Display_Generico,748,447,493,220,35,1500,54090
2024-04-05,Meta Ads,Video_Awareness_Amplo,866,517,566,257,43,1738,62690
2024-04-05,TikTok Ads,Performance_Search,1003,598,648,306,49,2015,72710
2024-04-05,TikTok Ads,Performance_Shopping,799,476,516,247,36,1606,57970
2024-04-05,TikTok Ads,Remarketing_Display,396,164,262,112,22,976,38080
2024-04-05,TikTok Ads,Lead_Generation,609,362,389,193,27,1226,44290
2024-04-05,TikTok Ads,Display_Generico,917,543,565,292,60,1852,66960
2024-04-05,TikTok Ads,Video_Awareness_Amplo,977,585,649,287,41,1957,70500
2024-04-06,Google Ads,Performance_Search,172,101,103,59,10,349,12670
2024-04-06,Google Ads,Performance_Shopping,176,106,123,48,5,351,12620
2024-04-06,Google Ads,Remarketing_Display,119,49,78,36,5,294,11480
2024-04-06,Google Ads,Lead_Generation,138,81,86,43,9,280,10170
2024-04-06,Google Ads,Display_Generico,375,223,240,117,18,755,27260
2024-04-06,Google Ads,Video_Awareness_Amplo,388,233,263,111,14,775,27910
2024-04-06,Meta Ads,Performance_Search,290,172,182,95,13,585,21140
2024-04-06,Meta Ads,Performance_Shopping,209,125,143,57,9,419,15100
2024-04-06,Meta Ads,Remarketing_Display,121,50,77,43,1,298,11650
2024-04-06,Meta Ads,Lead_Generation,326,195,215,94,17,653,23550
2024-04-06,Meta Ads,Display_Generico,437,258,268,143,26,884,32010
2024-04-06,Meta Ads,Video_Awareness_Amplo,476,284,313,146,17,956,34480
2024-04-06,TikTok Ads,Performance_Search,605,361,396,177,32,1215,43820
2024-04-06,TikTok Ads,Performance_Shopping,409,242,254,140,15,826,29890
2024-04-06,TikTok Ads,Remarketing_Display,254,104,154,86,14,629,24580
2024-04-06,TikTok Ads,Lead_Generation,354,211,227,102,25,711,25670
2024-04-06,TikTok Ads,Display_Generico,1077,643,703,329,45,2162,77960
2024-04-06,TikTok Ads,Video_Awareness_Amplo,590,350,369,198,23,1190,43000
2024-04-07,Google Ads,Performance_Search,205,122,131,64,10,412,14890
2024-04-07,Google Ads,Performance_Shopping,178,104,103,62,13,363,13180
2024-04-07,Google Ads,Remarketing_Display,101,41,61,35,5,251,9820
2024-04-07,Google Ads,Lead_Generation,280,167,185,87,8,562,20290
2024-04-07,Google Ads,Display_Generico,332,201,234,84,14,659,23670
2024-04-07,Google Ads,Video_Awareness_Amplo,241,144,160,73,8,483,17430
2024-04-07,Meta Ads,Performance_Search,189,112,123,60,6,381,13790
2024-04-07,Meta Ads,Performance_Shopping,447,268,297,138,12,894,32210
2024-04-07,Meta Ads,Remarketing_Display,114,48,85,27,2,279,10860
2024-04-07,Meta Ads,Lead_Generation,248,148,163,80,5,498,17960
2024-04-07,Meta Ads,Display_Generico,514,306,329,160,25,1034,37320
2024-04-07,Meta Ads,Video_Awareness_Amplo,650,388,425,195,30,1305,47060
2024-04-07,TikTok Ads,Performance_Search,512,305,329,157,26,1029,37150
2024-04-07,TikTok Ads,Performance_Shopping,443,262,276,149,18,895,32390
2024-04-07,TikTok Ads,Remarketing_Display,208,86,138,62,8,513,20020
2024-04-07,TikTok Ads,Lead_Generation,405,243,275,117,13,810,29160
2024-04-07,TikTok Ads,Display_Generico,774,462,506,225,43,1554,56040
2024-04-07,TikTok Ads,Video_Awareness_Amplo,1033,617,671,310,52,2073,74740
2024-04-08,Google Ads,Performance_Search,313,186,203,96,14,630,22770
2024-04-08,Google Ads,Performance_Shopping,271,160,169,85,17,548,19850
2024-04-08,Google Ads,Remarketing_Display,120,49,77,38,5,297,11630
2024-04-08,Google Ads,Lead_Generation,311,186,205,92,14,623,22470
2024-04-08,Google Ads,Display_Generico,674,401,433,194,47,1356,48970
2024-04-08,Google Ads,Video_Awareness_Amplo,422,250,266,139,17,852,30800
2024-04-08,Meta Ads,Performance_Search,385,231,260,106,19,770,27720
2024-04-08,Meta Ads,Performance_Shopping,629,373,395,190,44,1269,45860
2024-04-08,Meta Ads,Remarketing_Display,216,90,144,59,13,531,20700
2024-04-08,Meta Ads,Lead_Generation,578,346,384,168,26,1158,41720
2024-04-08,Meta Ads,Display_Generico,1017,605,645,328,44,2047,73900
2024-04-08,Meta Ads,Video_Awareness_Amplo,650,388,421,185,44,1305,47060
2024-04-08,TikTok Ads,Performance_Search,794,474,518,239,37,1594,57480
2024-04-08,TikTok Ads,Performance_Shopping,452,268,286,143,23,912,32960
2024-04-08,TikTok Ads,Remarketing_Display,372,151,213,140,19,924,36170
2024-04-08,TikTok Ads,Lead_Generation,1001,597,647,310,44,2011,72540
2024-04-08,TikTok Ads,Display_Generico,1101,656,704,334,63,2213,79870
2024-04-08,TikTok Ads,Video_Awareness_Amplo,1097,651,689,344,64,2212,79920
2024-04-09,Google Ads,Performance_Search,416,251,289,108,19,828,29770
2024-04-09,Google Ads,Performance_Shopping,276,164,179,79,18,556,20080
2024-04-09,Google Ads,Remarketing_Display,126,52,82,35,9,311,12140
2024-04-09,Google Ads,Lead_Generation,438,262,287,128,23,878,31640
2024-04-09,Google Ads,Display_Generico,462,275,298,140,24,929,33550
2024-04-09,Google Ads,Video_Awareness_Amplo,581,348,389,153,39,1163,41910
2024-04-09,Meta Ads,Performance_Search,641,384,426,183,32,1283,46230
2024-04-09,Meta Ads,Performance_Shopping,405,243,273,108,24,810,29160
2024-04-09,Meta Ads,Remarketing_Display,220,91,144,65,11,542,21170
2024-04-09,Meta Ads,Lead_Generation,498,297,326,147,25,1000,36090
2024-04-09,Meta Ads,Display_Generico,867,521,585,252,30,1732,62320
2024-04-09,Meta Ads,Video_Awareness_Amplo,621,374,429,165,27,1238,44530
2024-04-09,TikTok Ads,Performance_Search,439,260,273,147,19,886,32050
2024-04-09,TikTok Ads,Performance_Shopping,521,310,333,166,22,1048,37850
2024-04-09,TikTok Ads,Remarketing_Display,349,144,225,103,21,861,33630
2024-04-09,TikTok Ads,Lead_Generation,669,399,432,195,42,1344,48480
2024-04-09,TikTok Ads,Display_Generico,1703,1027,1174,452,77,3393,121940
2024-04-09,TikTok Ads,Video_Awareness_Amplo,1035,614,647,330,58,2087,75430
2024-04-10,Google Ads,Performance_Search,415,248,275,118,22,832,30010
2024-04-10,Google Ads,Performance_Shopping,293,175,190,86,17,588,21200
2024-04-10,Google Ads,Remarketing_Display,132,55,90,35,7,324,12650
2024-04-10,Google Ads,Lead_Generation,239,143,157,71,11,479,17260
2024-04-10,Google Ads,Display_Generico,787,468,503,255,29,1584,57210
2024-04-10,Google Ads,Video_Awareness_Amplo,609,363,394,181,34,1224,44160
2024-04-10,Meta Ads,Performance_Search,669,398,427,202,40,1346,48610
2024-04-10,Meta Ads,Performance_Shopping,503,301,330,147,26,1008,36320
2024-04-10,Meta Ads,Remarketing_Display,193,78,113,69,11,480,18810
2024-04-10,Meta Ads,Lead_Generation,681,409,457,183,41,1361,48980
2024-04-10,Meta Ads,Display_Generico,906,543,601,257,48,1813,65310
2024-04-10,Meta Ads,Video_Awareness_Amplo,801,480,530,225,46,1603,57750
2024-04-10,TikTok Ads,Performance_Search,572,344,390,160,22,1142,41080
2024-04-10,TikTok Ads,Performance_Shopping,951,568,621,283,47,1908,68810
2024-04-10,TikTok Ads,Remarketing_Display,230,96,156,60,14,565,22020
2024-04-10,TikTok Ads,Lead_Generation,884,532,604,245,35,1764,63440
2024-04-10,TikTok Ads,Display_Generico,1177,706,785,338,54,2354,84770
2024-04-10,TikTok Ads,Video_Awareness_Amplo,952,569,624,285,43,1909,68830
2024-04-11,Google Ads,Performance_Search,427,254,275,125,27,859,31030
2024-04-11,Google Ads,Performance_Shopping,337,202,224,93,20,674,24290
2024-04-11,Google Ads,Remarketing_Display,142,58,91,42,9,352,13760
2024-04-11,Google Ads,Lead_Generation,373,221,236,118,19,753,27220
2024-04-11,Google Ads,Display_Generico,671,403,455,187,29,1341,48260
2024-04-11,Google Ads,Video_Awareness_Amplo,745,441,457,231,57,1505,54420
2024-04-11,Meta Ads,Performance_Search,529,315,340,161,28,1064,38400
2024-04-11,Meta Ads,Performance_Shopping,369,218,226,127,16,746,27010
2024-04-11,Meta Ads,Remarketing_Display,193,81,136,46,11,473,18420
2024-04-11,Meta Ads,Lead_Generation,545,325,353,155,37,1095,39500
2024-04-11,Meta Ads,Display_Generico,785,472,532,216,37,1567,56390
2024-04-11,Meta Ads,Video_Awareness_Amplo,858,513,563,256,39,1720,62010
2024-04-11,TikTok Ads,Performance_Search,960,576,641,273,46,1920,69120
2024-04-11,TikTok Ads,Performance_Shopping,525,313,339,166,20,1055,38060
2024-04-11,TikTok Ads,Remarketing_Display,243,100,157,66,20,600,23450
2024-04-11,TikTok Ads,Lead_Generation,722,430,464,218,40,1452,52400
2024-04-11,TikTok Ads,Display_Generico,1305,778,842,390,73,2622,94610
2024-04-11,TikTok Ads,Video_Awareness_Amplo,961,576,641,266,54,1923,69270
2024-04-12,Google Ads,Performance_Search,278,168,195,70,13,553,19860
2024-04-12,Google Ads,Performance_Shopping,484,287,305,155,24,976,35290
2024-04-12,Google Ads,Remarketing_Display,160,67,115,36,9,392,15290
2024-04-12,Google Ads,Lead_Generation,313,184,189,111,13,635,23030
2024-04-12,Google Ads,Display_Generico,475,283,306,144,25,955,34460
2024-04-12,Google Ads,Video_Awareness_Amplo,635,379,410,194,31,1275,45980
2024-04-12,Meta Ads,Performance_Search,606,361,391,192,23,1218,43970
2024-04-12,Meta Ads,Performance_Shopping,429,255,274,133,22,864,31200
2024-04-12,Meta Ads,Remarketing_Display,177,72,109,59,9,439,17190
2024-04-12,Meta Ads,Lead_Generation,385,229,245,127,13,775,27980
2024-04-12,Meta Ads,Display_Generico,781,466,504,242,35,1568,56570
2024-04-12,Meta Ads,Video_Awareness_Amplo,756,453,505,217,34,1513,54510
2024-04-12,TikTok Ads,Performance_Search,1093,647,675,350,68,2208,79840
2024-04-12,TikTok Ads,Performance_Shopping,994,597,672,276,46,1986,71490
2024-04-12,TikTok Ads,Remarketing_Display,359,149,243,92,24,884,34480
2024-04-12,TikTok Ads,Lead_Generation,851,511,572,240,39,1701,61220
2024-04-12,TikTok Ads,Display_Generico,1311,786,871,386,54,2623,94470
2024-04-12,TikTok Ads,Video_Awareness_Amplo,1472,883,983,418,71,2944,106010
2024-04-13,Google Ads,Performance_Search,256,152,163,75,18,516,18640
2024-04-13,Google Ads,Performance_Shopping,309,184,199,93,17,621,22430
2024-04-13,Google Ads,Remarketing_Display,66,27,39,26,1,163,6390
2024-04-13,Google Ads,Lead_Generation,266,160,180,73,13,531,19100
2024-04-13,Google Ads,Display_Generico,320,189,198,109,13,647,23430
2024-04-13,Google Ads,Video_Awareness_Amplo,447,267,294,122,31,897,32340
2024-04-13,Meta Ads,Performance_Search,219,130,140,68,11,441,15950
2024-04-13,Meta Ads,Performance_Shopping,181,108,122,51,8,363,13110
2024-04-13,Meta Ads,Remarketing_Display,161,67,108,45,8,396,15440
2024-04-13,Meta Ads,Lead_Generation,316,188,205,102,9,636,22960
2024-04-13,Meta Ads,Display_Generico,500,298,323,156,21,1005,36260
2024-04-13,Meta Ads,Video_Awareness_Amplo,354,211,230,107,17,711,25670
2024-04-13,TikTok Ads,Performance_Search,699,417,452,217,30,1404,50640
2024-04-13,TikTok Ads,Performance_Shopping,417,249,273,120,24,837,30180
2024-04-13,TikTok Ads,Remarketing_Display,158,64,94,57,7,393,15380
2024-04-13,TikTok Ads,Lead_Generation,700,419,464,204,32,1402,50530
2024-04-13,TikTok Ads,Display_Generico,685,408,441,208,36,1377,49710
2024-04-13,TikTok Ads,Video_Awareness_Amplo,535,322,366,143,26,1067,38390
2024-04-14,Google Ads,Performance_Search,261,155,165,84,12,526,19000
2024-04-14,Google Ads,Performance_Shopping,176,104,110,46,20,356,12880
2024-04-14,Google Ads,Remarketing_Display,103,43,70,30,3,253,9860
2024-04-14,Google Ads,Lead_Generation,363,218,244,102,17,725,26110
2024-04-14,Google Ads,Display_Generico,252,150,165,81,6,507,18300
2024-04-14,Google Ads,Video_Awareness_Amplo,427,254,271,130,26,859,31030
2024-04-14,Meta Ads,Performance_Search,191,115,135,48,8,381,13700
2024-04-14,Meta Ads,Performance_Shopping,319,188,194,104,21,646,23410
2024-04-14,Meta Ads,Remarketing_Display,101,42,71,26,4,248,9690
2024-04-14,Meta Ads,Lead_Generation,257,151,153,85,19,522,18920
2024-04-14,Meta Ads,Display_Generico,550,328,355,171,24,1105,39860
2024-04-14,Meta Ads,Video_Awareness_Amplo,472,281,300,150,22,949,34270
2024-04-14,TikTok Ads,Performance_Search,276,164,175,88,13,556,20080
2024-04-14,TikTok Ads,Performance_Shopping,533,318,347,160,26,1070,38610
2024-04-14,TikTok Ads,Remarketing_Display,163,67,103,57,3,403,15740
2024-04-14,TikTok Ads,Lead_Generation,635,375,388,222,25,1285,46500
2024-04-14,TikTok Ads,Display_Generico,827,492,526,252,49,1664,60090
2024-04-14,TikTok Ads,Video_Awareness_Amplo,618,369,401,193,24,1240,44730
2024-04-15,Google Ads,Performance_Search,289,172,186,93,10,581,20990
2024-04-15,Google Ads,Performance_Shopping,250,148,158,81,11,505,18260
2024-04-15,Google Ads,Remarketing_Display,140,58,91,42,7,345,13460
2024-04-15,Google Ads,Lead_Generation,297,179,206,81,10,592,21280
2024-04-15,Google Ads,Display_Generico,666,395,416,210,40,1343,48550
2024-04-15,Google Ads,Video_Awareness_Amplo,480,288,326,124,30,960,34560
2024-04-15,Meta Ads,Performance_Search,379,226,248,113,18,761,27470
2024-04-15,Meta Ads,Performance_Shopping,554,332,367,158,29,1109,39940
2024-04-15,Meta Ads,Remarketing_Display,205,84,130,63,12,507,19830
2024-04-15,Meta Ads,Lead_Generation,736,440,482,217,37,1476,53200
2024-04-15,Meta Ads,Display_Generico,896,533,568,287,41,1803,65110
2024-04-15,Meta Ads,Video_Awareness_Amplo,757,449,474,241,42,1527,55180
2024-04-15,TikTok Ads,Performance_Search,565,337,367,163,35,1135,40940
2024-04-15,TikTok Ads,Performance_Shopping,842,502,546,258,38,1692,61040
2024-04-15,TikTok Ads,Remarketing_Display,339,140,219,101,19,836,32650
2024-04-15,TikTok Ads,Lead_Generation,421,250,267,135,19,848,30650
2024-04-15,TikTok Ads,Display_Generico,1397,832,895,425,77,2809,101390
2024-04-15,TikTok Ads,Video_Awareness_Amplo,1279,765,841,374,64,2564,92400
2024-04-16,Google Ads,Performance_Search,182,109,125,48,9,364,13130
2024-04-16,Google Ads,Performance_Shopping,479,288,325,131,23,956,34410
2024-04-16,Google Ads,Remarketing_Display,185,76,117,61,7,457,17870
2024-04-16,Google Ads,Lead_Generation,344,204,216,111,17,694,25080
2024-04-16,Google Ads,Display_Generico,697,418,465,204,28,1394,50210
2024-04-16,Google Ads,Video_Awareness_Amplo,772,460,498,243,31,1552,56000
2024-04-16,Meta Ads,Performance_Search,378,225,245,116,17,760,27450
2024-04-16,Meta Ads,Performance_Shopping,394,236,261,114,19,789,28420
2024-04-16,Meta Ads,Remarketing_Display,203,84,139,54,10,500,19530
2024-04-16,Meta Ads,Lead_Generation,371,222,245,112,14,743,26790
2024-04-16,Meta Ads,Display_Generico,790,473,521,231,38,1582,57010
2024-04-16,Meta Ads,Video_Awareness_Amplo,632,378,416,188,28,1267,45660
2024-04-16,TikTok Ads,Performance_Search,562,336,373,159,30,1127,40620
2024-04-16,TikTok Ads,Performance_Shopping,879,523,561,281,37,1769,63860
2024-04-16,TikTok Ads,Remarketing_Display,287,119,194,85,8,707,27580
2024-04-16,TikTok Ads,Lead_Generation,535,319,349,163,23,1075,38780
2024-04-16,TikTok Ads,Display_Generico,904,542,603,265,36,1809,65140
2024-04-16,TikTok Ads,Video_Awareness_Amplo,1645,984,1077,478,90,3297,118830
2024-04-17,Google Ads,Performance_Search,325,191,193,119,13,660,23920
2024-04-17,Google Ads,Performance_Shopping,213,125,125,81,7,433,15700
2024-04-17,Google Ads,Remarketing_Display,148,60,89,51,8,368,14400
2024-04-17,Google Ads,Lead_Generation,409,244,266,124,19,821,29630
2024-04-17,Google Ads,Display_Generico,572,340,360,182,30,1152,41600
2024-04-17,Google Ads,Video_Awareness_Amplo,476,282,294,153,29,961,34740
2024-04-17,Meta Ads,Performance_Search,588,354,402,161,25,1173,42180
2024-04-17,Meta Ads,Performance_Shopping,685,409,448,203,34,1375,49580
2024-04-17,Meta Ads,Remarketing_Display,235,96,145,82,8,582,22770
2024-04-17,Meta Ads,Lead_Generation,694,414,450,212,32,1394,50280
2024-04-17,Meta Ads,Display_Generico,982,587,644,290,48,1969,70990
2024-04-17,Meta Ads,Video_Awareness_Amplo,807,483,530,231,46,1617,58260
2024-04-17,TikTok Ads,Performance_Search,675,405,450,186,39,1350,48600
2024-04-17,TikTok Ads,Performance_Shopping,438,259,269,148,21,885,32030
2024-04-17,TikTok Ads,Remarketing_Display,317,131,207,96,14,782,30520
2024-04-17,TikTok Ads,Lead_Generation,923,554,621,255,47,1845,66430
2024-04-17,TikTok Ads,Display_Generico,752,450,496,213,43,1507,54300
2024-04-17,TikTok Ads,Video_Awareness_Amplo,1131,671,705,369,57,2281,82420
2024-04-18,Google Ads,Performance_Search,315,188,206,94,15,632,22810
2024-04-18,Google Ads,Performance_Shopping,244,147,168,63,13,486,17490
2024-04-18,Google Ads,Remarketing_Display,128,52,74,51,3,318,12440
2024-04-18,Google Ads,Lead_Generation,189,112,121,63,5,381,13790
2024-04-18,Google Ads,Display_Generico,495,294,310,154,31,997,36030
2024-04-18,Google Ads,Video_Awareness_Amplo,558,332,359,175,24,1123,40540
2024-04-18,Meta Ads,Performance_Search,655,390,417,209,29,1317,47550
2024-04-18,Meta Ads,Performance_Shopping,372,220,229,128,15,752,27200
2024-04-18,Meta Ads,Remarketing_Display,165,68,105,48,12,407,15910
2024-04-18,Meta Ads,Lead_Generation,680,407,448,195,37,1362,49090
2024-04-18,Meta Ads,Display_Generico,972,584,656,276,40,1942,69880
2024-04-18,Meta Ads,Video_Awareness_Amplo,769,461,514,222,33,1539,55420
2024-04-18,TikTok Ads,Performance_Search,406,243,267,124,15,813,29310
2024-04-18,TikTok Ads,Performance_Shopping,487,289,308,154,25,982,35480
2024-04-18,TikTok Ads,Remarketing_Display,414,171,261,133,20,1021,39870
2024-04-18,TikTok Ads,Lead_Generation,1050,624,666,334,50,2115,76380
2024-04-18,TikTok Ads,Display_Generico,895,534,578,279,38,1797,64830
2024-04-18,TikTok Ads,Video_Awareness_Amplo,1271,761,838,364,69,2546,91720
2024-04-19,Google Ads,Performance_Search,302,179,192,95,15,609,22030
2024-04-19,Google Ads,Performance_Shopping,214,127,134,71,9,431,15590
2024-04-19,Google Ads,Remarketing_Display,153,63,95,55,3,378,14760
2024-04-19,Google Ads,Lead_Generation,246,145,148,80,18,498,18050
2024-04-19,Google Ads,Display_Generico,651,388,423,200,28,1308,47210
2024-04-19,Google Ads,Video_Awareness_Amplo,750,446,478,231,41,1510,54520
2024-04-19,Meta Ads,Performance_Search,624,371,399,186,39,1256,45370
2024-04-19,Meta Ads,Performance_Shopping,496,293,302,168,26,1003,36310
2024-04-19,Meta Ads,Remarketing_Display,245,102,165,73,7,602,23490
2024-04-19,Meta Ads,Lead_Generation,336,199,208,110,18,678,24530
2024-04-19,Meta Ads,Display_Generico,853,509,550,261,42,1713,61780
2024-04-19,Meta Ads,Video_Awareness_Amplo,578,343,366,182,30,1165,42110
2024-04-19,TikTok Ads,Performance_Search,902,536,571,275,56,1817,65620
2024-04-19,TikTok Ads,Performance_Shopping,432,257,278,135,19,869,31390
2024-04-19,TikTok Ads,Remarketing_Display,264,109,172,79,13,651,25430
2024-04-19,TikTok Ads,Lead_Generation,473,284,318,132,23,945,34030
2024-04-19,TikTok Ads,Display_Generico,957,569,605,305,47,1927,69580
2024-04-19,TikTok Ads,Video_Awareness_Amplo,1006,598,639,315,52,2026,73160
2024-04-20,Google Ads,Performance_Search,182,109,121,52,9,364,13130
2024-04-20,Google Ads,Performance_Shopping,316,188,200,104,12,636,22960
2024-04-20,Google Ads,Remarketing_Display,86,35,58,22,6,213,8350
2024-04-20,Google Ads,Lead_Generation,281,169,191,81,9,561,20180
2024-04-20,Google Ads,Display_Generico,329,197,221,97,11,659,23740
2024-04-20,Google Ads,Video_Awareness_Amplo,382,231,269,92,21,759,27270
2024-04-20,Meta Ads,Performance_Search,371,220,235,113,23,748,27050
2024-04-20,Meta Ads,Performance_Shopping,243,145,157,75,11,488,17600
2024-04-20,Meta Ads,Remarketing_Display,122,51,87,32,3,299,11670
2024-04-20,Meta Ads,Lead_Generation,278,164,167,92,19,563,20380
2024-04-20,Meta Ads,Display_Generico,405,243,275,107,23,810,29160
2024-04-20,Meta Ads,Video_Awareness_Amplo,708,424,468,211,29,1418,51080
2024-04-20,TikTok Ads,Performance_Search,567,340,378,166,23,1134,40850
2024-04-20,TikTok Ads,Performance_Shopping,410,248,288,107,15,815,29260
2024-04-20,TikTok Ads,Remarketing_Display,187,78,128,48,11,459,17910
2024-04-20,TikTok Ads,Lead_Generation,404,242,270,112,22,809,29140
2024-04-20,TikTok Ads,Display_Generico,573,341,369,178,26,1153,41620
2024-04-20,TikTok Ads,Video_Awareness_Amplo,1013,604,656,305,52,2035,73430
2024-04-21,Google Ads,Performance_Search,316,189,207,90,19,633,22830
2024-04-21,Google Ads,Performance_Shopping,238,141,151,73,14,480,17370
2024-04-21,Google Ads,Remarketing_Display,87,35,55,26,6,217,8500
2024-04-21,Google Ads,Lead_Generation,298,177,192,91,15,600,21690
2024-04-21,Google Ads,Display_Generico,298,178,198,81,19,598,21560
2024-04-21,Google Ads,Video_Awareness_Amplo,414,246,264,128,22,834,30120
2024-04-21,Meta Ads,Performance_Search,308,185,208,94,6,615,22150
2024-04-21,Meta Ads,Performance_Shopping,439,265,306,118,15,874,31400
2024-04-21,Meta Ads,Remarketing_Display,163,67,104,50,9,403,15740
2024-04-21,Meta Ads,Lead_Generation,209,124,131,69,9,421,15230
2024-04-21,Meta Ads,Display_Generico,338,204,239,87,12,673,24180
2024-04-21,Meta Ads,Video_Awareness_Amplo,448,267,288,137,23,900,32490
2024-04-21,TikTok Ads,Performance_Search,554,329,351,172,31,1116,40330
2024-04-21,TikTok Ads,Performance_Shopping,453,270,291,141,21,910,32850
2024-04-21,TikTok Ads,Remarketing_Display,269,111,177,74,18,664,25920
2024-04-21,TikTok Ads,Lead_Generation,442,262,274,140,28,892,32240
2024-04-21,TikTok Ads,Display_Generico,552,328,347,180,25,1112,40160
2024-04-21,TikTok Ads,Video_Awareness_Amplo,495,295,323,152,20,995,35900
2024-04-22,Google Ads,Performance_Search,419,251,278,131,10,839,30220
2024-04-22,Google Ads,Performance_Shopping,364,214,217,120,27,739,26780
2024-04-22,Google Ads,Remarketing_Display,191,79,129,50,12,471,18380
2024-04-22,Google Ads,Lead_Generation,366,219,243,103,20,733,26430
2024-04-22,Google Ads,Display_Generico,435,257,268,144,23,880,31840
2024-04-22,Google Ads,Video_Awareness_Amplo,688,411,450,208,30,1380,49770
2024-04-22,Meta Ads,Performance_Search,565,337,368,162,35,1135,40940
2024-04-22,Meta Ads,Performance_Shopping,392,234,258,117,17,787,28380
2024-04-22,Meta Ads,Remarketing_Display,172,71,112,54,6,424,16570
2024-04-22,Meta Ads,Lead_Generation,566,337,363,171,32,1138,41090
2024-04-22,Meta Ads,Display_Generico,757,453,499,220,38,1517,54660
2024-04-22,Meta Ads,Video_Awareness_Amplo,672,399,420,224,28,1354,48930
2024-04-22,TikTok Ads,Performance_Search,470,279,295,149,26,947,34230
2024-04-22,TikTok Ads,Performance_Shopping,933,561,632,267,34,1863,67020
2024-04-22,TikTok Ads,Remarketing_Display,225,92,136,81,8,557,21790
2024-04-22,TikTok Ads,Lead_Generation,577,345,378,173,26,1157,41700
2024-04-22,TikTok Ads,Display_Generico,957,571,617,295,45,1922,69320
2024-04-22,TikTok Ads,Video_Awareness_Amplo,891,531,573,281,37,1791,64620
2024-04-23,Google Ads,Performance_Search,327,193,201,111,15,662,23960
2024-04-23,Google Ads,Performance_Shopping,245,145,154,82,9,495,17900
2024-04-23,Google Ads,Remarketing_Display,130,54,89,36,5,320,12480
2024-04-23,Google Ads,Lead_Generation,454,269,286,143,25,916,33130
2024-04-23,Google Ads,Display_Generico,671,400,436,206,29,1348,48650
2024-04-23,Google Ads,Video_Awareness_Amplo,423,252,276,127,20,850,30690
2024-04-23,Meta Ads,Performance_Search,264,157,173,76,15,531,19190
2024-04-23,Meta Ads,Performance_Shopping,488,291,318,141,29,980,35370
2024-04-23,Meta Ads,Remarketing_Display,149,61,94,42,13,369,14420
2024-04-23,Meta Ads,Lead_Generation,533,317,341,168,24,1073,38740
2024-04-23,Meta Ads,Display_Generico,854,511,560,244,50,1711,61670
2024-04-23,Meta Ads,Video_Awareness_Amplo,535,318,342,159,34,1077,38910
2024-04-23,TikTok Ads,Performance_Search,756,451,487,224,45,1518,54770
2024-04-23,TikTok Ads,Performance_Shopping,590,351,379,176,35,1187,42870
2024-04-23,TikTok Ads,Remarketing_Display,261,108,168,79,14,643,25110
2024-04-23,TikTok Ads,Lead_Generation,905,538,575,280,50,1822,65810
2024-04-23,TikTok Ads,Display_Generico,936,557,597,290,49,1883,67990
2024-04-23,TikTok Ads,Video_Awareness_Amplo,1273,759,822,389,62,2558,92280
2024-04-24,Google Ads,Performance_Search,249,149,164,66,19,499,17980
2024-04-24,Google Ads,Performance_Shopping,242,145,161,68,13,484,17450
2024-04-24,Google Ads,Remarketing_Display,137,57,91,39,7,337,13140
2024-04-24,Google Ads,Lead_Generation,304,182,205,84,15,609,21940
2024-04-24,Google Ads,Display_Generico,642,382,411,199,32,1292,46640
2024-04-24,Google Ads,Video_Awareness_Amplo,676,405,448,191,37,1353,48750
2024-04-24,Meta Ads,Performance_Search,590,349,360,189,41,1192,43130
2024-04-24,Meta Ads,Performance_Shopping,513,305,324,158,31,1033,37300
2024-04-24,Meta Ads,Remarketing_Display,141,58,96,42,3,348,13610
2024-04-24,Meta Ads,Lead_Generation,628,375,408,193,27,1260,45450
2024-04-24,Meta Ads,Display_Generico,658,391,417,211,30,1325,47870
2024-04-24,Meta Ads,Video_Awareness_Amplo,630,379,432,168,30,1257,45230
2024-04-24,TikTok Ads,Performance_Search,465,276,290,150,25,937,33870
2024-04-24,TikTok Ads,Performance_Shopping,750,444,464,246,40,1515,54780
2024-04-24,TikTok Ads,Remarketing_Display,287,118,177,99,11,709,27710
2024-04-24,TikTok Ads,Lead_Generation,489,290,307,156,26,986,35650
2024-04-24,TikTok Ads,Display_Generico,1582,944,1023,490,69,3177,114580
2024-04-24,TikTok Ads,Video_Awareness_Amplo,1063,631,665,341,57,2143,77420
2024-04-25,Google Ads,Performance_Search,413,248,279,115,19,825,29710
2024-04-25,Google Ads,Performance_Shopping,358,211,218,123,17,725,26270
2024-04-25,Google Ads,Remarketing_Display,183,76,126,46,11,450,17570
2024-04-25,Google Ads,Lead_Generation,385,230,254,105,26,772,27850
2024-04-25,Google Ads,Display_Generico,627,374,406,189,32,1259,45430
2024-04-25,Google Ads,Video_Awareness_Amplo,744,446,496,218,30,1489,53620
2024-04-25,Meta Ads,Performance_Search,339,204,231,94,14,676,24330
2024-04-25,Meta Ads,Performance_Shopping,382,227,245,122,15,769,27790
2024-04-25,Meta Ads,Remarketing_Display,209,86,137,61,11,516,20170
2024-04-25,Meta Ads,Lead_Generation,559,331,344,182,33,1129,40820
2024-04-25,Meta Ads,Display_Generico,958,572,626,283,49,1923,69340
2024-04-25,Meta Ads,Video_Awareness_Amplo,653,392,441,184,28,1305,46990
2024-04-25,TikTok Ads,Performance_Search,942,562,608,278,56,1892,68240
2024-04-25,TikTok Ads,Performance_Shopping,874,524,586,241,47,1749,62980
2024-04-25,TikTok Ads,Remarketing_Display,308,126,191,97,20,763,29820
2024-04-25,TikTok Ads,Lead_Generation,627,371,385,206,36,1267,45820
2024-04-25,TikTok Ads,Display_Generico,1276,765,850,351,75,2553,91950
2024-04-25,TikTok Ads,Video_Awareness_Amplo,1192,708,752,387,53,2402,86760
2024-04-26,Google Ads,Performance_Search,433,259,288,123,22,868,31280
2024-04-26,Google Ads,Performance_Shopping,265,157,167,86,12,535,19340
2024-04-26,Google Ads,Remarketing_Display,185,76,117,64,4,457,17870
2024-04-26,Google Ads,Lead_Generation,514,308,342,148,24,1029,37060
2024-04-26,Google Ads,Display_Generico,781,465,500,236,45,1571,56700
2024-04-26,Google Ads,Video_Awareness_Amplo,461,273,289,149,23,931,33660
2024-04-26,Meta Ads,Performance_Search,347,206,221,116,10,699,25270
2024-04-26,Meta Ads,Performance_Shopping,616,368,406,184,26,1236,44560
2024-04-26,Meta Ads,Remarketing_Display,160,66,100,55,5,395,15420
2024-04-26,Meta Ads,Lead_Generation,470,281,309,141,20,942,33970
2024-04-26,Meta Ads,Display_Generico,858,514,570,254,34,1718,61880
2024-04-26,Meta Ads,Video_Awareness_Amplo,772,461,503,226,43,1549,55870
2024-04-26,TikTok Ads,Performance_Search,468,278,299,144,25,943,34060
2024-04-26,TikTok Ads,Performance_Shopping,951,566,606,295,50,1913,69070
2024-04-26,TikTok Ads,Remarketing_Display,297,122,190,89,18,734,28690
2024-04-26,TikTok Ads,Lead_Generation,582,350,396,157,29,1162,41800
2024-04-26,TikTok Ads,Display_Generico,875,523,575,264,36,1755,63260
2024-04-26,TikTok Ads,Video_Awareness_Amplo,796,475,514,234,48,1598,57650
2024-04-27,Google Ads,Performance_Search,129,76,83,38,8,261,9470
2024-04-27,Google Ads,Performance_Shopping,238,142,159,65,14,478,17240
2024-04-27,Google Ads,Remarketing_Display,120,49,77,37,6,297,11630
2024-04-27,Google Ads,Lead_Generation,198,117,123,63,12,400,14490
2024-04-27,Google Ads,Display_Generico,377,227,263,99,15,752,27040
2024-04-27,Google Ads,Video_Awareness_Amplo,415,248,271,126,18,832,30010
2024-04-27,Meta Ads,Performance_Search,413,248,283,108,22,825,29710
2024-04-27,Meta Ads,Performance_Shopping,278,164,171,92,15,563,20380
2024-04-27,Meta Ads,Remarketing_Display,94,39,61,30,3,231,9030
2024-04-27,Meta Ads,Lead_Generation,259,152,151,86,22,526,19090
2024-04-27,Meta Ads,Display_Generico,500,301,340,138,22,997,35870
2024-04-27,Meta Ads,Video_Awareness_Amplo,647,385,413,202,32,1302,47000
2024-04-27,TikTok Ads,Performance_Search,275,164,182,84,9,552,19930
2024-04-27,TikTok Ads,Performance_Shopping,532,317,343,160,29,1069,38590
2024-04-27,TikTok Ads,Remarketing_Display,157,64,96,53,8,389,15230
2024-04-27,TikTok Ads,Lead_Generation,329,196,215,93,21,661,23870
2024-04-27,TikTok Ads,Display_Generico,653,392,438,179,36,1305,46990
2024-04-27,TikTok Ads,Video_Awareness_Amplo,757,452,493,235,29,1519,54790
2024-04-28,Google Ads,Performance_Search,177,106,119,50,8,354,12770
2024-04-28,Google Ads,Performance_Shopping,176,104,111,59,6,356,12880
2024-04-28,Google Ads,Remarketing_Display,99,42,76,19,4,241,9390
2024-04-28,Google Ads,Lead_Generation,307,183,203,92,12,617,22260
2024-04-28,Google Ads,Display_Generico,457,272,293,143,21,919,33190
2024-04-28,Google Ads,Video_Awareness_Amplo,299,178,195,84,20,601,21710
2024-04-28,Meta Ads,Performance_Search,215,129,148,59,8,430,15480
2024-04-28,Meta Ads,Performance_Shopping,385,228,239,128,18,777,28110
2024-04-28,Meta Ads,Remarketing_Display,191,78,119,66,6,473,18510
2024-04-28,Meta Ads,Lead_Generation,229,135,138,77,14,464,16800
2024-04-28,Meta Ads,Display_Generico,634,377,406,192,36,1276,46090
2024-04-28,Meta Ads,Video_Awareness_Amplo,450,267,286,146,18,907,32790
2024-04-28,TikTok Ads,Performance_Search,311,185,198,100,13,626,22600
2024-04-28,TikTok Ads,Performance_Shopping,589,352,389,176,24,1181,42590
2024-04-28,TikTok Ads,Remarketing_Display,234,97,156,65,13,576,22490
2024-04-28,TikTok Ads,Lead_Generation,403,241,264,115,24,808,29120
2024-04-28,TikTok Ads,Display_Generico,896,532,565,283,48,1806,65240
2024-04-28,TikTok Ads,Video_Awareness_Amplo,650,387,419,201,30,1307,47190
2024-04-29,Google Ads,Performance_Search,248,149,167,76,5,495,17830
2024-04-29,Google Ads,Performance_Shopping,322,194,221,90,11,642,23080
2024-04-29,Google Ads,Remarketing_Display,165,68,106,46,13,407,15910
2024-04-29,Google Ads,Lead_Generation,457,274,309,120,28,914,32930
2024-04-29,Google Ads,Display_Generico,614,365,387,189,38,1236,44650
2024-04-29,Google Ads,Video_Awareness_Amplo,436,261,288,127,21,873,31470
2024-04-29,Meta Ads,Performance_Search,589,348,361,200,28,1191,43110
2024-04-29,Meta Ads,Performance_Shopping,332,199,223,90,19,664,23930
2024-04-29,Meta Ads,Remarketing_Display,240,100,163,66,11,590,23000
2024-04-29,Meta Ads,Lead_Generation,499,298,327,150,22,1001,36110
2024-04-29,Meta Ads,Display_Generico,664,396,430,206,28,1334,48120
2024-04-29,Meta Ads,Video_Awareness_Amplo,906,540,584,264,58,1821,65700
2024-04-29,TikTok Ads,Performance_Search,747,442,459,248,40,1509,54590
2024-04-29,TikTok Ads,Performance_Shopping,990,591,641,298,51,1987,71670
2024-04-29,TikTok Ads,Remarketing_Display,424,176,281,120,23,1044,40720
2024-04-29,TikTok Ads,Lead_Generation,710,427,481,198,31,1417,50990
2024-04-29,TikTok Ads,Display_Generico,1275,763,839,381,55,2555,92060
2024-04-29,TikTok Ads,Video_Awareness_Amplo,1426,851,924,420,82,2863,103270
2024-04-30,Google Ads,Performance_Search,291,173,188,84,19,586,21160
2024-04-30,Google Ads,Performance_Shopping,278,166,183,84,11,558,20120
2024-04-30,Google Ads,Remarketing_Display,151,62,98,50,3,373,14590
2024-04-30,Google Ads,Lead_Generation,294,171,164,111,19,601,21870
2024-04-30,Google Ads,Display_Generico,645,386,425,198,22,1292,46570
2024-04-30,Google Ads,Video_Awareness_Amplo,679,407,456,200,23,1359,48940
2024-04-30,Meta Ads,Performance_Search,558,335,376,151,31,1115,40150
2024-04-30,Meta Ads,Performance_Shopping,567,341,388,154,25,1132,40720
2024-04-30,Meta Ads,Remarketing_Display,185,75,111,69,5,460,18000
2024-04-30,Meta Ads,Lead_Generation,347,206,223,105,19,699,25270
2024-04-30,Meta Ads,Display_Generico,635,381,425,189,21,1270,45720
2024-04-30,Meta Ads,Video_Awareness_Amplo,928,556,614,272,42,1858,66920
2024-04-30,TikTok Ads,Performance_Search,787,468,497,249,41,1584,57210
2024-04-30,TikTok Ads,Performance_Shopping,671,401,441,200,30,1346,48520
2024-04-30,TikTok Ads,Remarketing_Display,383,158,246,126,11,945,36910
2024-04-30,TikTok Ads,Lead_Generation,602,360,397,175,30,1207,43500
2024-04-30,TikTok Ads,Display_Generico,1203,720,792,353,58,2410,86850
2024-04-30,TikTok Ads,Video_Awareness_Amplo,1102,658,718,335,49,2212,79760
2024-05-01,Google Ads,Performance_Search,298,179,204,80,14,595,21430
2024-05-01,Google Ads,Performance_Shopping,348,209,234,91,23,695,25030
2024-05-01,Google Ads,Remarketing_Display,179,74,117,56,6,441,17230
2024-05-01,Google Ads,Lead_Generation,433,256,265,147,21,875,31670
2024-05-01,Google Ads,Display_Generico,546,327,360,156,30,1093,39390
2024-05-01,Google Ads,Video_Awareness_Amplo,720,430,468,222,30,1445,52100
2024-05-01,Meta Ads,Performance_Search,429,255,270,141,18,864,31200
2024-05-01,Meta Ads,Performance_Shopping,519,311,349,147,23,1039,37420
2024-05-01,Meta Ads,Remarketing_Display,172,71,115,48,9,424,16570
2024-05-01,Meta Ads,Lead_Generation,654,391,432,187,35,1311,47270
2024-05-01,Meta Ads,Display_Generico,857,514,575,232,50,1714,61730
2024-05-01,Meta Ads,Video_Awareness_Amplo,657,393,436,194,27,1317,47460
2024-05-01,TikTok Ads,Performance_Search,882,529,589,240,53,1764,63530
2024-05-01,TikTok Ads,Performance_Shopping,554,331,360,167,27,1111,40070
2024-05-01,TikTok Ads,Remarketing_Display,244,99,140,90,14,606,23730
2024-05-01,TikTok Ads,Lead_Generation,796,475,516,237,43,1598,57650
2024-05-01,TikTok Ads,Display_Generico,1073,640,695,324,54,2155,77750
2024-05-01,TikTok Ads,Video_Awareness_Amplo,1068,637,688,325,55,2145,77390
2024-05-02,Google Ads,Performance_Search,216,128,137,71,8,436,15760
2024-05-02,Google Ads,Performance_Shopping,389,232,250,127,12,781,28190
2024-05-02,Google Ads,Remarketing_Display,149,61,94,45,10,369,14420
2024-05-02,Google Ads,Lead_Generation,233,140,161,54,18,465,16750
2024-05-02,Google Ads,Display_Generico,707,418,436,232,39,1429,51710
2024-05-02,Google Ads,Video_Awareness_Amplo,447,267,294,133,20,897,32340
2024-05-02,Meta Ads,Performance_Search,634,378,407,203,24,1274,45960
2024-05-02,Meta Ads,Performance_Shopping,616,366,391,205,20,1241,44820
2024-05-02,Meta Ads,Remarketing_Display,231,96,154,69,8,568,22170
2024-05-02,Meta Ads,Lead_Generation,729,435,473,219,37,1464,52800
2024-05-02,Meta Ads,Display_Generico,1051,628,685,302,64,2108,76010
2024-05-02,Meta Ads,Video_Awareness_Amplo,1074,639,681,342,51,2161,78030
2024-05-02,TikTok Ads,Performance_Search,715,429,481,203,31,1430,51480
2024-05-02,TikTok Ads,Performance_Shopping,915,549,610,252,53,1830,65880
2024-05-02,TikTok Ads,Remarketing_Display,356,147,231,107,18,878,34290
2024-05-02,TikTok Ads,Lead_Generation,587,351,389,170,28,1177,42420
2024-05-02,TikTok Ads,Display_Generico,1421,848,920,418,83,2853,102910
2024-05-02,TikTok Ads,Video_Awareness_Amplo,1141,683,751,342,48,2286,82360
2024-05-03,Google Ads,Performance_Search,510,306,345,138,27,1020,36720
2024-05-03,Google Ads,Performance_Shopping,197,119,138,53,6,392,14080
2024-05-03,Google Ads,Remarketing_Display,150,62,98,47,5,370,14440
2024-05-03,Google Ads,Lead_Generation,336,202,231,93,12,671,24140
2024-05-03,Google Ads,Display_Generico,615,369,413,176,26,1230,44280
2024-05-03,Google Ads,Video_Awareness_Amplo,711,424,460,211,40,1428,51530
2024-05-03,Meta Ads,Performance_Search,632,380,431,176,25,1262,45400
2024-05-03,Meta Ads,Performance_Shopping,491,292,313,155,23,988,35690
2024-05-03,Meta Ads,Remarketing_Display,203,84,139,55,9,500,19530
2024-05-03,Meta Ads,Lead_Generation,381,227,245,119,17,766,27640
2024-05-03,Meta Ads,Display_Generico,983,582,607,321,55,1985,71790
2024-05-03,Meta Ads,Video_Awareness_Amplo,915,546,591,274,50,1837,66270
2024-05-03,TikTok Ads,Performance_Search,897,534,572,276,49,1804,65130
2024-05-03,TikTok Ads,Performance_Shopping,616,369,408,183,25,1233,44430
2024-05-03,TikTok Ads,Remarketing_Display,293,122,197,91,5,720,28090
2024-05-03,TikTok Ads,Lead_Generation,785,469,515,239,31,1575,56780
2024-05-03,TikTok Ads,Display_Generico,1282,764,823,381,78,2577,92980
2024-05-03,TikTok Ads,Video_Awareness_Amplo,994,595,657,292,45,1991,71750
2024-05-04,Google Ads,Performance_Search,303,180,195,95,13,610,22050
2024-05-04,Google Ads,Performance_Shopping,166,99,110,46,10,333,12030
2024-05-04,Google Ads,Remarketing_Display,92,37,54,33,5,229,8990
2024-05-04,Google Ads,Lead_Generation,302,179,188,101,13,609,22030
2024-05-04,Google Ads,Display_Generico,363,215,225,122,16,733,26500
2024-05-04,Google Ads,Video_Awareness_Amplo,402,239,258,123,21,809,29230
2024-05-04,Meta Ads,Performance_Search,281,167,177,88,16,566,20440
2024-05-04,Meta Ads,Performance_Shopping,407,242,258,125,24,819,29590
2024-05-04,Meta Ads,Remarketing_Display,161,66,102,49,10,398,15570
2024-05-04,Meta Ads,Lead_Generation,276,165,180,81,15,553,19950
2024-05-04,Meta Ads,Display_Generico,550,329,361,162,27,1102,39730
2024-05-04,Meta Ads,Video_Awareness_Amplo,441,264,293,121,27,883,31830
2024-05-04,TikTok Ads,Performance_Search,561,333,351,185,25,1131,40860
2024-05-04,TikTok Ads,Performance_Shopping,640,377,386,213,41,1297,46990
2024-05-04,TikTok Ads,Remarketing_Display,219,90,143,69,7,541,21150
2024-05-04,TikTok Ads,Lead_Generation,521,311,337,166,18,1046,37720
2024-05-04,TikTok Ads,Display_Generico,664,396,429,197,38,1334,48120
2024-05-04,TikTok Ads,Video_Awareness_Amplo,735,435,454,245,36,1485,53700
2024-05-05,Google Ads,Performance_Search,159,94,102,51,6,321,11630
2024-05-05,Google Ads,Performance_Shopping,287,171,186,86,15,577,20820
2024-05-05,Google Ads,Remarketing_Display,69,28,43,20,6,171,6710
2024-05-05,Google Ads,Lead_Generation,288,173,195,79,14,575,20710
2024-05-05,Google Ads,Display_Generico,464,280,324,127,13,924,33200
2024-05-05,Google Ads,Video_Awareness_Amplo,283,168,183,85,15,570,20610
2024-05-05,Meta Ads,Performance_Search,227,134,138,72,17,459,16630
2024-05-05,Meta Ads,Performance_Shopping,189,112,120,59,10,381,13790
2024-05-05,Meta Ads,Remarketing_Display,126,52,87,31,8,311,12140
2024-05-05,Meta Ads,Lead_Generation,427,257,290,111,26,852,30640
2024-05-05,Meta Ads,Display_Generico,461,275,298,135,28,926,33400
2024-05-05,Meta Ads,Video_Awareness_Amplo,521,309,329,169,23,1051,37980
2024-05-05,TikTok Ads,Performance_Search,531,319,363,146,22,1061,38180
2024-05-05,TikTok Ads,Performance_Shopping,303,180,196,94,13,610,22050
2024-05-05,TikTok Ads,Remarketing_Display,218,90,137,74,7,538,21000
2024-05-05,TikTok Ads,Lead_Generation,257,153,168,79,10,517,18660
2024-05-05,TikTok Ads,Display_Generico,660,393,423,208,29,1327,47910
2024-05-05,TikTok Ads,Video_Awareness_Amplo,602,358,382,190,30,1212,43760
2024-05-06,Google Ads,Performance_Search,416,249,276,124,16,833,30030
2024-05-06,Google Ads,Performance_Shopping,302,180,198,95,9,607,21900
2024-05-06,Google Ads,Remarketing_Display,135,55,80,47,8,335,13100
2024-05-06,Google Ads,Lead_Generation,381,227,244,113,24,766,27640
2024-05-06,Google Ads,Display_Generico,451,267,279,143,29,911,32940
2024-05-06,Google Ads,Video_Awareness_Amplo,682,409,457,200,25,1364,49130
2024-05-06,Meta Ads,Performance_Search,485,291,327,133,25,970,34920
2024-05-06,Meta Ads,Performance_Shopping,594,353,377,180,37,1196,43210
2024-05-06,Meta Ads,Remarketing_Display,294,121,188,93,13,726,28370
2024-05-06,Meta Ads,Lead_Generation,544,324,352,167,25,1094,39480
2024-05-06,Meta Ads,Display_Generico,1092,652,708,337,47,2192,79040
2024-05-06,Meta Ads,Video_Awareness_Amplo,652,387,410,212,30,1314,47490
2024-05-06,TikTok Ads,Performance_Search,444,266,299,122,23,889,32020
2024-05-06,TikTok Ads,Performance_Shopping,737,442,490,211,36,1474,53090
2024-05-06,TikTok Ads,Remarketing_Display,388,161,252,115,21,955,37270
2024-05-06,TikTok Ads,Lead_Generation,675,402,436,205,34,1357,48990
2024-05-06,TikTok Ads,Display_Generico,945,565,618,278,49,1895,68300
2024-05-06,TikTok Ads,Video_Awareness_Amplo,1436,860,952,410,74,2876,103600
2024-05-07,Google Ads,Performance_Search,488,291,318,141,29,980,35370
2024-05-07,Google Ads,Performance_Shopping,239,142,150,78,11,481,17390
2024-05-07,Google Ads,Remarketing_Display,211,86,129,73,9,523,20470
2024-05-07,Google Ads,Lead_Generation,219,131,149,63,7,439,15820
2024-05-07,Google Ads,Display_Generico,660,393,424,200,36,1327,47910
2024-05-07,Google Ads,Video_Awareness_Amplo,596,356,393,184,19,1196,43120
2024-05-07,Meta Ads,Performance_Search,525,316,357,148,20,1047,37670
2024-05-07,Meta Ads,Performance_Shopping,551,331,372,152,27,1101,39620
2024-05-07,Meta Ads,Remarketing_Display,218,91,148,64,6,535,20870
2024-05-07,Meta Ads,Lead_Generation,418,249,267,127,24,840,30330
2024-05-07,Meta Ads,Display_Generico,945,562,599,301,45,1902,68690
2024-05-07,Meta Ads,Video_Awareness_Amplo,945,564,616,278,51,1897,68430
2024-05-07,TikTok Ads,Performance_Search,517,305,315,177,25,1047,37900
2024-05-07,TikTok Ads,Performance_Shopping,562,336,368,163,31,1127,40620
2024-05-07,TikTok Ads,Remarketing_Display,243,101,161,75,7,598,23320
2024-05-07,TikTok Ads,Lead_Generation,534,317,334,176,24,1076,38890
2024-05-07,TikTok Ads,Display_Generico,1752,1049,1155,524,73,3509,126430
2024-05-07,TikTok Ads,Video_Awareness_Amplo,951,566,605,312,34,1913,69070
2024-05-08,Google Ads,Performance_Search,347,207,228,108,11,697,25140
2024-05-08,Google Ads,Performance_Shopping,302,181,200,86,16,604,21770
2024-05-08,Google Ads,Remarketing_Display,114,46,69,36,9,284,11120
2024-05-08,Google Ads,Lead_Generation,270,159,165,91,14,547,19830
2024-05-08,Google Ads,Display_Generico,597,359,407,170,20,1192,42880
2024-05-08,Google Ads,Video_Awareness_Amplo,555,330,350,168,37,1117,40350
2024-05-08,Meta Ads,Performance_Search,463,276,300,141,22,930,33570
2024-05-08,Meta Ads,Performance_Shopping,531,315,334,165,32,1071,38700
2024-05-08,Meta Ads,Remarketing_Display,212,88,138,60,14,522,20360
2024-05-08,Meta Ads,Lead_Generation,726,433,468,219,39,1458,52610
2024-05-08,Meta Ads,Display_Generico,990,591,640,302,48,1987,71670
2024-05-08,Meta Ads,Video_Awareness_Amplo,730,435,467,222,41,1467,52950
2024-05-08,TikTok Ads,Performance_Search,724,433,475,206,43,1451,52310
2024-05-08,TikTok Ads,Performance_Shopping,1033,616,669,311,53,2075,74870
2024-05-08,TikTok Ads,Remarketing_Display,313,129,195,101,17,773,30180
2024-05-08,TikTok Ads,Lead_Generation,843,504,550,256,37,1690,60930
2024-05-08,TikTok Ads,Display_Generico,1179,708,790,331,58,2356,84810
2024-05-08,TikTok Ads,Video_Awareness_Amplo,863,519,584,238,41,1723,61980
2024-05-09,Google Ads,Performance_Search,367,217,226,120,21,742,26840
2024-05-09,Google Ads,Performance_Shopping,233,139,153,66,14,468,16880
2024-05-09,Google Ads,Remarketing_Display,211,87,141,55,15,521,20340
2024-05-09,Google Ads,Lead_Generation,411,245,265,130,16,826,29800
2024-05-09,Google Ads,Display_Generico,700,417,450,226,24,1407,50790
2024-05-09,Google Ads,Video_Awareness_Amplo,675,403,443,213,19,1355,48860
2024-05-09,Meta Ads,Performance_Search,358,214,235,107,16,718,25880
2024-05-09,Meta Ads,Performance_Shopping,401,239,263,114,24,806,29080
2024-05-09,Meta Ads,Remarketing_Display,151,62,99,45,7,373,14590
2024-05-09,Meta Ads,Lead_Generation,477,283,303,149,25,962,34760
2024-05-09,Meta Ads,Display_Generico,758,453,494,233,31,1520,54810
2024-05-09,Meta Ads,Video_Awareness_Amplo,760,451,477,248,35,1532,55370
2024-05-09,TikTok Ads,Performance_Search,689,411,445,217,27,1384,49920
2024-05-09,TikTok Ads,Performance_Shopping,763,455,492,225,46,1533,55300
2024-05-09,TikTok Ads,Remarketing_Display,240,99,155,70,15,592,23130
2024-05-09,TikTok Ads,Lead_Generation,890,533,592,261,37,1782,64210
2024-05-09,TikTok Ads,Display_Generico,1329,796,878,402,49,2661,95870
2024-05-09,TikTok Ads,Video_Awareness_Amplo,1094,654,716,332,46,2194,79080
2024-05-10,Google Ads,Performance_Search,378,225,246,115,17,760,27450
2024-05-10,Google Ads,Performance_Shopping,422,252,279,122,21,847,30540
2024-05-10,Google Ads,Remarketing_Display,120,49,74,40,6,297,11630
2024-05-10,Google Ads,Lead_Generation,341,204,224,102,15,683,24630
2024-05-10,Google Ads,Display_Generico,572,343,384,163,25,1144,41210
2024-05-10,Google Ads,Video_Awareness_Amplo,712,427,474,204,34,1424,51290
2024-05-10,Meta Ads,Performance_Search,334,200,224,88,22,669,24100
2024-05-10,Meta Ads,Performance_Shopping,583,349,388,155,40,1168,42080
2024-05-10,Meta Ads,Remarketing_Display,230,96,156,56,18,565,22020
2024-05-10,Meta Ads,Lead_Generation,472,283,316,129,27,944,34010
2024-05-10,Meta Ads,Display_Generico,918,548,596,287,35,1843,66460
2024-05-10,Meta Ads,Video_Awareness_Amplo,990,591,642,301,47,1987,71670
2024-05-10,TikTok Ads,Performance_Search,873,521,564,263,46,1753,63220
2024-05-10,TikTok Ads,Performance_Shopping,861,515,568,251,42,1726,62200
2024-05-10,TikTok Ads,Remarketing_Display,331,138,223,94,14,813,31710
2024-05-10,TikTok Ads,Lead_Generation,568,337,356,185,27,1145,41390
2024-05-10,TikTok Ads,Display_Generico,908,543,598,260,50,1820,65610
2024-05-10,TikTok Ads,Video_Awareness_Amplo,1689,1010,1108,490,91,3386,122050
2024-05-11,Google Ads,Performance_Search,276,165,184,76,16,553,19950
2024-05-11,Google Ads,Performance_Shopping,310,185,203,95,12,622,22450
2024-05-11,Google Ads,Remarketing_Display,77,31,46,25,6,192,7520
2024-05-11,Google Ads,Lead_Generation,179,106,112,59,8,361,13070
2024-05-11,Google Ads,Display_Generico,247,147,159,80,8,497,17940
2024-05-11,Google Ads,Video_Awareness_Amplo,407,245,279,112,16,812,29200
2024-05-11,Meta Ads,Performance_Search,397,236,252,119,26,799,28870
2024-05-11,Meta Ads,Performance_Shopping,331,196,204,115,12,668,24170
2024-05-11,Meta Ads,Remarketing_Display,84,34,46,33,5,209,8180
2024-05-11,Meta Ads,Lead_Generation,252,151,167,71,14,504,18170
2024-05-11,Meta Ads,Display_Generico,529,312,317,181,31,1071,38790
2024-05-11,Meta Ads,Video_Awareness_Amplo,573,342,374,172,27,1150,41490
2024-05-11,TikTok Ads,Performance_Search,442,266,302,120,20,882,31720
2024-05-11,TikTok Ads,Performance_Shopping,297,175,183,99,15,602,21800
2024-05-11,TikTok Ads,Remarketing_Display,144,60,96,43,5,354,13800
2024-05-11,TikTok Ads,Lead_Generation,414,245,254,141,19,836,30250
2024-05-11,TikTok Ads,Display_Generico,1004,601,665,286,53,2011,72470
2024-05-11,TikTok Ads,Video_Awareness_Amplo,936,561,620,272,44,1873,67470
2024-05-12,Google Ads,Performance_Search,218,130,142,69,7,438,15800
2024-05-12,Google Ads,Performance_Shopping,250,149,161,77,12,502,18130
2024-05-12,Google Ads,Remarketing_Display,81,33,52,25,4,201,7860
2024-05-12,Google Ads,Lead_Generation,262,156,168,79,15,527,19020
2024-05-12,Google Ads,Display_Generico,461,273,288,148,25,931,33660
2024-05-12,Google Ads,Video_Awareness_Amplo,508,302,325,152,31,1023,36940
2024-05-12,Meta Ads,Performance_Search,241,145,166,67,8,481,17300
2024-05-12,Meta Ads,Performance_Shopping,328,197,225,89,14,655,23590
2024-05-12,Meta Ads,Remarketing_Display,109,45,77,25,7,269,10500
2024-05-12,Meta Ads,Lead_Generation,350,209,229,103,18,702,25330
2024-05-12,Meta Ads,Display_Generico,381,227,249,110,22,766,27640
2024-05-12,Meta Ads,Video_Awareness_Amplo,504,299,318,152,34,1016,36730
2024-05-12,TikTok Ads,Performance_Search,670,401,441,199,30,1342,48370
2024-05-12,TikTok Ads,Performance_Shopping,755,453,509,213,33,1510,54360
2024-05-12,TikTok Ads,Remarketing_Display,201,83,133,59,9,496,19360
2024-05-12,TikTok Ads,Lead_Generation,461,277,316,117,28,921,33140
2024-05-12,TikTok Ads,Display_Generico,698,415,446,218,34,1405,50750
2024-05-12,TikTok Ads,Video_Awareness_Amplo,959,574,630,280,49,1921,69230
2024-05-13,Google Ads,Performance_Search,497,295,316,159,22,1002,36200
2024-05-13,Google Ads,Performance_Shopping,286,170,186,81,19,576,20800
2024-05-13,Google Ads,Remarketing_Display,172,71,110,50,12,424,16570
2024-05-13,Google Ads,Lead_Generation,450,269,295,129,26,902,32530
2024-05-13,Google Ads,Display_Generico,735,442,502,204,29,1467,52790
2024-05-13,Google Ads,Video_Awareness_Amplo,569,340,375,164,30,1141,41150
2024-05-13,Meta Ads,Performance_Search,402,239,259,118,25,809,29230
2024-05-13,Meta Ads,Performance_Shopping,687,409,442,207,38,1382,49880
2024-05-13,Meta Ads,Remarketing_Display,228,94,148,70,10,563,21980
2024-05-13,Meta Ads,Lead_Generation,780,469,533,206,41,1557,56030
2024-05-13,Meta Ads,Display_Generico,637,379,406,198,33,1282,46280
2024-05-13,Meta Ads,Video_Awareness_Amplo,857,511,554,269,34,1722,62120
2024-05-13,TikTok Ads,Performance_Search,1133,676,731,347,55,2275,82070
2024-05-13,TikTok Ads,Performance_Shopping,972,580,632,310,30,1952,70400
2024-05-13,TikTok Ads,Remarketing_Display,322,133,203,100,19,794,31010
2024-05-13,TikTok Ads,Lead_Generation,523,313,349,147,27,1048,37760
2024-05-13,TikTok Ads,Display_Generico,1049,625,673,322,54,2109,76100
2024-05-13,TikTok Ads,Video_Awareness_Amplo,1086,655,749,286,51,2163,77750
2024-05-14,Google Ads,Performance_Search,506,303,338,142,26,1013,36510
2024-05-14,Google Ads,Performance_Shopping,411,247,282,111,18,821,29540
2024-05-14,Google Ads,Remarketing_Display,187,77,121,44,22,462,18040
2024-05-14,Google Ads,Lead_Generation,448,268,297,129,22,898,32360
2024-05-14,Google Ads,Display_Generico,679,408,460,185,34,1356,48810
2024-05-14,Google Ads,Video_Awareness_Amplo,520,313,357,140,23,1037,37310
2024-05-14,Meta Ads,Performance_Search,687,412,463,196,28,1374,49490
2024-05-14,Meta Ads,Performance_Shopping,346,203,202,117,27,703,25510
2024-05-14,Meta Ads,Remarketing_Display,205,85,134,64,7,505,19700
2024-05-14,Meta Ads,Lead_Generation,625,372,403,184,38,1257,45390
2024-05-14,Meta Ads,Display_Generico,971,579,626,294,51,1951,70380
2024-05-14,Meta Ads,Video_Awareness_Amplo,727,433,469,224,34,1462,52760
2024-05-14,TikTok Ads,Performance_Search,476,283,305,157,14,958,34610
2024-05-14,TikTok Ads,Performance_Shopping,782,468,518,226,38,1567,56460
2024-05-14,TikTok Ads,Remarketing_Display,385,161,264,112,9,945,36820
2024-05-14,TikTok Ads,Lead_Generation,750,448,489,226,35,1505,54260
2024-05-14,TikTok Ads,Display_Generico,1547,921,985,496,66,3112,112320
2024-05-14,TikTok Ads,Video_Awareness_Amplo,838,501,549,247,42,1680,60570
2024-05-15,Google Ads,Performance_Search,444,263,276,142,26,896,32410
2024-05-15,Google Ads,Performance_Shopping,476,284,313,139,24,956,34480
2024-05-15,Google Ads,Remarketing_Display,152,62,97,46,9,377,14740
2024-05-15,Google Ads,Lead_Generation,302,180,195,91,16,607,21900
2024-05-15,Google Ads,Display_Generico,711,425,467,207,37,1426,51400
2024-05-15,Google Ads,Video_Awareness_Amplo,542,323,351,166,25,1089,39310
2024-05-15,Meta Ads,Performance_Search,676,400,419,221,36,1366,49400
2024-05-15,Meta Ads,Performance_Shopping,351,209,229,111,11,706,25480
2024-05-15,Meta Ads,Remarketing_Display,136,55,83,43,10,338,13250
2024-05-15,Meta Ads,Lead_Generation,502,299,322,152,28,1009,36430
2024-05-15,Meta Ads,Display_Generico,1003,599,655,288,60,2013,72580
2024-05-15,Meta Ads,Video_Awareness_Amplo,642,387,440,175,27,1279,45990
2024-05-15,TikTok Ads,Performance_Search,721,432,478,210,33,1443,51990
2024-05-15,TikTok Ads,Performance_Shopping,887,529,573,265,49,1782,64280
2024-05-15,TikTok Ads,Remarketing_Display,383,160,261,101,21,940,36650
2024-05-15,TikTok Ads,Lead_Generation,806,483,535,235,36,1613,58110
2024-05-15,TikTok Ads,Display_Generico,1129,670,704,363,62,2276,82250
2024-05-15,TikTok Ads,Video_Awareness_Amplo,1379,826,913,391,75,2761,99470
2024-05-16,Google Ads,Performance_Search,370,221,240,105,25,742,26770
2024-05-16,Google Ads,Performance_Shopping,292,176,200,80,12,582,20920
2024-05-16,Google Ads,Remarketing_Display,177,72,107,60,10,439,17190
2024-05-16,Google Ads,Lead_Generation,207,122,126,67,14,419,15190
2024-05-16,Google Ads,Display_Generico,491,295,331,130,30,981,35300
2024-05-16,Google Ads,Video_Awareness_Amplo,507,300,313,171,23,1024,37050
2024-05-16,Meta Ads,Performance_Search,432,256,271,146,15,872,31520
2024-05-16,Meta Ads,Performance_Shopping,404,239,248,133,23,816,29530
2024-05-16,Meta Ads,Remarketing_Display,231,96,154,69,8,568,22170
2024-05-16,Meta Ads,Lead_Generation,327,196,217,92,18,654,23570
2024-05-16,Meta Ads,Display_Generico,887,531,587,270,30,1777,64020
2024-05-16,Meta Ads,Video_Awareness_Amplo,875,520,555,278,42,1762,63650
2024-05-16,TikTok Ads,Performance_Search,662,394,421,214,27,1332,48080
2024-05-16,TikTok Ads,Performance_Shopping,618,374,435,153,30,1228,44080
2024-05-16,TikTok Ads,Remarketing_Display,384,159,253,111,20,946,36930
2024-05-16,TikTok Ads,Lead_Generation,598,358,397,180,21,1198,43160
2024-05-16,TikTok Ads,Display_Generico,1481,886,972,432,77,2968,106970
2024-05-16,TikTok Ads,Video_Awareness_Amplo,1007,600,647,311,49,2024,73050
2024-05-17,Google Ads,Performance_Search,326,194,209,98,19,656,23680
2024-05-17,Google Ads,Performance_Shopping,521,309,329,163,29,1051,37980
2024-05-17,Google Ads,Remarketing_Display,144,59,93,44,7,356,13930
2024-05-17,Google Ads,Lead_Generation,284,170,188,81,15,569,20500
2024-05-17,Google Ads,Display_Generico,708,423,461,206,41,1420,51210
2024-05-17,Google Ads,Video_Awareness_Amplo,450,268,292,143,15,905,32660
2024-05-17,Meta Ads,Performance_Search,512,305,329,159,24,1029,37150
2024-05-17,Meta Ads,Performance_Shopping,696,417,462,207,27,1393,50190
2024-05-17,Meta Ads,Remarketing_Display,167,69,109,51,7,412,16080
2024-05-17,Meta Ads,Lead_Generation,598,361,419,150,29,1190,42770
2024-05-17,Meta Ads,Display_Generico,988,593,666,275,47,1975,71110
2024-05-17,Meta Ads,Video_Awareness_Amplo,882,528,584,256,42,1767,63660
2024-05-17,TikTok Ads,Performance_Search,809,484,531,231,47,1621,58430
2024-05-17,TikTok Ads,Performance_Shopping,537,320,344,159,34,1079,38950
2024-05-17,TikTok Ads,Remarketing_Display,279,116,184,85,10,686,26770
2024-05-17,TikTok Ads,Lead_Generation,513,307,339,150,24,1028,37040
2024-05-17,TikTok Ads,Display_Generico,1390,829,894,418,78,2792,100730
2024-05-17,TikTok Ads,Video_Awareness_Amplo,864,515,557,258,49,1736,62650
2024-05-18,Google Ads,Performance_Search,321,193,221,86,14,641,23060
2024-05-18,Google Ads,Performance_Shopping,285,171,190,77,18,570,20520
2024-05-18,Google Ads,Remarketing_Display,90,37,59,25,6,222,8690
2024-05-18,Google Ads,Lead_Generation,309,184,200,92,17,621,22430
2024-05-18,Google Ads,Display_Generico,316,188,202,104,10,636,22960
2024-05-18,Google Ads,Video_Awareness_Amplo,400,237,247,137,16,807,29190
2024-05-18,Meta Ads,Performance_Search,279,167,184,84,11,559,20140
2024-05-18,Meta Ads,Performance_Shopping,363,216,234,103,26,730,26370
2024-05-18,Meta Ads,Remarketing_Display,133,55,86,38,9,328,12800
2024-05-18,Meta Ads,Lead_Generation,304,180,193,94,17,614,22200
2024-05-18,Meta Ads,Display_Generico,444,262,273,152,19,899,32540
2024-05-18,Meta Ads,Video_Awareness_Amplo,458,273,295,140,23,920,33210
2024-05-18,TikTok Ads,Performance_Search,637,377,394,207,36,1287,46540
2024-05-18,TikTok Ads,Performance_Shopping,507,302,326,159,22,1019,36790
2024-05-18,TikTok Ads,Remarketing_Display,168,70,113,50,5,413,16100
2024-05-18,TikTok Ads,Lead_Generation,434,258,274,146,14,874,31560
2024-05-18,TikTok Ads,Display_Generico,826,492,531,255,40,1661,59940
2024-05-18,TikTok Ads,Video_Awareness_Amplo,821,486,509,263,49,1658,59970
2024-05-19,Google Ads,Performance_Search,201,119,129,58,14,406,14680
2024-05-19,Google Ads,Performance_Shopping,169,103,126,38,5,334,11960
2024-05-19,Google Ads,Remarketing_Display,84,34,55,22,7,209,8180
2024-05-19,Google Ads,Lead_Generation,160,95,101,51,8,322,11650
2024-05-19,Google Ads,Display_Generico,554,329,353,178,23,1116,40330
2024-05-19,Google Ads,Video_Awareness_Amplo,359,214,231,109,19,721,26030
2024-05-19,Meta Ads,Performance_Search,327,195,211,102,14,657,23700
2024-05-19,Meta Ads,Performance_Shopping,296,178,200,86,10,591,21260
2024-05-19,Meta Ads,Remarketing_Display,156,64,100,49,7,386,15080
2024-05-19,Meta Ads,Lead_Generation,430,256,277,137,16,865,31220
2024-05-19,Meta Ads,Display_Generico,532,318,352,157,23,1067,38460
2024-05-19,Meta Ads,Video_Awareness_Amplo,409,243,258,130,21,824,29760
2024-05-19,TikTok Ads,Performance_Search,495,297,334,147,14,990,35640
2024-05-19,TikTok Ads,Performance_Shopping,417,248,268,121,28,839,30310
2024-05-19,TikTok Ads,Remarketing_Display,158,65,101,48,9,390,15250
2024-05-19,TikTok Ads,Lead_Generation,343,204,218,119,6,690,24930
2024-05-19,TikTok Ads,Display_Generico,823,493,545,237,41,1648,59360
2024-05-19,TikTok Ads,Video_Awareness_Amplo,756,451,489,232,35,1518,54770
2024-05-20,Google Ads,Performance_Search,400,237,253,128,19,807,29190
2024-05-20,Google Ads,Performance_Shopping,279,166,182,80,17,561,20270
2024-05-20,Google Ads,Remarketing_Display,126,52,79,40,7,311,12140
2024-05-20,Google Ads,Lead_Generation,468,275,278,154,36,950,34450
2024-05-20,Google Ads,Display_Generico,647,387,424,198,25,1297,46740
2024-05-20,Google Ads,Video_Awareness_Amplo,503,299,320,154,29,1013,36580
2024-05-20,Meta Ads,Performance_Search,355,211,225,115,15,715,25820
2024-05-20,Meta Ads,Performance_Shopping,495,294,314,156,25,997,36030
2024-05-20,Meta Ads,Remarketing_Display,289,121,199,77,13,709,27620
2024-05-20,Meta Ads,Lead_Generation,506,301,323,162,21,1018,36770
2024-05-20,Meta Ads,Display_Generico,878,523,563,263,52,1765,63710
2024-05-20,Meta Ads,Video_Awareness_Amplo,624,377,436,171,17,1241,44590
2024-05-20,TikTok Ads,Performance_Search,859,509,535,268,56,1734,62680
2024-05-20,TikTok Ads,Performance_Shopping,596,354,375,185,36,1201,43380
2024-05-20,TikTok Ads,Remarketing_Display,217,88,130,74,13,539,21110
2024-05-20,TikTok Ads,Lead_Generation,986,591,659,281,46,1973,71070
2024-05-20,TikTok Ads,Display_Generico,1731,1035,1131,516,84,3471,125100
2024-05-20,TikTok Ads,Video_Awareness_Amplo,846,500,518,277,51,1711,61900
2024-05-21,Google Ads,Performance_Search,305,182,197,93,15,612,22090
2024-05-21,Google Ads,Performance_Shopping,407,243,269,118,20,817,29460
2024-05-21,Google Ads,Remarketing_Display,126,52,84,38,4,311,12140
2024-05-21,Google Ads,Lead_Generation,431,254,262,147,22,873,31630
2024-05-21,Google Ads,Display_Generico,518,309,334,153,31,1040,37530
2024-05-21,Google Ads,Video_Awareness_Amplo,400,237,252,127,21,807,29190
2024-05-21,Meta Ads,Performance_Search,391,234,258,114,19,783,28230
2024-05-21,Meta Ads,Performance_Shopping,500,298,322,156,22,1005,36260
2024-05-21,Meta Ads,Remarketing_Display,179,74,115,55,9,441,17230
2024-05-21,Meta Ads,Lead_Generation,549,325,343,179,27,1109,40100
2024-05-21,Meta Ads,Display_Generico,960,572,618,291,51,1930,69640
2024-05-21,Meta Ads,Video_Awareness_Amplo,694,415,456,205,33,1391,50150
2024-05-21,TikTok Ads,Performance_Search,1099,657,719,313,67,2204,79440
2024-05-21,TikTok Ads,Performance_Shopping,977,583,632,294,51,1962,70760
2024-05-21,TikTok Ads,Remarketing_Display,358,148,231,109,18,883,34460
2024-05-21,TikTok Ads,Lead_Generation,1025,612,668,302,55,2057,74190
2024-05-21,TikTok Ads,Display_Generico,1217,725,782,361,74,2447,88300
2024-05-21,TikTok Ads,Video_Awareness_Amplo,1585,944,1015,492,78,3187,115030
2024-05-22,Google Ads,Performance_Search,310,187,215,84,11,617,22190
2024-05-22,Google Ads,Performance_Shopping,341,203,218,108,15,686,24760
2024-05-22,Google Ads,Remarketing_Display,140,58,92,44,4,345,13460
2024-05-22,Google Ads,Lead_Generation,504,299,317,160,27,1016,36730
2024-05-22,Google Ads,Display_Generico,793,475,524,235,34,1588,57200
2024-05-22,Google Ads,Video_Awareness_Amplo,495,295,322,146,27,995,35900
2024-05-22,Meta Ads,Performance_Search,668,398,427,205,36,1343,48460
2024-05-22,Meta Ads,Performance_Shopping,333,199,223,95,15,668,24080
2024-05-22,Meta Ads,Remarketing_Display,192,79,125,57,10,474,18530
2024-05-22,Meta Ads,Lead_Generation,340,201,213,111,16,687,24870
2024-05-22,Meta Ads,Display_Generico,542,323,347,164,31,1089,39310
2024-05-22,Meta Ads,Video_Awareness_Amplo,633,377,409,196,28,1273,45940
2024-05-22,TikTok Ads,Performance_Search,783,469,522,226,35,1568,56480
2024-05-22,TikTok Ads,Performance_Shopping,1041,622,680,312,49,2088,75290
2024-05-22,TikTok Ads,Remarketing_Display,291,121,201,74,16,716,27920
2024-05-22,TikTok Ads,Lead_Generation,495,295,323,149,23,995,35900
2024-05-22,TikTok Ads,Display_Generico,1424,849,916,439,69,2861,103230
2024-05-22,TikTok Ads,Video_Awareness_Amplo,1261,750,799,390,72,2538,91650
2024-05-23,Google Ads,Performance_Search,320,193,225,79,16,637,22910
2024-05-23,Google Ads,Performance_Shopping,274,164,183,75,16,549,19780
2024-05-23,Google Ads,Remarketing_Display,208,86,139,64,5,513,20020
2024-05-23,Google Ads,Lead_Generation,573,341,367,173,33,1153,41620
2024-05-23,Google Ads,Display_Generico,569,339,366,173,30,1144,41280
2024-05-23,Google Ads,Video_Awareness_Amplo,724,433,474,217,33,1451,52310
2024-05-23,Meta Ads,Performance_Search,711,424,461,220,30,1428,51530
2024-05-23,Meta Ads,Performance_Shopping,610,362,383,197,30,1230,44440
2024-05-23,Meta Ads,Remarketing_Display,212,88,140,65,7,522,20360
2024-05-23,Meta Ads,Lead_Generation,590,351,376,181,33,1187,42870
2024-05-23,Meta Ads,Display_Generico,990,592,647,291,52,1985,71540
2024-05-23,Meta Ads,Video_Awareness_Amplo,643,384,418,195,30,1290,46530
2024-05-23,TikTok Ads,Performance_Search,767,459,505,230,32,1537,55380
2024-05-23,TikTok Ads,Performance_Shopping,931,558,623,273,35,1863,67110
2024-05-23,TikTok Ads,Remarketing_Display,374,156,252,101,21,919,35820
2024-05-23,TikTok Ads,Lead_Generation,1065,636,695,323,47,2137,77070
2024-05-23,TikTok Ads,Display_Generico,1358,809,873,408,77,2730,98530
2024-05-23,TikTok Ads,Video_Awareness_Amplo,1150,688,754,345,51,2305,83060
2024-05-24,Google Ads,Performance_Search,411,245,264,126,21,826,29800
2024-05-24,Google Ads,Performance_Shopping,417,249,270,121,26,837,30180
2024-05-24,Google Ads,Remarketing_Display,130,54,87,36,7,320,12480
2024-05-24,Google Ads,Lead_Generation,254,150,156,86,12,514,18600
2024-05-24,Google Ads,Display_Generico,490,294,331,143,16,980,35280
2024-05-24,Google Ads,Video_Awareness_Amplo,755,451,490,225,40,1515,54620
2024-05-24,Meta Ads,Performance_Search,364,216,228,112,24,734,26520
2024-05-24,Meta Ads,Performance_Shopping,273,163,179,84,10,548,19760
2024-05-24,Meta Ads,Remarketing_Display,188,77,120,61,7,465,18190
2024-05-24,Meta Ads,Lead_Generation,404,243,279,104,21,806,29010
2024-05-24,Meta Ads,Display_Generico,655,388,408,211,36,1322,47810
2024-05-24,Meta Ads,Video_Awareness_Amplo,909,549,636,240,33,1809,64980
2024-05-24,TikTok Ads,Performance_Search,404,240,257,119,28,814,29400
2024-05-24,TikTok Ads,Performance_Shopping,587,350,381,173,33,1179,42550
2024-05-24,TikTok Ads,Remarketing_Display,363,150,239,104,20,895,34950
2024-05-24,TikTok Ads,Lead_Generation,591,353,388,177,26,1186,42760
2024-05-24,TikTok Ads,Display_Generico,1299,774,834,416,49,2611,94230
2024-05-24,TikTok Ads,Video_Awareness_Amplo,1366,814,874,431,61,2746,99080
2024-05-25,Google Ads,Performance_Search,273,164,184,75,14,545,19630
2024-05-25,Google Ads,Performance_Shopping,194,116,130,56,8,389,14020
2024-05-25,Google Ads,Remarketing_Display,113,46,71,34,8,280,10970
2024-05-25,Google Ads,Lead_Generation,222,132,142,69,11,447,16140
2024-05-25,Google Ads,Display_Generico,284,170,188,86,10,569,20500
2024-05-25,Google Ads,Video_Awareness_Amplo,332,199,222,94,16,664,23930
2024-05-25,Meta Ads,Performance_Search,418,249,273,129,16,840,30330
2024-05-25,Meta Ads,Performance_Shopping,310,185,204,94,12,622,22450
2024-05-25,Meta Ads,Remarketing_Display,113,46,69,39,5,280,10970
2024-05-25,Meta Ads,Lead_Generation,205,123,137,57,11,410,14760
2024-05-25,Meta Ads,Display_Generico,510,305,338,155,17,1022,36850
2024-05-25,Meta Ads,Video_Awareness_Amplo,732,437,474,227,31,1469,52990
2024-05-25,TikTok Ads,Performance_Search,736,439,475,230,31,1478,53330
2024-05-25,TikTok Ads,Performance_Shopping,479,284,301,151,27,966,34930
2024-05-25,TikTok Ads,Remarketing_Display,243,100,154,66,23,600,23450
2024-05-25,TikTok Ads,Lead_Generation,344,206,227,103,14,689,24820
2024-05-25,TikTok Ads,Display_Generico,656,389,410,207,39,1323,47830
2024-05-25,TikTok Ads,Video_Awareness_Amplo,763,454,489,239,35,1535,55430
2024-05-26,Google Ads,Performance_Search,198,118,129,57,12,398,14360
2024-05-26,Google Ads,Performance_Shopping,211,126,141,61,9,423,15270
2024-05-26,Google Ads,Remarketing_Display,71,29,50,16,5,176,6880
2024-05-26,Google Ads,Lead_Generation,248,149,167,67,14,495,17830
2024-05-26,Google Ads,Display_Generico,447,264,274,148,25,904,32730
2024-05-26,Google Ads,Video_Awareness_Amplo,404,242,271,120,13,809,29140
2024-05-26,Meta Ads,Performance_Search,328,195,208,107,13,660,23850
2024-05-26,Meta Ads,Performance_Shopping,213,126,133,69,11,430,15570
2024-05-26,Meta Ads,Remarketing_Display,92,38,61,28,3,227,8860
2024-05-26,Meta Ads,Lead_Generation,273,161,167,89,17,553,20020
2024-05-26,Meta Ads,Display_Generico,416,250,282,111,23,831,29900
2024-05-26,Meta Ads,Video_Awareness_Amplo,684,408,445,209,30,1374,49560
2024-05-26,TikTok Ads,Performance_Search,720,430,473,206,41,1445,52100
2024-05-26,TikTok Ads,Performance_Shopping,302,180,194,86,22,607,21900
2024-05-26,TikTok Ads,Remarketing_Display,277,115,189,77,11,682,26600
2024-05-26,TikTok Ads,Lead_Generation,439,263,292,129,18,879,31660
2024-05-26,TikTok Ads,Display_Generico,839,501,546,257,36,1684,60720
2024-05-26,TikTok Ads,Video_Awareness_Amplo,803,475,493,264,46,1623,58700
2024-05-27,Google Ads,Performance_Search,336,201,223,102,11,673,24270
2024-05-27,Google Ads,Performance_Shopping,231,138,156,62,13,463,16710
2024-05-27,Google Ads,Remarketing_Display,128,53,88,34,6,315,12310
2024-05-27,Google Ads,Lead_Generation,377,226,255,107,15,754,27170
2024-05-27,Google Ads,Display_Generico,435,258,275,141,19,877,31710
2024-05-27,Google Ads,Video_Awareness_Amplo,697,420,478,183,36,1389,49950
2024-05-27,Meta Ads,Performance_Search,644,385,423,192,29,1291,46550
2024-05-27,Meta Ads,Performance_Shopping,577,343,364,180,33,1162,41960
2024-05-27,Meta Ads,Remarketing_Display,224,93,153,57,14,551,21510
2024-05-27,Meta Ads,Lead_Generation,621,370,401,187,33,1248,45050
2024-05-27,Meta Ads,Display_Generico,1048,625,675,315,58,2105,75950
2024-05-27,Meta Ads,Video_Awareness_Amplo,748,447,487,220,41,1500,54090
2024-05-27,TikTok Ads,Performance_Search,921,553,619,263,39,1841,66260
2024-05-27,TikTok Ads,Performance_Shopping,615,364,380,203,32,1242,44930
2024-05-27,TikTok Ads,Remarketing_Display,300,124,194,92,14,740,28880
2024-05-27,TikTok Ads,Lead_Generation,843,503,549,251,43,1693,61060
2024-05-27,TikTok Ads,Display_Generico,1487,889,976,449,62,2982,107480
2024-05-27,TikTok Ads,Video_Awareness_Amplo,1427,850,911,449,67,2869,103550
2024-05-28,Google Ads,Performance_Search,400,238,259,129,12,805,29060
2024-05-28,Google Ads,Performance_Shopping,286,171,189,87,10,573,20670
2024-05-28,Google Ads,Remarketing_Display,106,44,75,25,6,261,10180
2024-05-28,Google Ads,Lead_Generation,377,228,265,99,13,749,26910
2024-05-28,Google Ads,Display_Generico,658,394,434,192,32,1318,47480
2024-05-28,Google Ads,Video_Awareness_Amplo,657,394,439,181,37,1314,47330
2024-05-28,Meta Ads,Performance_Search,502,299,321,154,27,1009,36430
2024-05-28,Meta Ads,Performance_Shopping,602,361,401,176,25,1204,43370
2024-05-28,Meta Ads,Remarketing_Display,251,104,170,72,9,618,24130
2024-05-28,Meta Ads,Lead_Generation,523,312,343,148,32,1050,37890
2024-05-28,Meta Ads,Display_Generico,944,563,609,289,46,1896,68410
2024-05-28,Meta Ads,Video_Awareness_Amplo,625,374,412,179,34,1252,45130
2024-05-28,TikTok Ads,Performance_Search,791,471,505,251,35,1591,57420
2024-05-28,TikTok Ads,Performance_Shopping,613,365,392,190,31,1233,44500
2024-05-28,TikTok Ads,Remarketing_Display,422,175,281,124,17,1039,40550
2024-05-28,TikTok Ads,Lead_Generation,534,319,353,148,33,1071,38630
2024-05-28,TikTok Ads,Display_Generico,1100,654,694,359,47,2215,79980
2024-05-28,TikTok Ads,Video_Awareness_Amplo,1513,900,958,482,73,3045,109950
2024-05-29,Google Ads,Performance_Search,379,227,253,109,17,759,27340
2024-05-29,Google Ads,Performance_Shopping,282,168,185,86,11,567,20460
2024-05-29,Google Ads,Remarketing_Display,152,63,98,47,7,374,14610
2024-05-29,Google Ads,Lead_Generation,417,249,276,124,17,837,30180
2024-05-29,Google Ads,Display_Generico,742,440,465,235,42,1497,54100
2024-05-29,Google Ads,Video_Awareness_Amplo,817,489,542,227,48,1637,58980
2024-05-29,Meta Ads,Performance_Search,655,391,425,200,30,1315,47420
2024-05-29,Meta Ads,Performance_Shopping,552,329,358,161,33,1109,40030
2024-05-29,Meta Ads,Remarketing_Display,228,95,160,59,9,560,21850
2024-05-29,Meta Ads,Lead_Generation,395,234,247,130,18,797,28830
2024-05-29,Meta Ads,Display_Generico,992,596,673,269,50,1982,71320
2024-05-29,Meta Ads,Video_Awareness_Amplo,941,561,605,298,38,1891,68220
2024-05-29,TikTok Ads,Performance_Search,1035,618,673,317,45,2077,74910
2024-05-29,TikTok Ads,Performance_Shopping,887,529,572,277,38,1782,64280
2024-05-29,TikTok Ads,Remarketing_Display,369,154,251,101,17,906,35330
2024-05-29,TikTok Ads,Lead_Generation,474,282,303,149,22,954,34440
2024-05-29,TikTok Ads,Display_Generico,1157,690,749,342,66,2324,83850
2024-05-29,TikTok Ads,Video_Awareness_Amplo,931,556,605,274,52,1868,67370
2024-05-30,Google Ads,Performance_Search,337,201,222,104,11,677,24420
2024-05-30,Google Ads,Performance_Shopping,425,250,255,145,25,862,31250
2024-05-30,Google Ads,Remarketing_Display,119,49,76,39,4,294,11480
2024-05-30,Google Ads,Lead_Generation,303,180,193,99,11,610,22050
2024-05-30,Google Ads,Display_Generico,675,402,436,207,32,1357,48990
2024-05-30,Google Ads,Video_Awareness_Amplo,598,354,371,203,24,1208,43680
2024-05-30,Meta Ads,Performance_Search,347,207,228,103,16,697,25140
2024-05-30,Meta Ads,Performance_Shopping,754,451,497,221,36,1511,54470
2024-05-30,Meta Ads,Remarketing_Display,154,63,93,52,9,381,14910
2024-05-30,Meta Ads,Lead_Generation,725,430,455,230,40,1462,52850
2024-05-30,Meta Ads,Display_Generico,854,510,559,243,52,1714,61800
2024-05-30,Meta Ads,Video_Awareness_Amplo,830,500,567,223,40,1655,59500
2024-05-30,TikTok Ads,Performance_Search,948,564,604,286,58,1908,68880
2024-05-30,TikTok Ads,Performance_Shopping,883,528,578,254,51,1770,63810
2024-05-30,TikTok Ads,Remarketing_Display,341,141,219,108,14,841,32820
2024-05-30,TikTok Ads,Lead_Generation,530,315,339,165,26,1067,38550
2024-05-30,TikTok Ads,Display_Generico,1144,681,731,359,54,2301,83070
2024-05-30,TikTok Ads,Video_Awareness_Amplo,1553,928,1014,468,71,3115,112310
2024-05-31,Google Ads,Performance_Search,419,249,266,131,22,844,30480
2024-05-31,Google Ads,Performance_Shopping,482,287,311,146,25,969,34990
2024-05-31,Google Ads,Remarketing_Display,133,56,95,29,9,325,12670
2024-05-31,Google Ads,Lead_Generation,215,129,144,60,11,430,15480
2024-05-31,Google Ads,Display_Generico,829,491,510,271,48,1674,60520
2024-05-31,Google Ads,Video_Awareness_Amplo,540,319,333,177,30,1092,39530
2024-05-31,Meta Ads,Performance_Search,536,322,360,147,29,1071,38540
2024-05-31,Meta Ads,Performance_Shopping,299,180,204,85,10,596,21450
2024-05-31,Meta Ads,Remarketing_Display,185,77,123,58,4,455,17740
2024-05-31,Meta Ads,Lead_Generation,357,211,223,113,21,722,26120
2024-05-31,Meta Ads,Display_Generico,761,454,496,231,34,1528,55130
2024-05-31,Meta Ads,Video_Awareness_Amplo,699,418,462,214,23,1401,50510
2024-05-31,TikTok Ads,Performance_Search,588,351,381,174,33,1180,42570
2024-05-31,TikTok Ads,Performance_Shopping,620,370,403,184,33,1245,44900
2024-05-31,TikTok Ads,Remarketing_Display,385,159,243,123,19,950,37080
2024-05-31,TikTok Ads,Lead_Generation,560,334,361,170,29,1125,40580
2024-05-31,TikTok Ads,Display_Generico,1026,612,660,312,54,2061,74340
2024-05-31,TikTok Ads,Video_Awareness_Amplo,996,594,644,299,53,2001,72180
2024-06-01,Google Ads,Performance_Search,146,86,89,55,2,296,10720
2024-06-01,Google Ads,Performance_Shopping,211,126,139,61,11,423,15270
2024-06-01,Google Ads,Remarketing_Display,79,33,59,15,5,194,7560
2024-06-01,Google Ads,Lead_Generation,152,90,98,48,6,307,11100
2024-06-01,Google Ads,Display_Generico,483,286,300,158,25,975,35270
2024-06-01,Google Ads,Video_Awareness_Amplo,353,212,241,97,15,705,25390
2024-06-01,Meta Ads,Performance_Search,421,252,280,118,23,843,30390
2024-06-01,Meta Ads,Performance_Shopping,308,183,199,95,14,620,22410
2024-06-01,Meta Ads,Remarketing_Display,87,36,62,23,2,214,8370
2024-06-01,Meta Ads,Lead_Generation,266,158,167,92,7,536,19360
2024-06-01,Meta Ads,Display_Generico,447,268,297,133,17,894,32210
2024-06-01,Meta Ads,Video_Awareness_Amplo,419,252,287,110,22,836,30090
2024-06-01,TikTok Ads,Performance_Search,599,356,383,185,31,1206,43570
2024-06-01,TikTok Ads,Performance_Shopping,695,412,434,223,38,1402,50690
2024-06-01,TikTok Ads,Remarketing_Display,220,91,146,65,9,542,21170
2024-06-01,TikTok Ads,Lead_Generation,474,283,307,141,26,951,34310
2024-06-01,TikTok Ads,Display_Generico,984,590,658,286,40,1969,70900
2024-06-01,TikTok Ads,Video_Awareness_Amplo,620,371,409,167,44,1242,44770
2024-06-02,Google Ads,Performance_Search,273,162,176,83,14,550,19890
2024-06-02,Google Ads,Performance_Shopping,270,162,180,80,10,540,19440
2024-06-02,Google Ads,Remarketing_Display,108,44,68,31,9,268,10480
2024-06-02,Google Ads,Lead_Generation,253,150,161,75,17,510,18450
2024-06-02,Google Ads,Display_Generico,304,181,198,97,9,611,22070
2024-06-02,Google Ads,Video_Awareness_Amplo,438,262,287,129,22,878,31640
2024-06-02,Meta Ads,Performance_Search,347,207,227,106,14,697,25140
2024-06-02,Meta Ads,Performance_Shopping,340,201,211,113,16,687,24870
2024-06-02,Meta Ads,Remarketing_Display,97,40,69,21,7,239,9350
2024-06-02,Meta Ads,Lead_Generation,373,223,247,115,11,748,26960
2024-06-02,Meta Ads,Display_Generico,392,234,258,109,25,787,28380
2024-06-02,Meta Ads,Video_Awareness_Amplo,340,202,219,105,16,685,24740
2024-06-02,TikTok Ads,Performance_Search,639,381,412,198,29,1284,46320
2024-06-02,TikTok Ads,Performance_Shopping,624,370,388,199,37,1259,45500
2024-06-02,TikTok Ads,Remarketing_Display,222,91,140,74,8,549,21470
2024-06-02,TikTok Ads,Lead_Generation,499,297,323,141,35,1004,36240
2024-06-02,TikTok Ads,Display_Generico,708,422,458,213,37,1423,51340
2024-06-02,TikTok Ads,Video_Awareness_Amplo,1078,644,704,325,49,2163,77980
2024-06-03,Google Ads,Performance_Search,226,132,131,84,11,461,16740
2024-06-03,Google Ads,Performance_Shopping,376,224,243,107,26,756,27280
2024-06-03,Google Ads,Remarketing_Display,122,49,65,52,5,304,11930
2024-06-03,Google Ads,Lead_Generation,203,122,139,51,13,405,14590
2024-06-03,Google Ads,Display_Generico,579,345,373,171,35,1164,42000
2024-06-03,Google Ads,Video_Awareness_Amplo,543,323,344,173,26,1093,39460
2024-06-03,Meta Ads,Performance_Search,306,184,207,84,15,611,21980
2024-06-03,Meta Ads,Performance_Shopping,392,235,264,109,19,784,28250
2024-06-03,Meta Ads,Remarketing_Display,196,80,122,67,7,486,19000
2024-06-03,Meta Ads,Lead_Generation,280,168,192,78,10,560,20160
2024-06-03,Meta Ads,Display_Generico,751,444,462,248,41,1518,54930
2024-06-03,Meta Ads,Video_Awareness_Amplo,943,564,623,277,43,1890,68130
2024-06-03,TikTok Ads,Performance_Search,885,525,554,291,40,1785,64500
2024-06-03,TikTok Ads,Performance_Shopping,645,384,413,189,43,1297,46830
2024-06-03,TikTok Ads,Remarketing_Display,193,80,126,60,7,475,18550
2024-06-03,TikTok Ads,Lead_Generation,398,238,260,118,20,798,28760
2024-06-03,TikTok Ads,Display_Generico,1074,640,692,326,56,2159,77900
2024-06-03,TikTok Ads,Video_Awareness_Amplo,1132,676,739,334,59,2272,81920
2024-06-04,Google Ads,Performance_Search,255,152,167,71,17,512,18490
2024-06-04,Google Ads,Performance_Shopping,360,214,231,119,10,725,26180
2024-06-04,Google Ads,Remarketing_Display,173,71,108,62,3,428,16720
2024-06-04,Google Ads,Lead_Generation,397,237,260,125,12,797,28740
2024-06-04,Google Ads,Display_Generico,522,312,345,145,32,1047,37740
2024-06-04,Google Ads,Video_Awareness_Amplo,609,361,379,202,28,1229,44420
2024-06-04,Meta Ads,Performance_Search,319,190,207,96,16,641,23150
2024-06-04,Meta Ads,Performance_Shopping,608,364,400,178,30,1218,43880
2024-06-04,Meta Ads,Remarketing_Display,222,91,139,72,11,549,21470
2024-06-04,Meta Ads,Lead_Generation,606,360,386,184,36,1221,44100
2024-06-04,Meta Ads,Display_Generico,836,501,557,239,40,1673,60270
2024-06-04,Meta Ads,Video_Awareness_Amplo,866,515,547,266,53,1743,62950
2024-06-04,TikTok Ads,Performance_Search,372,221,238,117,17,749,27070
2024-06-04,TikTok Ads,Performance_Shopping,1031,616,675,309,47,2068,74570
2024-06-04,TikTok Ads,Remarketing_Display,256,106,165,78,13,631,24620
2024-06-04,TikTok Ads,Lead_Generation,709,422,450,227,32,1426,51490
2024-06-04,TikTok Ads,Display_Generico,1047,625,681,318,48,2102,75800
2024-06-04,TikTok Ads,Video_Awareness_Amplo,893,533,579,254,60,1793,64660
2024-06-05,Google Ads,Performance_Search,441,263,286,130,25,886,31960
2024-06-05,Google Ads,Performance_Shopping,222,133,151,62,9,444,16010
2024-06-05,Google Ads,Remarketing_Display,131,54,85,41,5,323,12630
2024-06-05,Google Ads,Lead_Generation,250,152,181,58,11,495,17740
2024-06-05,Google Ads,Display_Generico,427,256,285,125,17,854,30770
2024-06-05,Google Ads,Video_Awareness_Amplo,459,274,297,129,33,921,33230
2024-06-05,Meta Ads,Performance_Search,513,306,335,163,15,1030,37170
2024-06-05,Meta Ads,Performance_Shopping,600,356,375,195,30,1210,43720
2024-06-05,Meta Ads,Remarketing_Display,131,54,83,42,6,323,12630
2024-06-05,Meta Ads,Lead_Generation,666,400,448,182,36,1331,47900
2024-06-05,Meta Ads,Display_Generico,870,521,577,256,37,1742,62770
2024-06-05,Meta Ads,Video_Awareness_Amplo,791,475,532,211,48,1581,56900
2024-06-05,TikTok Ads,Performance_Search,532,317,343,169,20,1069,38590
2024-06-05,TikTok Ads,Performance_Shopping,857,509,537,275,45,1727,62380
2024-06-05,TikTok Ads,Remarketing_Display,325,134,203,112,10,802,31330
2024-06-05,TikTok Ads,Lead_Generation,767,456,489,240,38,1544,55770
2024-06-05,TikTok Ads,Display_Generico,1583,947,1037,472,74,3173,114340
2024-06-05,TikTok Ads,Video_Awareness_Amplo,1378,822,888,409,81,2768,99840
2024-06-06,Google Ads,Performance_Search,218,130,144,64,10,438,15800
2024-06-06,Google Ads,Performance_Shopping,456,273,300,140,16,913,32910
2024-06-06,Google Ads,Remarketing_Display,119,48,69,47,3,296,11610
2024-06-06,Google Ads,Lead_Generation,363,214,223,126,14,735,26630
2024-06-06,Google Ads,Display_Generico,375,225,255,103,17,750,27000
2024-06-06,Google Ads,Video_Awareness_Amplo,385,229,247,120,18,775,27980
2024-06-06,Meta Ads,Performance_Search,371,222,249,106,16,743,26790
2024-06-06,Meta Ads,Performance_Shopping,730,436,478,214,38,1465,52820
2024-06-06,Meta Ads,Remarketing_Display,224,93,153,60,11,551,21510
2024-06-06,Meta Ads,Lead_Generation,514,307,335,157,22,1031,37190
2024-06-06,Meta Ads,Display_Generico,691,414,457,196,38,1383,49830
2024-06-06,Meta Ads,Video_Awareness_Amplo,659,395,442,186,31,1319,47500
2024-06-06,TikTok Ads,Performance_Search,962,576,635,281,46,1927,69420
2024-06-06,TikTok Ads,Performance_Shopping,658,392,425,192,41,1323,47740
2024-06-06,TikTok Ads,Remarketing_Display,242,99,152,74,16,599,23430
2024-06-06,TikTok Ads,Lead_Generation,596,353,371,201,24,1203,43510
2024-06-06,TikTok Ads,Display_Generico,1310,782,850,415,45,2630,94840
2024-06-06,TikTok Ads,Video_Awareness_Amplo,864,517,570,254,40,1731,62390
2024-06-07,Google Ads,Performance_Search,224,134,150,64,10,449,16180
2024-06-07,Google Ads,Performance_Shopping,460,274,295,146,19,925,33380
2024-06-07,Google Ads,Remarketing_Display,198,82,134,59,5,488,19040
2024-06-07,Google Ads,Lead_Generation,367,217,227,120,20,742,26840
2024-06-07,Google Ads,Display_Generico,727,435,479,217,31,1457,52500
2024-06-07,Google Ads,Video_Awareness_Amplo,720,431,479,205,36,1442,51970
2024-06-07,Meta Ads,Performance_Search,712,426,469,212,31,1427,51420
2024-06-07,Meta Ads,Performance_Shopping,283,166,169,102,12,575,20870
2024-06-07,Meta Ads,Remarketing_Display,258,106,164,74,20,638,24920
2024-06-07,Meta Ads,Lead_Generation,472,282,308,146,18,947,34140
2024-06-07,Meta Ads,Display_Generico,803,477,504,260,39,1618,58440
2024-06-07,Meta Ads,Video_Awareness_Amplo,525,315,350,149,26,1050,37800
2024-06-07,TikTok Ads,Performance_Search,843,501,532,274,37,1698,61320
2024-06-07,TikTok Ads,Performance_Shopping,737,440,479,216,42,1479,53350
2024-06-07,TikTok Ads,Remarketing_Display,336,138,213,110,13,831,32460
2024-06-07,TikTok Ads,Lead_Generation,768,456,485,250,33,1548,55920
2024-06-07,TikTok Ads,Display_Generico,1198,712,757,377,64,2413,87140
2024-06-07,TikTok Ads,Video_Awareness_Amplo,723,431,467,220,36,1453,52420
2024-06-08,Google Ads,Performance_Search,195,115,123,64,8,395,14300
2024-06-08,Google Ads,Performance_Shopping,208,124,136,60,12,418,15080
2024-06-08,Google Ads,Remarketing_Display,73,30,47,18,8,180,7050
2024-06-08,Google Ads,Lead_Generation,223,133,145,67,11,448,16160
2024-06-08,Google Ads,Display_Generico,281,167,182,87,12,566,20440
2024-06-08,Google Ads,Video_Awareness_Amplo,298,176,182,104,12,603,21820
2024-06-08,Meta Ads,Performance_Search,291,177,212,68,11,576,20640
2024-06-08,Meta Ads,Performance_Shopping,320,191,212,91,17,642,23170
2024-06-08,Meta Ads,Remarketing_Display,113,46,70,39,4,280,10970
2024-06-08,Meta Ads,Lead_Generation,359,213,225,114,20,724,26160
2024-06-08,Meta Ads,Display_Generico,597,355,383,181,33,1202,43400
2024-06-08,Meta Ads,Video_Awareness_Amplo,520,311,346,151,23,1042,37570
2024-06-08,TikTok Ads,Performance_Search,419,248,259,140,20,846,30610
2024-06-08,TikTok Ads,Performance_Shopping,285,171,191,82,12,570,20520
2024-06-08,TikTok Ads,Remarketing_Display,182,75,116,54,12,449,17550
2024-06-08,TikTok Ads,Lead_Generation,419,252,286,113,20,836,30090
2024-06-08,TikTok Ads,Display_Generico,765,459,510,220,35,1530,55080
2024-06-08,TikTok Ads,Video_Awareness_Amplo,661,395,436,189,36,1326,47800
2024-06-09,Google Ads,Performance_Search,159,95,107,46,6,319,11500
2024-06-09,Google Ads,Performance_Shopping,237,142,161,65,11,474,17090
2024-06-09,Google Ads,Remarketing_Display,65,26,41,19,5,162,6370
2024-06-09,Google Ads,Lead_Generation,330,195,203,104,23,667,24150
2024-06-09,Google Ads,Display_Generico,463,277,306,132,25,928,33440
2024-06-09,Google Ads,Video_Awareness_Amplo,259,154,167,76,16,521,18830
2024-06-09,Meta Ads,Performance_Search,214,128,145,61,8,429,15460
2024-06-09,Meta Ads,Performance_Shopping,177,105,116,53,8,357,12900
2024-06-09,Meta Ads,Remarketing_Display,134,55,81,49,4,331,12950
2024-06-09,Meta Ads,Lead_Generation,244,145,158,76,10,491,17750
2024-06-09,Meta Ads,Display_Generico,319,188,192,111,16,646,23410
2024-06-09,Meta Ads,Video_Awareness_Amplo,395,234,248,128,19,797,28830
2024-06-09,TikTok Ads,Performance_Search,510,306,342,152,16,1020,36720
2024-06-09,TikTok Ads,Performance_Shopping,453,269,285,139,29,913,32980
2024-06-09,TikTok Ads,Remarketing_Display,146,61,99,42,5,358,13970
2024-06-09,TikTok Ads,Lead_Generation,452,270,295,139,18,907,32700
2024-06-09,TikTok Ads,Display_Generico,549,325,341,175,33,1109,40100
2024-06-09,TikTok Ads,Video_Awareness_Amplo,781,466,509,231,41,1568,56570
2024-06-10,Google Ads,Performance_Search,361,216,238,102,21,723,26070
2024-06-10,Google Ads,Performance_Shopping,209,125,141,57,11,419,15100
2024-06-10,Google Ads,Remarketing_Display,137,55,79,45,13,342,13400
2024-06-10,Google Ads,Lead_Generation,235,140,153,67,15,472,17050
2024-06-10,Google Ads,Display_Generico,458,275,309,129,20,915,32950
2024-06-10,Google Ads,Video_Awareness_Amplo,680,404,427,218,35,1370,49480
2024-06-10,Meta Ads,Performance_Search,544,324,351,162,31,1094,39480
2024-06-10,Meta Ads,Performance_Shopping,668,397,420,220,28,1345,48590
2024-06-10,Meta Ads,Remarketing_Display,162,67,107,48,7,399,15590
2024-06-10,Meta Ads,Lead_Generation,754,450,490,221,43,1514,54600
2024-06-10,Meta Ads,Display_Generico,816,486,526,243,47,1641,59220
2024-06-10,Meta Ads,Video_Awareness_Amplo,739,441,482,224,33,1484,53520
2024-06-10,TikTok Ads,Performance_Search,494,295,326,147,21,991,35750
2024-06-10,TikTok Ads,Performance_Shopping,906,543,603,269,34,1813,65310
2024-06-10,TikTok Ads,Remarketing_Display,328,137,227,85,16,805,31390
2024-06-10,TikTok Ads,Lead_Generation,961,575,635,274,52,1926,69400
2024-06-10,TikTok Ads,Display_Generico,1282,768,849,365,68,2567,92460
2024-06-10,TikTok Ads,Video_Awareness_Amplo,807,482,528,237,42,1619,58390
2024-06-11,Google Ads,Performance_Search,303,181,197,87,19,608,21920
2024-06-11,Google Ads,Performance_Shopping,314,188,210,93,11,629,22660
2024-06-11,Google Ads,Remarketing_Display,126,52,82,38,6,311,12140
2024-06-11,Google Ads,Lead_Generation,233,140,157,71,5,465,16750
2024-06-11,Google Ads,Display_Generico,680,409,460,177,43,1357,48830
2024-06-11,Google Ads,Video_Awareness_Amplo,511,306,338,145,28,1023,36870
2024-06-11,Meta Ads,Performance_Search,453,270,294,145,14,910,32850
2024-06-11,Meta Ads,Performance_Shopping,535,319,349,158,28,1075,38780
2024-06-11,Meta Ads,Remarketing_Display,214,88,140,58,16,529,20660
2024-06-11,Meta Ads,Lead_Generation,417,248,267,124,26,839,30310
2024-06-11,Meta Ads,Display_Generico,568,338,363,176,29,1143,41260
2024-06-11,Meta Ads,Video_Awareness_Amplo,755,451,491,230,34,1515,54620
2024-06-11,TikTok Ads,Performance_Search,456,273,305,133,18,913,32910
2024-06-11,TikTok Ads,Performance_Shopping,792,471,502,249,41,1594,57570
2024-06-11,TikTok Ads,Remarketing_Display,253,104,158,82,13,625,24430
2024-06-11,TikTok Ads,Lead_Generation,629,374,401,194,34,1266,45730
2024-06-11,TikTok Ads,Display_Generico,1244,745,822,354,68,2491,89750
2024-06-11,TikTok Ads,Video_Awareness_Amplo,1398,832,893,431,74,2813,101540
2024-06-12,Google Ads,Performance_Search,327,195,215,94,18,657,23700
2024-06-12,Google Ads,Performance_Shopping,266,159,179,72,15,533,19230
2024-06-12,Google Ads,Remarketing_Display,155,63,90,59,6,385,15060
2024-06-12,Google Ads,Lead_Generation,236,137,133,86,17,483,17590
2024-06-12,Google Ads,Display_Generico,448,266,285,150,13,903,32620
2024-06-12,Google Ads,Video_Awareness_Amplo,625,370,387,202,36,1262,45650
2024-06-12,Meta Ads,Performance_Search,685,405,421,227,37,1385,50100
2024-06-12,Meta Ads,Performance_Shopping,384,231,261,113,10,766,27570
2024-06-12,Meta Ads,Remarketing_Display,257,106,162,83,12,634,24770
2024-06-12,Meta Ads,Lead_Generation,464,279,315,133,16,926,33330
2024-06-12,Meta Ads,Display_Generico,609,364,402,175,32,1221,44030
2024-06-12,Meta Ads,Video_Awareness_Amplo,722,430,466,213,43,1452,52400
2024-06-12,TikTok Ads,Performance_Search,837,503,564,239,34,1672,60160
2024-06-12,TikTok Ads,Performance_Shopping,554,331,363,169,22,1111,40070
2024-06-12,TikTok Ads,Remarketing_Display,324,133,203,99,22,801,31310
2024-06-12,TikTok Ads,Lead_Generation,551,325,336,179,36,1116,40400
2024-06-12,TikTok Ads,Display_Generico,1326,789,843,397,86,2668,96330
2024-06-12,TikTok Ads,Video_Awareness_Amplo,1545,916,962,495,88,3117,112670
2024-06-13,Google Ads,Performance_Search,399,239,266,114,19,799,28780
2024-06-13,Google Ads,Performance_Shopping,366,217,231,115,20,738,26690
2024-06-13,Google Ads,Remarketing_Display,139,57,89,46,4,344,13440
2024-06-13,Google Ads,Lead_Generation,385,229,246,128,11,775,27980
2024-06-13,Google Ads,Display_Generico,378,226,250,116,12,758,27320
2024-06-13,Google Ads,Video_Awareness_Amplo,418,251,280,116,22,835,30070
2024-06-13,Meta Ads,Performance_Search,402,242,274,109,19,802,28840
2024-06-13,Meta Ads,Performance_Shopping,594,354,385,189,20,1194,43080
2024-06-13,Meta Ads,Remarketing_Display,231,95,145,74,12,571,22300
2024-06-13,Meta Ads,Lead_Generation,488,290,309,154,25,983,35500
2024-06-13,Meta Ads,Display_Generico,894,538,609,251,34,1784,64160
2024-06-13,Meta Ads,Video_Awareness_Amplo,939,559,602,295,42,1889,68180
2024-06-13,TikTok Ads,Performance_Search,622,372,413,180,29,1247,44940
2024-06-13,TikTok Ads,Performance_Shopping,838,501,552,238,48,1680,60570
2024-06-13,TikTok Ads,Remarketing_Display,338,140,220,102,16,833,32500
2024-06-13,TikTok Ads,Lead_Generation,696,417,461,198,37,1393,50190
2024-06-13,TikTok Ads,Display_Generico,882,524,554,278,50,1777,64180
2024-06-13,TikTok Ads,Video_Awareness_Amplo,1297,775,846,389,62,2602,93800
2024-06-14,Google Ads,Performance_Search,498,297,322,155,21,1000,36090
2024-06-14,Google Ads,Performance_Shopping,343,203,216,108,19,693,25060
2024-06-14,Google Ads,Remarketing_Display,137,56,88,43,6,339,13270
2024-06-14,Google Ads,Lead_Generation,428,256,286,125,17,858,30920
2024-06-14,Google Ads,Display_Generico,718,431,485,205,28,1435,51670
2024-06-14,Google Ads,Video_Awareness_Amplo,664,396,433,205,26,1334,48120
2024-06-14,Meta Ads,Performance_Search,515,304,316,163,36,1042,37730
2024-06-14,Meta Ads,Performance_Shopping,654,393,442,185,27,1306,47010
2024-06-14,Meta Ads,Remarketing_Display,222,91,141,76,5,549,21470
2024-06-14,Meta Ads,Lead_Generation,432,256,268,139,25,872,31520
2024-06-14,Meta Ads,Display_Generico,1069,638,695,323,51,2146,77410
2024-06-14,Meta Ads,Video_Awareness_Amplo,1145,684,749,341,55,2297,82830
2024-06-14,TikTok Ads,Performance_Search,804,480,521,237,46,1614,58200
2024-06-14,TikTok Ads,Performance_Shopping,827,494,541,241,45,1659,59830
2024-06-14,TikTok Ads,Remarketing_Display,390,162,264,110,16,960,37440
2024-06-14,TikTok Ads,Lead_Generation,594,353,379,178,37,1196,43210
2024-06-14,TikTok Ads,Display_Generico,1555,930,1020,468,67,3117,112350
2024-06-14,TikTok Ads,Video_Awareness_Amplo,1439,860,942,427,70,2886,104050
2024-06-15,Google Ads,Performance_Search,168,99,106,54,8,340,12330
2024-06-15,Google Ads,Performance_Shopping,149,87,89,50,10,304,11040
2024-06-15,Google Ads,Remarketing_Display,93,38,58,32,3,230,9010
2024-06-15,Google Ads,Lead_Generation,243,144,153,76,14,490,17730
2024-06-15,Google Ads,Display_Generico,477,284,306,148,23,959,34630
2024-06-15,Google Ads,Video_Awareness_Amplo,426,254,279,127,20,856,30880
2024-06-15,Meta Ads,Performance_Search,398,238,266,111,21,798,28760
2024-06-15,Meta Ads,Performance_Shopping,214,126,132,70,12,434,15720
2024-06-15,Meta Ads,Remarketing_Display,153,63,101,42,10,378,14760
2024-06-15,Meta Ads,Lead_Generation,307,183,197,87,23,617,22260
2024-06-15,Meta Ads,Display_Generico,329,196,215,98,16,661,23870
2024-06-15,Meta Ads,Video_Awareness_Amplo,545,325,350,160,35,1095,39500
2024-06-15,TikTok Ads,Performance_Search,288,173,195,80,13,575,20710
2024-06-15,TikTok Ads,Performance_Shopping,586,350,386,173,27,1176,42400
2024-06-15,TikTok Ads,Remarketing_Display,219,90,142,66,11,541,21150
2024-06-15,TikTok Ads,Lead_Generation,343,204,218,108,17,690,24930
2024-06-15,TikTok Ads,Display_Generico,796,477,528,232,36,1593,57390
2024-06-15,TikTok Ads,Video_Awareness_Amplo,984,588,642,276,66,1974,71160
2024-06-16,Google Ads,Performance_Search,235,140,153,73,9,472,17050
2024-06-16,Google Ads,Performance_Shopping,284,170,191,81,12,569,20500
2024-06-16,Google Ads,Remarketing_Display,135,56,92,43,0,332,12970
2024-06-16,Google Ads,Lead_Generation,208,123,133,63,12,420,15210
2024-06-16,Google Ads,Display_Generico,337,203,231,93,13,672,24160
2024-06-16,Google Ads,Video_Awareness_Amplo,403,240,260,127,16,810,29250
2024-06-16,Meta Ads,Performance_Search,245,144,148,86,11,497,18030
2024-06-16,Meta Ads,Performance_Shopping,401,235,232,145,24,816,29600
2024-06-16,Meta Ads,Remarketing_Display,159,66,112,37,10,391,15270
2024-06-16,Meta Ads,Lead_Generation,175,105,119,51,5,350,12600
2024-06-16,Meta Ads,Display_Generico,405,242,265,118,22,812,29290
2024-06-16,Meta Ads,Video_Awareness_Amplo,541,324,361,157,23,1083,39030
2024-06-16,TikTok Ads,Performance_Search,479,285,304,148,27,964,34800
2024-06-16,TikTok Ads,Performance_Shopping,681,405,435,204,42,1371,49500
2024-06-16,TikTok Ads,Remarketing_Display,156,64,102,48,6,386,15080
2024-06-16,TikTok Ads,Lead_Generation,361,215,232,101,28,726,26200
2024-06-16,TikTok Ads,Display_Generico,940,565,637,265,38,1877,67550
2024-06-16,TikTok Ads,Video_Awareness_Amplo,587,351,388,164,35,1177,42420
2024-06-17,Google Ads,Performance_Search,387,231,254,115,18,777,28020
2024-06-17,Google Ads,Performance_Shopping,404,242,270,119,15,809,29140
2024-06-17,Google Ads,Remarketing_Display,130,53,80,44,6,322,12610
2024-06-17,Google Ads,Lead_Generation,380,229,263,100,17,757,27230
2024-06-17,Google Ads,Display_Generico,409,243,263,128,18,824,29760
2024-06-17,Google Ads,Video_Awareness_Amplo,560,336,376,158,26,1120,40320
2024-06-17,Meta Ads,Performance_Search,282,169,190,77,15,564,20330
2024-06-17,Meta Ads,Performance_Shopping,571,341,376,169,26,1146,41320
2024-06-17,Meta Ads,Remarketing_Display,166,69,109,51,6,408,15930
2024-06-17,Meta Ads,Lead_Generation,477,286,317,138,22,954,34370
2024-06-17,Meta Ads,Display_Generico,938,560,610,285,43,1883,67900
2024-06-17,Meta Ads,Video_Awareness_Amplo,965,575,619,294,52,1940,70000
2024-06-17,TikTok Ads,Performance_Search,467,278,302,139,26,939,33910
2024-06-17,TikTok Ads,Performance_Shopping,987,587,626,304,57,1987,71740
2024-06-17,TikTok Ads,Remarketing_Display,331,136,205,106,20,818,31970
2024-06-17,TikTok Ads,Lead_Generation,868,517,556,268,44,1745,62990
2024-06-17,TikTok Ads,Display_Generico,1383,822,874,441,68,2785,100590
2024-06-17,TikTok Ads,Video_Awareness_Amplo,828,492,520,262,46,1668,60240
2024-06-18,Google Ads,Performance_Search,269,160,176,77,16,541,19550
2024-06-18,Google Ads,Performance_Shopping,404,243,275,115,14,806,29010
2024-06-18,Google Ads,Remarketing_Display,155,64,99,46,10,382,14930
2024-06-18,Google Ads,Lead_Generation,337,202,224,101,12,674,24290
2024-06-18,Google Ads,Display_Generico,407,243,264,120,23,817,29460
2024-06-18,Google Ads,Video_Awareness_Amplo,741,440,468,234,39,1493,53950
2024-06-18,Meta Ads,Performance_Search,363,216,236,108,19,730,26370
2024-06-18,Meta Ads,Performance_Shopping,371,219,227,130,14,751,27180
2024-06-18,Meta Ads,Remarketing_Display,163,68,112,47,4,400,15610
2024-06-18,Meta Ads,Lead_Generation,583,348,379,175,29,1170,42210
2024-06-18,Meta Ads,Display_Generico,788,470,510,235,43,1583,57100
2024-06-18,Meta Ads,Video_Awareness_Amplo,838,496,514,280,44,1693,61220
2024-06-18,TikTok Ads,Performance_Search,599,358,390,186,23,1201,43310
2024-06-18,TikTok Ads,Performance_Shopping,942,560,595,293,54,1897,68500
2024-06-18,TikTok Ads,Remarketing_Display,377,156,242,112,23,929,36270
2024-06-18,TikTok Ads,Lead_Generation,512,307,341,145,26,1024,36890
2024-06-18,TikTok Ads,Display_Generico,997,590,611,331,55,2014,72850
2024-06-18,TikTok Ads,Video_Awareness_Amplo,1150,686,745,339,66,2310,83320
2024-06-19,Google Ads,Performance_Search,454,268,274,143,37,919,33260
2024-06-19,Google Ads,Performance_Shopping,384,227,235,131,18,776,28090
2024-06-19,Google Ads,Remarketing_Display,135,57,98,31,6,330,12840
2024-06-19,Google Ads,Lead_Generation,230,137,151,64,15,462,16690
2024-06-19,Google Ads,Display_Generico,442,264,288,133,21,887,31980
2024-06-19,Google Ads,Video_Awareness_Amplo,474,282,303,146,25,954,34440
2024-06-19,Meta Ads,Performance_Search,282,169,188,84,10,564,20330
2024-06-19,Meta Ads,Performance_Shopping,648,386,414,199,35,1303,47020
2024-06-19,Meta Ads,Remarketing_Display,187,77,122,53,12,462,18040
2024-06-19,Meta Ads,Lead_Generation,484,288,310,142,32,974,35160
2024-06-19,Meta Ads,Display_Generico,705,421,458,214,33,1415,51020
2024-06-19,Meta Ads,Video_Awareness_Amplo,736,438,468,229,39,1481,53460
2024-06-19,TikTok Ads,Performance_Search,442,263,283,131,28,889,32110
2024-06-19,TikTok Ads,Performance_Shopping,643,386,430,181,32,1285,46270
2024-06-19,TikTok Ads,Remarketing_Display,240,100,169,57,14,590,23000
2024-06-19,TikTok Ads,Lead_Generation,703,416,435,240,28,1420,51370
2024-06-19,TikTok Ads,Display_Generico,1007,600,644,304,59,2024,73050
2024-06-19,TikTok Ads,Video_Awareness_Amplo,1036,619,678,306,52,2078,74930
2024-06-20,Google Ads,Performance_Search,234,139,149,73,12,471,17030
2024-06-20,Google Ads,Performance_Shopping,440,261,275,145,20,887,32070
2024-06-20,Google Ads,Remarketing_Display,174,72,112,57,5,429,16740
2024-06-20,Google Ads,Lead_Generation,255,153,170,71,14,510,18360
2024-06-20,Google Ads,Display_Generico,623,372,404,181,38,1250,45090
2024-06-20,Google Ads,Video_Awareness_Amplo,596,355,380,187,29,1198,43250
2024-06-20,Meta Ads,Performance_Search,420,250,267,134,19,845,30500
2024-06-20,Meta Ads,Performance_Shopping,627,378,435,152,40,1249,44910
2024-06-20,Meta Ads,Remarketing_Display,132,54,83,41,8,327,12780
2024-06-20,Meta Ads,Lead_Generation,612,363,385,193,34,1234,44610
2024-06-20,Meta Ads,Display_Generico,627,378,431,157,39,1249,44910
2024-06-20,Meta Ads,Video_Awareness_Amplo,859,510,538,277,44,1731,62550
2024-06-20,TikTok Ads,Performance_Search,626,371,390,205,31,1263,45670
2024-06-20,TikTok Ads,Performance_Shopping,761,452,482,243,36,1533,55390
2024-06-20,TikTok Ads,Remarketing_Display,255,105,166,81,8,630,24600
2024-06-20,TikTok Ads,Lead_Generation,610,363,388,185,37,1227,44310
2024-06-20,TikTok Ads,Display_Generico,1245,746,824,377,44,2492,89770
2024-06-20,TikTok Ads,Video_Awareness_Amplo,1377,818,865,439,73,2774,100210
2024-06-21,Google Ads,Performance_Search,209,123,129,68,12,424,15360
2024-06-21,Google Ads,Performance_Shopping,476,288,335,120,21,946,33960
2024-06-21,Google Ads,Remarketing_Display,151,63,102,41,8,371,14460
2024-06-21,Google Ads,Lead_Generation,485,291,328,132,25,970,34920
2024-06-21,Google Ads,Display_Generico,623,371,401,180,42,1253,45220
2024-06-21,Google Ads,Video_Awareness_Amplo,615,368,407,173,35,1232,44410
2024-06-21,Meta Ads,Performance_Search,664,397,437,199,28,1331,47990
2024-06-21,Meta Ads,Performance_Shopping,670,399,433,190,47,1347,48630
2024-06-21,Meta Ads,Remarketing_Display,133,54,82,43,8,330,12930
2024-06-21,Meta Ads,Lead_Generation,429,257,287,117,25,859,30940
2024-06-21,Meta Ads,Display_Generico,771,462,511,216,44,1543,55590
2024-06-21,Meta Ads,Video_Awareness_Amplo,999,593,629,325,45,2014,72760
2024-06-21,TikTok Ads,Performance_Search,1011,603,651,293,67,2031,73260
2024-06-21,TikTok Ads,Performance_Shopping,766,456,489,225,52,1541,55620
2024-06-21,TikTok Ads,Remarketing_Display,348,143,221,109,18,860,33610
2024-06-21,TikTok Ads,Lead_Generation,833,493,516,277,40,1683,60860
2024-06-21,TikTok Ads,Display_Generico,1201,719,790,366,45,2406,86680
2024-06-21,TikTok Ads,Video_Awareness_Amplo,1532,919,1023,438,71,3064,110330
2024-06-22,Google Ads,Performance_Search,177,106,121,52,4,354,12770
2024-06-22,Google Ads,Performance_Shopping,317,191,223,82,12,632,22720
2024-06-22,Google Ads,Remarketing_Display,82,33,52,25,5,204,8010
2024-06-22,Google Ads,Lead_Generation,235,140,154,72,9,472,17050
2024-06-22,Google Ads,Display_Generico,479,286,311,150,18,961,34670
2024-06-22,Google Ads,Video_Awareness_Amplo,386,231,254,110,22,773,27870
2024-06-22,Meta Ads,Performance_Search,416,250,282,118,16,831,29900
2024-06-22,Meta Ads,Performance_Shopping,402,241,272,108,22,804,28970
2024-06-22,Meta Ads,Remarketing_Display,137,56,86,41,10,339,13270
2024-06-22,Meta Ads,Lead_Generation,402,240,264,116,22,807,29100
2024-06-22,Meta Ads,Display_Generico,589,353,394,172,23,1179,42460
2024-06-22,Meta Ads,Video_Awareness_Amplo,383,231,265,101,17,763,27420
2024-06-22,TikTok Ads,Performance_Search,312,188,214,86,12,622,22360
2024-06-22,TikTok Ads,Performance_Shopping,462,276,303,132,27,927,33420
2024-06-22,TikTok Ads,Remarketing_Display,209,87,142,61,6,514,20040
2024-06-22,TikTok Ads,Lead_Generation,364,217,239,108,17,731,26390
2024-06-22,TikTok Ads,Display_Generico,866,518,568,244,54,1736,62560
2024-06-22,TikTok Ads,Video_Awareness_Amplo,827,497,557,231,39,1652,59440
2024-06-23,Google Ads,Performance_Search,147,87,96,42,9,297,10740
2024-06-23,Google Ads,Performance_Shopping,252,151,167,74,11,504,18170
2024-06-23,Google Ads,Remarketing_Display,94,39,62,24,8,231,9030
2024-06-23,Google Ads,Lead_Generation,275,161,159,94,22,560,20320
2024-06-23,Google Ads,Display_Generico,400,238,257,124,19,805,29060
2024-06-23,Google Ads,Video_Awareness_Amplo,281,166,174,86,21,568,20570
2024-06-23,Meta Ads,Performance_Search,259,153,163,81,15,524,18960
2024-06-23,Meta Ads,Performance_Shopping,326,194,212,93,21,656,23680
2024-06-23,Meta Ads,Remarketing_Display,122,50,77,38,7,302,11800
2024-06-23,Meta Ads,Lead_Generation,250,150,169,68,13,500,18000
2024-06-23,Meta Ads,Display_Generico,566,340,385,155,26,1131,40700
2024-06-23,Meta Ads,Video_Awareness_Amplo,501,300,336,141,24,1003,36150
2024-06-23,TikTok Ads,Performance_Search,580,349,396,156,28,1157,41630
2024-06-23,TikTok Ads,Performance_Shopping,304,183,209,83,12,606,21810
2024-06-23,TikTok Ads,Remarketing_Display,239,98,145,76,18,591,23110
2024-06-23,TikTok Ads,Lead_Generation,591,354,394,172,25,1183,42630
2024-06-23,TikTok Ads,Display_Generico,1021,611,671,302,48,2046,73720
2024-06-23,TikTok Ads,Video_Awareness_Amplo,1024,610,656,302,66,2059,74300
2024-06-24,Google Ads,Performance_Search,207,124,141,56,10,414,14930
2024-06-24,Google Ads,Performance_Shopping,193,113,116,70,7,393,14260
2024-06-24,Google Ads,Remarketing_Display,132,54,86,39,7,327,12780
2024-06-24,Google Ads,Lead_Generation,313,187,204,96,13,628,22640
2024-06-24,Google Ads,Display_Generico,398,237,258,118,22,800,28890
2024-06-24,Google Ads,Video_Awareness_Amplo,629,376,414,188,27,1261,45470
2024-06-24,Meta Ads,Performance_Search,489,293,327,142,20,979,35260
2024-06-24,Meta Ads,Performance_Shopping,337,199,209,110,18,682,24680
2024-06-24,Meta Ads,Remarketing_Display,185,77,130,48,7,455,17740
2024-06-24,Meta Ads,Lead_Generation,471,282,316,138,17,943,33990
2024-06-24,Meta Ads,Display_Generico,721,429,457,238,26,1451,52380
2024-06-24,Meta Ads,Video_Awareness_Amplo,718,428,460,215,43,1443,52060
2024-06-24,TikTok Ads,Performance_Search,634,377,405,198,31,1276,46090
2024-06-24,TikTok Ads,Performance_Shopping,470,282,317,129,24,940,33840
2024-06-24,TikTok Ads,Remarketing_Display,307,128,212,78,17,754,29410
2024-06-24,TikTok Ads,Lead_Generation,848,502,526,276,46,1713,61940
2024-06-24,TikTok Ads,Display_Generico,1600,957,1049,476,75,3207,115590
2024-06-24,TikTok Ads,Video_Awareness_Amplo,1120,665,702,345,73,2257,81550
2024-06-25,Google Ads,Performance_Search,475,282,299,152,24,957,34590
2024-06-25,Google Ads,Performance_Shopping,263,154,151,94,18,535,19430
2024-06-25,Google Ads,Remarketing_Display,137,56,90,43,4,339,13270
2024-06-25,Google Ads,Lead_Generation,315,185,187,114,14,640,23200
2024-06-25,Google Ads,Display_Generico,355,212,233,109,13,712,25690
2024-06-25,Google Ads,Video_Awareness_Amplo,603,359,387,189,27,1213,43780
2024-06-25,Meta Ads,Performance_Search,432,257,275,134,23,869,31390
2024-06-25,Meta Ads,Performance_Shopping,453,272,304,128,21,905,32590
2024-06-25,Meta Ads,Remarketing_Display,171,71,113,49,9,421,16420
2024-06-25,Meta Ads,Lead_Generation,686,411,454,206,26,1373,49470
2024-06-25,Meta Ads,Display_Generico,949,567,618,275,56,1904,68640
2024-06-25,Meta Ads,Video_Awareness_Amplo,965,573,607,309,49,1945,70260
2024-06-25,TikTok Ads,Performance_Search,523,311,330,172,21,1053,38020
2024-06-25,TikTok Ads,Performance_Shopping,428,257,293,126,9,855,30790
2024-06-25,TikTok Ads,Remarketing_Display,391,163,267,109,15,961,37460
2024-06-25,TikTok Ads,Lead_Generation,583,347,374,177,32,1173,42340
2024-06-25,TikTok Ads,Display_Generico,1213,725,791,358,64,2433,87700
2024-06-25,TikTok Ads,Video_Awareness_Amplo,1008,602,654,307,47,2023,72940
2024-06-26,Google Ads,Performance_Search,195,116,127,59,9,392,14170
2024-06-26,Google Ads,Performance_Shopping,501,301,338,144,19,1001,36020
2024-06-26,Google Ads,Remarketing_Display,119,49,81,29,9,294,11480
2024-06-26,Google Ads,Lead_Generation,394,238,275,104,15,784,28160
2024-06-26,Google Ads,Display_Generico,527,315,348,152,27,1057,38100
2024-06-26,Google Ads,Video_Awareness_Amplo,723,435,490,206,27,1443,51900
2024-06-26,Meta Ads,Performance_Search,542,323,348,164,30,1089,39310
2024-06-26,Meta Ads,Performance_Shopping,451,269,292,141,18,906,32680
2024-06-26,Meta Ads,Remarketing_Display,260,107,165,82,13,642,25090
2024-06-26,Meta Ads,Lead_Generation,316,187,196,107,13,638,23090
2024-06-26,Meta Ads,Display_Generico,656,392,433,194,29,1316,47440
2024-06-26,Meta Ads,Video_Awareness_Amplo,772,461,501,230,41,1549,55870
2024-06-26,TikTok Ads,Performance_Search,509,304,335,144,30,1021,36830
2024-06-26,TikTok Ads,Performance_Shopping,656,394,442,183,31,1311,47180
2024-06-26,TikTok Ads,Remarketing_Display,238,98,155,77,6,588,22960
2024-06-26,TikTok Ads,Lead_Generation,1040,620,670,324,46,2090,75400
2024-06-26,TikTok Ads,Display_Generico,1189,708,760,370,59,2391,86310
2024-06-26,TikTok Ads,Video_Awareness_Amplo,1480,881,941,477,62,2977,107470
2024-06-27,Google Ads,Performance_Search,518,307,324,165,29,1045,37790
2024-06-27,Google Ads,Performance_Shopping,296,179,207,71,18,588,21130
2024-06-27,Google Ads,Remarketing_Display,139,58,96,37,6,341,13310
2024-06-27,Google Ads,Lead_Generation,292,174,189,90,13,587,21180
2024-06-27,Google Ads,Display_Generico,751,452,510,216,25,1498,53890
2024-06-27,Google Ads,Video_Awareness_Amplo,490,293,320,143,27,982,35410
2024-06-27,Meta Ads,Performance_Search,434,258,274,142,18,874,31560
2024-06-27,Meta Ads,Performance_Shopping,651,391,437,187,27,1301,46820
2024-06-27,Meta Ads,Remarketing_Display,196,81,127,59,10,483,18870
2024-06-27,Meta Ads,Lead_Generation,476,282,299,147,30,961,34740
2024-06-27,Meta Ads,Display_Generico,940,565,637,246,57,1877,67550
2024-06-27,Meta Ads,Video_Awareness_Amplo,793,474,521,242,30,1590,57330
2024-06-27,TikTok Ads,Performance_Search,638,383,431,190,17,1275,45910
2024-06-27,TikTok Ads,Performance_Shopping,552,329,358,166,28,1109,40030
2024-06-27,TikTok Ads,Remarketing_Display,268,110,166,96,6,663,25900
2024-06-27,TikTok Ads,Lead_Generation,452,268,280,147,25,912,32960
2024-06-27,TikTok Ads,Display_Generico,878,524,573,260,45,1763,63580
2024-06-27,TikTok Ads,Video_Awareness_Amplo,879,524,566,265,48,1766,63730
2024-06-28,Google Ads,Performance_Search,481,289,328,135,18,961,34580
2024-06-28,Google Ads,Performance_Shopping,410,243,257,125,28,827,29910
2024-06-28,Google Ads,Remarketing_Display,174,72,115,45,14,429,16740
2024-06-28,Google Ads,Lead_Generation,362,217,244,96,22,724,26090
2024-06-28,Google Ads,Display_Generico,492,295,327,139,26,984,35450
2024-06-28,Google Ads,Video_Awareness_Amplo,718,430,477,207,34,1438,51800
2024-06-28,Meta Ads,Performance_Search,532,317,345,163,24,1069,38590
2024-06-28,Meta Ads,Performance_Shopping,315,190,217,88,10,627,22550
2024-06-28,Meta Ads,Remarketing_Display,251,103,157,78,16,621,24260
2024-06-28,Meta Ads,Lead_Generation,444,265,292,133,19,891,32150
2024-06-28,Meta Ads,Display_Generico,538,322,355,165,18,1078,38840
2024-06-28,Meta Ads,Video_Awareness_Amplo,875,521,562,270,43,1760,63520
2024-06-28,TikTok Ads,Performance_Search,971,581,639,288,44,1946,70120
2024-06-28,TikTok Ads,Performance_Shopping,614,365,390,188,36,1236,44650
2024-06-28,TikTok Ads,Remarketing_Display,381,159,257,107,17,936,36480
2024-06-28,TikTok Ads,Lead_Generation,524,312,338,162,24,1054,38040
2024-06-28,TikTok Ads,Display_Generico,1329,801,915,356,58,2649,95220
2024-06-28,TikTok Ads,Video_Awareness_Amplo,1162,693,749,365,48,2334,84210
2024-06-29,Google Ads,Performance_Search,134,80,91,34,9,269,9700
2024-06-29,Google Ads,Performance_Shopping,171,101,106,59,6,346,12520
2024-06-29,Google Ads,Remarketing_Display,79,33,54,21,4,194,7560
2024-06-29,Google Ads,Lead_Generation,142,85,96,45,1,284,10250
2024-06-29,Google Ads,Display_Generico,347,207,226,99,22,697,25140
2024-06-29,Google Ads,Video_Awareness_Amplo,454,272,305,126,23,909,32740
2024-06-29,Meta Ads,Performance_Search,428,257,287,123,18,855,30790
2024-06-29,Meta Ads,Performance_Shopping,249,148,157,82,10,501,18110
2024-06-29,Meta Ads,Remarketing_Display,146,61,100,39,7,358,13970
2024-06-29,Meta Ads,Lead_Generation,369,220,238,114,17,741,26750
2024-06-29,Meta Ads,Display_Generico,434,260,287,120,27,869,31300
2024-06-29,Meta Ads,Video_Awareness_Amplo,506,303,337,151,18,1013,36510
2024-06-29,TikTok Ads,Performance_Search,608,361,380,196,32,1225,44270
2024-06-29,TikTok Ads,Performance_Shopping,573,344,384,159,30,1145,41230
2024-06-29,TikTok Ads,Remarketing_Display,190,78,123,56,11,470,18360
2024-06-29,TikTok Ads,Lead_Generation,453,267,270,163,20,918,33240
2024-06-29,TikTok Ads,Display_Generico,754,450,487,228,39,1514,54600
2024-06-29,TikTok Ads,Video_Awareness_Amplo,591,352,381,172,38,1188,42890
2024-06-30,Google Ads,Performance_Search,143,83,80,52,11,293,10660
2024-06-30,Google Ads,Performance_Shopping,134,80,89,40,5,269,9700
2024-06-30,Google Ads,Remarketing_Display,93,38,58,30,5,230,9010
2024-06-30,Google Ads,Lead_Generation,271,161,173,86,12,546,19720
2024-06-30,Google Ads,Display_Generico,407,242,262,126,19,819,29590
2024-06-30,Google Ads,Video_Awareness_Amplo,309,184,200,90,19,621,22430
2024-06-30,Meta Ads,Performance_Search,364,217,236,106,22,731,26390
2024-06-30,Meta Ads,Performance_Shopping,170,100,105,54,11,345,12500
2024-06-30,Meta Ads,Remarketing_Display,93,38,64,26,3,230,9010
2024-06-30,Meta Ads,Lead_Generation,325,193,204,106,15,655,23660
2024-06-30,Meta Ads,Display_Generico,455,274,310,127,18,907,32630
2024-06-30,Meta Ads,Video_Awareness_Amplo,510,306,340,146,24,1020,36720
2024-06-30,TikTok Ads,Performance_Search,382,227,243,116,23,769,27790
2024-06-30,TikTok Ads,Performance_Shopping,417,247,257,138,22,842,30440
2024-06-30,TikTok Ads,Remarketing_Display,229,94,141,76,12,566,22130
2024-06-30,TikTok Ads,Lead_Generation,480,289,332,126,22,957,34430
2024-06-30,TikTok Ads,Display_Generico,729,433,462,222,45,1469,53060
2024-06-30,TikTok Ads,Video_Awareness_Amplo,644,383,409,206,29,1296,46810
2024-07-01,Google Ads,Performance_Search,383,230,259,108,16,765,27550
2024-07-01,Google Ads,Performance_Shopping,379,225,241,118,20,764,27600
2024-07-01,Google Ads,Remarketing_Display,96,40,67,22,7,236,9200
2024-07-01,Google Ads,Lead_Generation,220,131,146,68,6,442,15970
2024-07-01,Google Ads,Display_Generico,537,319,342,169,26,1082,39080
2024-07-01,Google Ads,Video_Awareness_Amplo,586,352,394,170,22,1171,42140
2024-07-01,Meta Ads,Performance_Search,368,220,240,111,17,738,26600
2024-07-01,Meta Ads,Performance_Shopping,512,307,346,143,23,1024,36890
2024-07-01,Meta Ads,Remarketing_Display,170,70,109,56,5,420,16400
2024-07-01,Meta Ads,Lead_Generation,314,188,210,94,10,629,22660
2024-07-01,Meta Ads,Display_Generico,794,475,523,229,42,1591,57350
2024-07-01,Meta Ads,Video_Awareness_Amplo,607,360,378,188,41,1224,44250
2024-07-01,TikTok Ads,Performance_Search,614,363,376,197,41,1241,44910
2024-07-01,TikTok Ads,Performance_Shopping,913,545,590,272,51,1833,66100
2024-07-01,TikTok Ads,Remarketing_Display,309,128,204,87,18,761,29710
2024-07-01,TikTok Ads,Lead_Generation,546,327,364,159,23,1093,39390
2024-07-01,TikTok Ads,Display_Generico,1038,619,667,301,70,2085,75230
2024-07-01,TikTok Ads,Video_Awareness_Amplo,1009,601,645,310,54,2029,73220
2024-07-02,Google Ads,Performance_Search,208,123,132,61,15,420,15210
2024-07-02,Google Ads,Performance_Shopping,353,211,233,102,18,708,25520
2024-07-02,Google Ads,Remarketing_Display,109,45,71,35,3,269,10500
2024-07-02,Google Ads,Lead_Generation,166,96,90,67,9,341,12420
2024-07-02,Google Ads,Display_Generico,463,278,314,133,16,925,33310
2024-07-02,Google Ads,Video_Awareness_Amplo,392,233,247,130,15,789,28510
2024-07-02,Meta Ads,Performance_Search,535,318,339,161,35,1077,38910
2024-07-02,Meta Ads,Performance_Shopping,289,171,181,93,15,584,21120
2024-07-02,Meta Ads,Remarketing_Display,210,87,140,63,7,517,20190
2024-07-02,Meta Ads,Lead_Generation,367,219,240,119,8,737,26580
2024-07-02,Meta Ads,Display_Generico,543,321,330,177,36,1098,39720
2024-07-02,Meta Ads,Video_Awareness_Amplo,465,274,281,157,27,942,34130
2024-07-02,TikTok Ads,Performance_Search,564,336,364,169,31,1134,40920
2024-07-02,TikTok Ads,Performance_Shopping,502,297,307,175,20,1014,36690
2024-07-02,TikTok Ads,Remarketing_Display,301,125,202,88,11,741,28900
2024-07-02,TikTok Ads,Lead_Generation,544,325,359,159,26,1091,39350
2024-07-02,TikTok Ads,Display_Generico,1290,769,831,400,59,2592,93530
2024-07-02,TikTok Ads,Video_Awareness_Amplo,1559,929,1001,478,80,3134,113080
2024-07-03,Google Ads,Performance_Search,223,132,140,68,15,450,16290
2024-07-03,Google Ads,Performance_Shopping,477,284,304,155,18,959,34630
2024-07-03,Google Ads,Remarketing_Display,127,52,80,43,4,314,12290
2024-07-03,Google Ads,Lead_Generation,217,130,146,67,4,434,15650
2024-07-03,Google Ads,Display_Generico,489,293,325,142,22,979,35260
2024-07-03,Google Ads,Video_Awareness_Amplo,386,230,252,111,23,776,28000
2024-07-03,Meta Ads,Performance_Search,345,204,214,111,20,697,25230
2024-07-03,Meta Ads,Performance_Shopping,408,239,236,146,26,830,30130
2024-07-03,Meta Ads,Remarketing_Display,208,86,135,67,6,513,20020
2024-07-03,Meta Ads,Lead_Generation,300,179,197,89,14,602,21730
2024-07-03,Meta Ads,Display_Generico,1006,599,642,310,54,2023,73030
2024-07-03,Meta Ads,Video_Awareness_Amplo,842,500,527,270,45,1697,61300
2024-07-03,TikTok Ads,Performance_Search,579,345,376,177,26,1164,42000
2024-07-03,TikTok Ads,Performance_Shopping,527,313,336,167,24,1062,38360
2024-07-03,TikTok Ads,Remarketing_Display,340,140,214,113,13,840,32800
2024-07-03,TikTok Ads,Lead_Generation,638,382,425,183,30,1278,46040
2024-07-03,TikTok Ads,Display_Generico,988,591,649,289,50,1980,71370
2024-07-03,TikTok Ads,Video_Awareness_Amplo,1300,781,874,351,75,2597,93470
2024-07-04,Google Ads,Performance_Search,273,162,170,90,13,550,19890
2024-07-04,Google Ads,Performance_Shopping,256,152,163,76,17,516,18640
2024-07-04,Google Ads,Remarketing_Display,166,67,98,59,9,413,16190
2024-07-04,Google Ads,Lead_Generation,322,192,208,100,14,647,23340
2024-07-04,Google Ads,Display_Generico,412,245,262,127,23,829,29950
2024-07-04,Google Ads,Video_Awareness_Amplo,579,345,370,177,32,1164,42000
2024-07-04,Meta Ads,Performance_Search,609,362,385,193,31,1226,44290
2024-07-04,Meta Ads,Performance_Shopping,331,199,227,93,11,661,23780
2024-07-04,Meta Ads,Remarketing_Display,255,106,168,73,14,627,24470
2024-07-04,Meta Ads,Lead_Generation,330,199,231,86,13,657,23630
2024-07-04,Meta Ads,Display_Generico,876,524,575,251,50,1756,63280
2024-07-04,Meta Ads,Video_Awareness_Amplo,690,412,452,204,34,1385,49940
2024-07-04,TikTok Ads,Performance_Search,681,406,441,215,25,1368,49370
2024-07-04,TikTok Ads,Performance_Shopping,728,435,479,216,33,1460,52650
2024-07-04,TikTok Ads,Remarketing_Display,284,116,174,94,16,704,27520
2024-07-04,TikTok Ads,Lead_Generation,965,577,632,286,47,1935,69740
2024-07-04,TikTok Ads,Display_Generico,832,497,540,252,40,1669,60190
2024-07-04,TikTok Ads,Video_Awareness_Amplo,1526,911,992,455,79,3063,110470
2024-07-05,Google Ads,Performance_Search,251,149,163,72,16,506,18280
2024-07-05,Google Ads,Performance_Shopping,280,168,188,85,7,560,20160
2024-07-05,Google Ads,Remarketing_Display,96,39,59,32,5,238,9330
2024-07-05,Google Ads,Lead_Generation,410,242,253,134,23,830,30040
2024-07-05,Google Ads,Display_Generico,542,322,343,172,27,1092,39440
2024-07-05,Google Ads,Video_Awareness_Amplo,537,321,352,161,24,1077,38820
2024-07-05,Meta Ads,Performance_Search,334,202,235,82,17,664,23840
2024-07-05,Meta Ads,Performance_Shopping,540,323,357,155,28,1082,39010
2024-07-05,Meta Ads,Remarketing_Display,247,102,164,73,10,609,23790
2024-07-05,Meta Ads,Lead_Generation,325,195,223,90,12,650,23400
2024-07-05,Meta Ads,Display_Generico,690,413,459,201,30,1382,49810
2024-07-05,Meta Ads,Video_Awareness_Amplo,978,580,608,331,39,1973,71300
2024-07-05,TikTok Ads,Performance_Search,360,214,228,107,25,725,26180
2024-07-05,TikTok Ads,Performance_Shopping,472,281,300,143,29,949,34270
2024-07-05,TikTok Ads,Remarketing_Display,210,86,133,67,10,520,20320
2024-07-05,TikTok Ads,Lead_Generation,817,484,504,268,45,1649,59630
2024-07-05,TikTok Ads,Display_Generico,772,459,493,239,40,1554,56130
2024-07-05,TikTok Ads,Video_Awareness_Amplo,1095,655,717,324,54,2195,79100
2024-07-06,Google Ads,Performance_Search,293,176,203,82,8,585,21070
2024-07-06,Google Ads,Performance_Shopping,184,109,119,56,9,371,13430
2024-07-06,Google Ads,Remarketing_Display,88,36,61,24,3,218,8520
2024-07-06,Google Ads,Lead_Generation,262,155,161,84,17,529,19150
2024-07-06,Google Ads,Display_Generico,250,149,162,73,15,502,18130
2024-07-06,Google Ads,Video_Awareness_Amplo,424,253,276,131,17,851,30710
2024-07-06,Meta Ads,Performance_Search,190,114,127,52,11,380,13680
2024-07-06,Meta Ads,Performance_Shopping,205,122,133,61,11,412,14890
2024-07-06,Meta Ads,Remarketing_Display,91,37,60,27,4,226,8840
2024-07-06,Meta Ads,Lead_Generation,204,120,126,68,10,414,15000
2024-07-06,Meta Ads,Display_Generico,494,294,315,156,23,994,35880
2024-07-06,Meta Ads,Video_Awareness_Amplo,318,190,213,93,12,638,23000
2024-07-06,TikTok Ads,Performance_Search,248,147,159,73,16,500,18090
2024-07-06,TikTok Ads,Performance_Shopping,449,267,289,142,18,904,32640
2024-07-06,TikTok Ads,Remarketing_Display,195,81,129,60,6,480,18720
2024-07-06,TikTok Ads,Lead_Generation,374,221,231,123,20,756,27370
2024-07-06,TikTok Ads,Display_Generico,610,367,418,160,32,1217,43790
2024-07-06,TikTok Ads,Video_Awareness_Amplo,827,491,522,250,55,1667,60220
2024-07-07,Google Ads,Performance_Search,254,151,164,75,15,511,18470
2024-07-07,Google Ads,Performance_Shopping,313,185,193,99,21,633,22900
2024-07-07,Google Ads,Remarketing_Display,53,22,35,17,1,130,5090
2024-07-07,Google Ads,Lead_Generation,284,170,193,80,11,569,20500
2024-07-07,Google Ads,Display_Generico,374,224,251,108,15,749,26980
2024-07-07,Google Ads,Video_Awareness_Amplo,441,264,295,131,15,883,31830
2024-07-07,Meta Ads,Performance_Search,260,153,159,81,20,527,19110
2024-07-07,Meta Ads,Performance_Shopping,146,86,87,50,9,296,10720
2024-07-07,Meta Ads,Remarketing_Display,143,57,79,55,9,358,14040
2024-07-07,Meta Ads,Lead_Generation,401,239,259,122,20,806,29080
2024-07-07,Meta Ads,Display_Generico,417,246,251,150,16,844,30570
2024-07-07,Meta Ads,Video_Awareness_Amplo,448,269,301,125,22,895,32230
2024-07-07,TikTok Ads,Performance_Search,635,381,426,176,33,1270,45720
2024-07-07,TikTok Ads,Performance_Shopping,300,179,194,90,16,602,21730
2024-07-07,TikTok Ads,Remarketing_Display,141,58,89,43,9,348,13610
2024-07-07,TikTok Ads,Lead_Generation,247,149,172,66,9,492,17680
2024-07-07,TikTok Ads,Display_Generico,515,307,336,160,19,1035,37340
2024-07-07,TikTok Ads,Video_Awareness_Amplo,853,513,578,239,36,1703,61260
2024-07-08,Google Ads,Performance_Search,212,126,137,65,10,427,15420
2024-07-08,Google Ads,Performance_Shopping,350,209,233,105,12,702,25330
2024-07-08,Google Ads,Remarketing_Display,146,61,101,41,4,358,13970
2024-07-08,Google Ads,Lead_Generation,431,257,283,130,18,866,31240
2024-07-08,Google Ads,Display_Generico,459,276,310,134,15,916,32970
2024-07-08,Google Ads,Video_Awareness_Amplo,616,369,409,179,28,1233,44430
2024-07-08,Meta Ads,Performance_Search,543,322,341,173,29,1095,39590
2024-07-08,Meta Ads,Performance_Shopping,572,341,371,165,36,1149,41470
2024-07-08,Meta Ads,Remarketing_Display,201,83,134,57,10,496,19360
2024-07-08,Meta Ads,Lead_Generation,371,222,245,112,14,743,26790
2024-07-08,Meta Ads,Display_Generico,726,432,466,223,37,1461,52740
2024-07-08,Meta Ads,Video_Awareness_Amplo,965,577,635,280,50,1935,69740
2024-07-08,TikTok Ads,Performance_Search,812,482,510,245,57,1637,59140
2024-07-08,TikTok Ads,Performance_Shopping,889,525,543,295,51,1799,65100
2024-07-08,TikTok Ads,Remarketing_Display,227,93,136,80,11,562,21960
2024-07-08,TikTok Ads,Lead_Generation,888,526,553,287,48,1793,64820
2024-07-08,TikTok Ads,Display_Generico,937,559,604,292,41,1882,67880
2024-07-08,TikTok Ads,Video_Awareness_Amplo,1311,778,823,412,76,2643,95510
2024-07-09,Google Ads,Performance_Search,190,112,114,66,10,385,13940
2024-07-09,Google Ads,Performance_Shopping,382,227,246,114,22,769,27790
2024-07-09,Google Ads,Remarketing_Display,101,42,67,30,4,248,9690
2024-07-09,Google Ads,Lead_Generation,243,146,167,66,10,485,17470
2024-07-09,Google Ads,Display_Generico,417,248,265,123,29,839,30310
2024-07-09,Google Ads,Video_Awareness_Amplo,593,353,378,194,21,1193,43060
2024-07-09,Meta Ads,Performance_Search,250,149,165,68,17,502,18130
2024-07-09,Meta Ads,Performance_Shopping,563,336,366,167,30,1130,40770
2024-07-09,Meta Ads,Remarketing_Display,204,83,120,71,13,506,19810
2024-07-09,Meta Ads,Lead_Generation,528,313,329,174,25,1065,38510
2024-07-09,Meta Ads,Display_Generico,692,416,472,193,27,1382,49720
2024-07-09,Meta Ads,Video_Awareness_Amplo,640,380,405,198,37,1290,46600
2024-07-09,TikTok Ads,Performance_Search,713,424,454,227,32,1435,51830
2024-07-09,TikTok Ads,Performance_Shopping,756,455,515,216,25,1508,54250
2024-07-09,TikTok Ads,Remarketing_Display,267,110,166,85,16,659,25750
2024-07-09,TikTok Ads,Lead_Generation,393,234,254,116,23,790,28530
2024-07-09,TikTok Ads,Display_Generico,815,486,526,235,54,1637,59070
2024-07-09,TikTok Ads,Video_Awareness_Amplo,1324,787,838,419,67,2666,96290
2024-07-10,Google Ads,Performance_Search,203,122,142,52,9,405,14590
2024-07-10,Google Ads,Performance_Shopping,370,219,232,113,25,747,27030
2024-07-10,Google Ads,Remarketing_Display,133,55,86,36,11,328,12800
2024-07-10,Google Ads,Lead_Generation,176,104,111,58,7,356,12880
2024-07-10,Google Ads,Display_Generico,628,375,413,190,25,1260,45450
2024-07-10,Google Ads,Video_Awareness_Amplo,708,423,466,211,31,1420,51210
2024-07-10,Meta Ads,Performance_Search,560,333,357,180,23,1127,40710
2024-07-10,Meta Ads,Performance_Shopping,345,203,207,123,15,700,25360
2024-07-10,Meta Ads,Remarketing_Display,199,81,121,65,13,494,19320
2024-07-10,Meta Ads,Lead_Generation,369,220,243,106,20,741,26750
2024-07-10,Meta Ads,Display_Generico,849,509,569,244,36,1699,61180
2024-07-10,Meta Ads,Video_Awareness_Amplo,841,500,534,268,39,1693,61150
2024-07-10,TikTok Ads,Performance_Search,575,341,359,184,32,1160,41920
2024-07-10,TikTok Ads,Performance_Shopping,920,549,596,279,45,1847,66630
2024-07-10,TikTok Ads,Remarketing_Display,262,109,180,73,9,644,25130
2024-07-10,TikTok Ads,Lead_Generation,441,264,291,131,19,883,31830
2024-07-10,TikTok Ads,Display_Generico,1133,678,749,319,65,2270,81810
2024-07-10,TikTok Ads,Video_Awareness_Amplo,1067,642,726,298,43,2129,76590
2024-07-11,Google Ads,Performance_Search,371,220,234,115,22,748,27050
2024-07-11,Google Ads,Performance_Shopping,372,220,233,121,18,752,27200
2024-07-11,Google Ads,Remarketing_Display,103,43,75,25,3,253,9860
2024-07-11,Google Ads,Lead_Generation,399,241,283,96,20,794,28520
2024-07-11,Google Ads,Display_Generico,653,393,444,175,34,1303,46860
2024-07-11,Google Ads,Video_Awareness_Amplo,675,399,410,233,32,1365,49380
2024-07-11,Meta Ads,Performance_Search,572,342,374,177,21,1147,41340
2024-07-11,Meta Ads,Performance_Shopping,587,351,389,161,37,1177,42420
2024-07-11,Meta Ads,Remarketing_Display,138,56,83,46,9,343,13420
2024-07-11,Meta Ads,Lead_Generation,440,265,300,120,20,877,31550
2024-07-11,Meta Ads,Display_Generico,538,319,337,174,27,1085,39230
2024-07-11,Meta Ads,Video_Awareness_Amplo,861,515,564,262,35,1726,62200
2024-07-11,TikTok Ads,Performance_Search,468,279,302,140,26,940,33930
2024-07-11,TikTok Ads,Performance_Shopping,854,510,554,253,47,1714,61800
2024-07-11,TikTok Ads,Remarketing_Display,259,106,157,89,13,641,25070
2024-07-11,TikTok Ads,Lead_Generation,734,442,505,191,38,1464,52640
2024-07-11,TikTok Ads,Display_Generico,1016,610,684,280,52,2031,73100
2024-07-11,TikTok Ads,Video_Awareness_Amplo,786,469,513,238,35,1578,56930
2024-07-12,Google Ads,Performance_Search,234,140,154,65,15,469,16900
2024-07-12,Google Ads,Performance_Shopping,244,145,159,73,12,491,17750
2024-07-12,Google Ads,Remarketing_Display,98,40,60,35,3,243,9500
2024-07-12,Google Ads,Lead_Generation,204,120,125,67,12,414,15000
2024-07-12,Google Ads,Display_Generico,555,329,347,185,23,1120,40480
2024-07-12,Google Ads,Video_Awareness_Amplo,391,234,259,119,13,783,28230
2024-07-12,Meta Ads,Performance_Search,561,338,385,144,32,1118,40210
2024-07-12,Meta Ads,Performance_Shopping,471,282,313,132,26,943,33990
2024-07-12,Meta Ads,Remarketing_Display,256,106,169,76,11,631,24620
2024-07-12,Meta Ads,Lead_Generation,664,395,424,215,25,1336,48250
2024-07-12,Meta Ads,Display_Generico,782,466,505,236,41,1572,56720
2024-07-12,Meta Ads,Video_Awareness_Amplo,505,301,327,154,24,1015,36620
2024-07-12,TikTok Ads,Performance_Search,657,391,422,204,31,1322,47720
2024-07-12,TikTok Ads,Performance_Shopping,767,459,504,226,37,1537,55380
2024-07-12,TikTok Ads,Remarketing_Display,167,69,109,51,7,412,16080
2024-07-12,TikTok Ads,Lead_Generation,457,272,295,132,30,919,33190
2024-07-12,TikTok Ads,Display_Generico,1231,735,799,369,63,2471,89100
2024-07-12,TikTok Ads,Video_Awareness_Amplo,1381,826,908,414,59,2768,99770
2024-07-13,Google Ads,Performance_Search,242,145,163,68,11,484,17450
2024-07-13,Google Ads,Performance_Shopping,159,95,106,39,14,319,11500
2024-07-13,Google Ads,Remarketing_Display,64,26,44,18,2,159,6220
2024-07-13,Google Ads,Lead_Generation,207,124,143,58,6,414,14930
2024-07-13,Google Ads,Display_Generico,353,211,230,98,25,708,25520
2024-07-13,Google Ads,Video_Awareness_Amplo,326,195,217,95,14,653,23550
2024-07-13,Meta Ads,Performance_Search,184,110,126,51,7,369,13300
2024-07-13,Meta Ads,Performance_Shopping,394,237,271,107,16,786,28290
2024-07-13,Meta Ads,Remarketing_Display,86,35,58,25,3,213,8350
2024-07-13,Meta Ads,Lead_Generation,308,182,190,100,18,623,22540
2024-07-13,Meta Ads,Display_Generico,436,260,286,120,30,876,31600
2024-07-13,Meta Ads,Video_Awareness_Amplo,459,277,318,119,22,914,32840
2024-07-13,TikTok Ads,Performance_Search,330,198,221,91,18,660,23760
2024-07-13,TikTok Ads,Performance_Shopping,317,190,211,89,17,634,22850
2024-07-13,TikTok Ads,Remarketing_Display,147,61,99,41,7,362,14120
2024-07-13,TikTok Ads,Lead_Generation,548,327,359,161,28,1100,39690
2024-07-13,TikTok Ads,Display_Generico,722,432,477,207,38,1447,52140
2024-07-13,TikTok Ads,Video_Awareness_Amplo,721,429,458,225,38,1451,52380
2024-07-14,Google Ads,Performance_Search,180,108,123,52,5,360,12960
2024-07-14,Google Ads,Performance_Shopping,198,118,132,54,12,398,14360
2024-07-14,Google Ads,Remarketing_Display,79,32,50,26,3,196,7690
2024-07-14,Google Ads,Lead_Generation,263,155,162,92,9,533,19300
2024-07-14,Google Ads,Display_Generico,326,195,219,91,16,653,23550
2024-07-14,Google Ads,Video_Awareness_Amplo,425,253,272,126,27,855,30860
2024-07-14,Meta Ads,Performance_Search,250,149,165,77,8,502,18130
2024-07-14,Meta Ads,Performance_Shopping,228,135,140,75,13,460,16650
2024-07-14,Meta Ads,Remarketing_Display,98,41,69,23,6,240,9370
2024-07-14,Meta Ads,Lead_Generation,355,210,218,116,21,717,25950
2024-07-14,Meta Ads,Display_Generico,446,265,285,139,22,898,32450
2024-07-14,Meta Ads,Video_Awareness_Amplo,556,329,342,186,28,1123,40630
2024-07-14,TikTok Ads,Performance_Search,499,299,332,151,16,999,35980
2024-07-14,TikTok Ads,Performance_Shopping,344,206,232,97,15,689,24820
2024-07-14,TikTok Ads,Remarketing_Display,137,56,83,45,9,339,13270
2024-07-14,TikTok Ads,Lead_Generation,531,316,338,161,32,1068,38570
2024-07-14,TikTok Ads,Display_Generico,587,350,382,170,35,1179,42550
2024-07-14,TikTok Ads,Video_Awareness_Amplo,805,485,554,208,43,1605,57700
2024-07-15,Google Ads,Performance_Search,226,135,148,72,6,453,16350
2024-07-15,Google Ads,Performance_Shopping,238,140,146,72,20,483,17500
2024-07-15,Google Ads,Remarketing_Display,185,77,130,48,7,455,17740
2024-07-15,Google Ads,Lead_Generation,368,219,237,106,25,740,26730
2024-07-15,Google Ads,Display_Generico,602,360,398,178,26,1207,43500
2024-07-15,Google Ads,Video_Awareness_Amplo,624,372,405,192,27,1254,45240
2024-07-15,Meta Ads,Performance_Search,632,375,396,199,37,1274,46050
2024-07-15,Meta Ads,Performance_Shopping,522,312,346,160,16,1047,37740
2024-07-15,Meta Ads,Remarketing_Display,152,62,91,53,8,377,14740
2024-07-15,Meta Ads,Lead_Generation,436,261,291,126,19,873,31470
2024-07-15,Meta Ads,Display_Generico,846,501,523,276,47,1708,61770
2024-07-15,Meta Ads,Video_Awareness_Amplo,550,329,361,155,34,1102,39730
2024-07-15,TikTok Ads,Performance_Search,600,358,390,189,21,1205,43460
2024-07-15,TikTok Ads,Performance_Shopping,558,331,350,181,27,1125,40670
2024-07-15,TikTok Ads,Remarketing_Display,371,154,247,114,10,913,35630
2024-07-15,TikTok Ads,Lead_Generation,459,274,298,140,21,921,33230
2024-07-15,TikTok Ads,Display_Generico,1416,843,906,444,66,2848,102810
2024-07-15,TikTok Ads,Video_Awareness_Amplo,1339,797,850,434,55,2694,97240
2024-07-16,Google Ads,Performance_Search,401,241,273,108,20,801,28820
2024-07-16,Google Ads,Performance_Shopping,327,197,226,86,15,652,23440
2024-07-16,Google Ads,Remarketing_Display,175,74,129,40,6,427,16630
2024-07-16,Google Ads,Lead_Generation,365,218,238,112,15,732,26410
2024-07-16,Google Ads,Display_Generico,338,199,202,121,15,685,24830
2024-07-16,Google Ads,Video_Awareness_Amplo,593,354,389,163,41,1190,42930
2024-07-16,Meta Ads,Performance_Search,537,320,346,165,26,1079,38950
2024-07-16,Meta Ads,Performance_Shopping,316,189,210,95,11,633,22830
2024-07-16,Meta Ads,Remarketing_Display,215,90,150,59,6,527,20550
2024-07-16,Meta Ads,Lead_Generation,617,369,409,177,31,1237,44580
2024-07-16,Meta Ads,Display_Generico,748,442,454,245,49,1513,54740
2024-07-16,Meta Ads,Video_Awareness_Amplo,915,547,601,274,40,1835,66140
2024-07-16,TikTok Ads,Performance_Search,617,368,402,192,23,1239,44710
2024-07-16,TikTok Ads,Performance_Shopping,858,509,539,277,42,1730,62530
2024-07-16,TikTok Ads,Remarketing_Display,251,105,175,66,10,616,24000
2024-07-16,TikTok Ads,Lead_Generation,508,305,341,146,21,1015,36550
2024-07-16,TikTok Ads,Display_Generico,942,559,589,291,62,1899,68630
2024-07-16,TikTok Ads,Video_Awareness_Amplo,809,482,517,249,43,1626,58690
2024-07-17,Google Ads,Performance_Search,210,124,130,68,12,425,15380
2024-07-17,Google Ads,Performance_Shopping,312,187,207,95,10,624,22490
2024-07-17,Google Ads,Remarketing_Display,143,59,91,47,5,353,13780
2024-07-17,Google Ads,Lead_Generation,474,285,320,132,22,946,34050
2024-07-17,Google Ads,Display_Generico,532,321,373,131,28,1059,38070
2024-07-17,Google Ads,Video_Awareness_Amplo,386,230,252,107,27,776,28000
2024-07-17,Meta Ads,Performance_Search,527,315,345,155,27,1057,38100
2024-07-17,Meta Ads,Performance_Shopping,398,237,259,122,17,800,28890
2024-07-17,Meta Ads,Remarketing_Display,195,79,117,69,9,485,18980
2024-07-17,Meta Ads,Lead_Generation,274,162,167,92,15,554,20040
2024-07-17,Meta Ads,Display_Generico,731,435,469,221,41,1471,53100
2024-07-17,Meta Ads,Video_Awareness_Amplo,779,462,484,259,36,1571,56790
2024-07-17,TikTok Ads,Performance_Search,476,286,320,135,21,951,34220
2024-07-17,TikTok Ads,Performance_Shopping,834,495,525,268,41,1681,60750
2024-07-17,TikTok Ads,Remarketing_Display,231,95,150,70,11,571,22300
2024-07-17,TikTok Ads,Lead_Generation,525,316,359,139,27,1047,37670
2024-07-17,TikTok Ads,Display_Generico,1105,660,723,329,53,2217,79950
2024-07-17,TikTok Ads,Video_Awareness_Amplo,955,568,605,301,49,1922,69410
2024-07-18,Google Ads,Performance_Search,258,152,156,93,9,523,18940
2024-07-18,Google Ads,Performance_Shopping,303,181,203,85,15,608,21920
2024-07-18,Google Ads,Remarketing_Display,128,52,77,46,5,318,12440
2024-07-18,Google Ads,Lead_Generation,184,109,119,55,10,371,13430
2024-07-18,Google Ads,Display_Generico,437,262,290,129,18,874,31490
2024-07-18,Google Ads,Video_Awareness_Amplo,553,331,369,155,29,1108,39920
2024-07-18,Meta Ads,Performance_Search,327,194,209,101,17,659,23830
2024-07-18,Meta Ads,Performance_Shopping,584,348,376,181,27,1174,42360
2024-07-18,Meta Ads,Remarketing_Display,134,55,87,42,5,331,12950
2024-07-18,Meta Ads,Lead_Generation,436,260,285,129,22,876,31600
2024-07-18,Meta Ads,Display_Generico,621,371,409,179,33,1246,44920
2024-07-18,Meta Ads,Video_Awareness_Amplo,780,465,502,238,40,1567,56550
2024-07-18,TikTok Ads,Performance_Search,405,242,269,114,22,812,29290
2024-07-18,TikTok Ads,Performance_Shopping,697,416,456,204,37,1399,50470
2024-07-18,TikTok Ads,Remarketing_Display,232,96,155,68,9,572,22320
2024-07-18,TikTok Ads,Lead_Generation,432,258,281,129,22,867,31260
2024-07-18,TikTok Ads,Display_Generico,1309,783,857,389,63,2624,94560
2024-07-18,TikTok Ads,Video_Awareness_Amplo,1032,620,696,291,45,2062,74200
2024-07-19,Google Ads,Performance_Search,461,276,307,138,16,923,33270
2024-07-19,Google Ads,Performance_Shopping,266,158,168,79,19,536,19360
2024-07-19,Google Ads,Remarketing_Display,86,36,61,21,4,211,8220
2024-07-19,Google Ads,Lead_Generation,307,181,189,104,14,622,22520
2024-07-19,Google Ads,Display_Generico,393,235,263,118,12,788,28400
2024-07-19,Google Ads,Video_Awareness_Amplo,631,378,418,172,41,1263,45510
2024-07-19,Meta Ads,Performance_Search,410,245,269,125,16,822,29650
2024-07-19,Meta Ads,Performance_Shopping,323,194,219,85,19,645,23230
2024-07-19,Meta Ads,Remarketing_Display,129,52,71,51,7,321,12590
2024-07-19,Meta Ads,Lead_Generation,352,207,211,125,16,714,25890
2024-07-19,Meta Ads,Display_Generico,493,293,315,154,24,993,35860
2024-07-19,Meta Ads,Video_Awareness_Amplo,981,586,643,290,48,1968,70970
2024-07-19,TikTok Ads,Performance_Search,692,413,447,211,34,1389,50110
2024-07-19,TikTok Ads,Performance_Shopping,815,490,550,229,36,1627,58550
2024-07-19,TikTok Ads,Remarketing_Display,254,106,172,68,14,624,24320
2024-07-19,TikTok Ads,Lead_Generation,441,262,281,142,18,888,32090
2024-07-19,TikTok Ads,Display_Generico,818,491,552,231,35,1635,58870
2024-07-19,TikTok Ads,Video_Awareness_Amplo,927,553,600,280,47,1862,67160
2024-07-20,Google Ads,Performance_Search,186,110,118,61,7,376,13600
2024-07-20,Google Ads,Performance_Shopping,305,180,187,99,19,617,22350
2024-07-20,Google Ads,Remarketing_Display,87,36,59,23,5,214,8370
2024-07-20,Google Ads,Lead_Generation,170,101,107,52,11,342,12370
2024-07-20,Google Ads,Display_Generico,390,232,247,116,27,785,28340
2024-07-20,Google Ads,Video_Awareness_Amplo,470,283,325,123,22,937,33710
2024-07-20,Meta Ads,Performance_Search,237,141,155,69,13,477,17220
2024-07-20,Meta Ads,Performance_Shopping,245,146,162,70,13,492,17770
2024-07-20,Meta Ads,Remarketing_Display,138,58,97,38,3,338,13160
2024-07-20,Meta Ads,Lead_Generation,198,118,129,62,7,398,14360
2024-07-20,Meta Ads,Display_Generico,564,337,372,166,26,1131,40790
2024-07-20,Meta Ads,Video_Awareness_Amplo,360,216,245,89,26,720,25920
2024-07-20,TikTok Ads,Performance_Search,380,227,250,118,12,762,27490
2024-07-20,TikTok Ads,Performance_Shopping,383,227,240,121,22,773,27940
2024-07-20,TikTok Ads,Remarketing_Display,240,100,162,69,9,590,23000
2024-07-20,TikTok Ads,Lead_Generation,390,236,275,100,15,775,27820
2024-07-20,TikTok Ads,Display_Generico,493,292,305,159,29,995,35990
2024-07-20,TikTok Ads,Video_Awareness_Amplo,435,261,291,123,21,870,31320
2024-07-21,Google Ads,Performance_Search,271,160,169,86,16,548,19850
2024-07-21,Google Ads,Performance_Shopping,214,129,147,60,7,426,15330
2024-07-21,Google Ads,Remarketing_Display,120,49,75,41,4,297,11630
2024-07-21,Google Ads,Lead_Generation,181,107,115,59,7,366,13240
2024-07-21,Google Ads,Display_Generico,405,241,258,128,19,815,29420
2024-07-21,Google Ads,Video_Awareness_Amplo,321,191,206,105,10,646,23320
2024-07-21,Meta Ads,Performance_Search,327,196,218,89,20,654,23570
2024-07-21,Meta Ads,Performance_Shopping,281,167,179,92,10,566,20440
2024-07-21,Meta Ads,Remarketing_Display,142,58,90,41,11,352,13760
2024-07-21,Meta Ads,Lead_Generation,155,91,96,48,11,315,11420
2024-07-21,Meta Ads,Display_Generico,340,202,215,107,18,685,24740
2024-07-21,Meta Ads,Video_Awareness_Amplo,396,239,275,102,19,788,28330
2024-07-21,TikTok Ads,Performance_Search,649,386,415,196,38,1306,47170
2024-07-21,TikTok Ads,Performance_Shopping,288,172,188,88,12,578,20840
2024-07-21,TikTok Ads,Remarketing_Display,235,97,151,71,13,580,22640
2024-07-21,TikTok Ads,Lead_Generation,395,236,261,110,24,792,28570
2024-07-21,TikTok Ads,Display_Generico,803,482,542,224,37,1605,57790
2024-07-21,TikTok Ads,Video_Awareness_Amplo,634,379,415,187,32,1271,45830
2024-07-22,Google Ads,Performance_Search,388,232,254,114,20,778,28040
2024-07-22,Google Ads,Performance_Shopping,228,137,157,65,6,455,16390
2024-07-22,Google Ads,Remarketing_Display,95,38,56,33,6,237,9310
2024-07-22,Google Ads,Lead_Generation,248,149,168,72,8,495,17830
2024-07-22,Google Ads,Display_Generico,528,315,346,155,27,1060,38250
2024-07-22,Google Ads,Video_Awareness_Amplo,653,389,421,196,36,1313,47380
2024-07-22,Meta Ads,Performance_Search,293,175,195,82,16,588,21200
2024-07-22,Meta Ads,Performance_Shopping,373,223,244,108,21,748,26960
2024-07-22,Meta Ads,Remarketing_Display,263,111,190,61,12,643,25020
2024-07-22,Meta Ads,Lead_Generation,550,327,352,166,32,1107,39990
2024-07-22,Meta Ads,Display_Generico,910,544,595,256,59,1825,65780
2024-07-22,Meta Ads,Video_Awareness_Amplo,644,387,434,182,28,1286,46290
2024-07-22,TikTok Ads,Performance_Search,441,265,299,122,20,881,31700
2024-07-22,TikTok Ads,Performance_Shopping,571,341,375,166,30,1146,41320
2024-07-22,TikTok Ads,Remarketing_Display,290,120,187,93,10,715,27900
2024-07-22,TikTok Ads,Lead_Generation,385,229,245,122,18,775,27980
2024-07-22,TikTok Ads,Display_Generico,885,530,588,256,41,1772,63850
2024-07-22,TikTok Ads,Video_Awareness_Amplo,1121,668,723,347,51,2253,81310
2024-07-23,Google Ads,Performance_Search,454,269,285,147,22,916,33130
2024-07-23,Google Ads,Performance_Shopping,289,173,192,89,8,579,20860
2024-07-23,Google Ads,Remarketing_Display,164,68,106,56,2,404,15760
2024-07-23,Google Ads,Lead_Generation,228,136,150,66,12,458,16520
2024-07-23,Google Ads,Display_Generico,349,211,248,85,16,694,24920
2024-07-23,Google Ads,Video_Awareness_Amplo,416,246,257,129,30,841,30420
2024-07-23,Meta Ads,Performance_Search,590,351,375,182,33,1187,42870
2024-07-23,Meta Ads,Performance_Shopping,227,135,149,66,12,457,16500
2024-07-23,Meta Ads,Remarketing_Display,233,97,158,66,9,573,22340
2024-07-23,Meta Ads,Lead_Generation,542,326,371,145,26,1082,38920
2024-07-23,Meta Ads,Display_Generico,794,474,516,234,44,1594,57480
2024-07-23,Meta Ads,Video_Awareness_Amplo,643,386,430,181,32,1285,46270
2024-07-23,TikTok Ads,Performance_Search,831,499,557,232,42,1661,59780
2024-07-23,TikTok Ads,Performance_Shopping,634,379,417,191,26,1271,45830
2024-07-23,TikTok Ads,Remarketing_Display,371,152,228,121,22,918,35890
2024-07-23,TikTok Ads,Lead_Generation,995,594,646,295,54,1997,72030
2024-07-23,TikTok Ads,Display_Generico,761,454,493,232,36,1528,55130
2024-07-23,TikTok Ads,Video_Awareness_Amplo,895,533,572,276,47,1800,64960
2024-07-24,Google Ads,Performance_Search,302,182,209,84,9,602,21640
2024-07-24,Google Ads,Performance_Shopping,332,198,217,100,15,667,24060
2024-07-24,Google Ads,Remarketing_Display,161,67,110,45,6,396,15440
2024-07-24,Google Ads,Lead_Generation,410,243,257,129,24,827,29910
2024-07-24,Google Ads,Display_Generico,704,422,472,198,34,1409,50740
2024-07-24,Google Ads,Video_Awareness_Amplo,344,206,232,99,13,689,24820
2024-07-24,Meta Ads,Performance_Search,368,219,237,117,14,740,26730
2024-07-24,Meta Ads,Performance_Shopping,343,205,228,90,25,688,24800
2024-07-24,Meta Ads,Remarketing_Display,187,76,115,61,11,464,18170
2024-07-24,Meta Ads,Lead_Generation,326,193,205,102,19,658,23810
2024-07-24,Meta Ads,Display_Generico,663,394,419,217,27,1335,48230
2024-07-24,Meta Ads,Video_Awareness_Amplo,487,293,331,140,16,972,34960
2024-07-24,TikTok Ads,Performance_Search,664,395,423,206,35,1336,48250
2024-07-24,TikTok Ads,Performance_Shopping,562,334,357,179,26,1132,40880
2024-07-24,TikTok Ads,Remarketing_Display,337,140,225,96,16,829,32350
2024-07-24,TikTok Ads,Lead_Generation,769,460,504,230,35,1541,55550
2024-07-24,TikTok Ads,Display_Generico,1078,644,700,326,52,2163,77980
2024-07-24,TikTok Ads,Video_Awareness_Amplo,762,451,473,231,58,1539,55670
2024-07-25,Google Ads,Performance_Search,275,164,177,80,18,552,19930
2024-07-25,Google Ads,Performance_Shopping,219,129,133,75,11,444,16080
2024-07-25,Google Ads,Remarketing_Display,127,53,86,38,3,312,12160
2024-07-25,Google Ads,Lead_Generation,205,123,143,59,3,410,14760
2024-07-25,Google Ads,Display_Generico,378,224,236,119,23,763,27580
2024-07-25,Google Ads,Video_Awareness_Amplo,507,301,321,163,23,1022,36920
2024-07-25,Meta Ads,Performance_Search,481,286,307,142,32,968,34970
2024-07-25,Meta Ads,Performance_Shopping,328,196,214,102,12,658,23720
2024-07-25,Meta Ads,Remarketing_Display,178,73,108,58,12,440,17210
2024-07-25,Meta Ads,Lead_Generation,431,257,280,134,17,866,31240
2024-07-25,Meta Ads,Display_Generico,652,386,403,213,36,1317,47620
2024-07-25,Meta Ads,Video_Awareness_Amplo,757,451,485,234,38,1522,54920
2024-07-25,TikTok Ads,Performance_Search,824,493,544,243,37,1651,59510
2024-07-25,TikTok Ads,Performance_Shopping,741,442,478,232,31,1488,53690
2024-07-25,TikTok Ads,Remarketing_Display,286,118,179,91,16,706,27560
2024-07-25,TikTok Ads,Lead_Generation,556,333,367,162,27,1113,40110
2024-07-25,TikTok Ads,Display_Generico,893,533,581,273,39,1793,64660
2024-07-25,TikTok Ads,Video_Awareness_Amplo,849,502,519,274,56,1716,62090
2024-07-26,Google Ads,Performance_Search,197,117,124,68,5,397,14340
2024-07-26,Google Ads,Performance_Shopping,342,205,230,96,16,684,24650
2024-07-26,Google Ads,Remarketing_Display,116,47,73,37,6,288,11290
2024-07-26,Google Ads,Lead_Generation,320,193,223,81,16,637,22910
2024-07-26,Google Ads,Display_Generico,579,344,369,189,21,1166,42130
2024-07-26,Google Ads,Video_Awareness_Amplo,674,402,435,204,35,1354,48840
2024-07-26,Meta Ads,Performance_Search,444,266,296,134,14,889,32020
2024-07-26,Meta Ads,Performance_Shopping,646,386,426,183,37,1296,46720
2024-07-26,Meta Ads,Remarketing_Display,123,50,79,36,8,305,11950
2024-07-26,Meta Ads,Lead_Generation,586,351,388,169,29,1173,42270
2024-07-26,Meta Ads,Display_Generico,601,357,382,183,36,1211,43740
2024-07-26,Meta Ads,Video_Awareness_Amplo,723,432,472,209,42,1450,52290
2024-07-26,TikTok Ads,Performance_Search,373,222,242,114,17,750,27090
2024-07-26,TikTok Ads,Performance_Shopping,475,285,321,134,20,950,34200
2024-07-26,TikTok Ads,Remarketing_Display,336,137,200,117,19,833,32590
2024-07-26,TikTok Ads,Lead_Generation,877,523,567,260,50,1762,63560
2024-07-26,TikTok Ads,Display_Generico,1379,820,876,434,69,2776,100250
2024-07-26,TikTok Ads,Video_Awareness_Amplo,971,577,613,309,49,1956,70640
2024-07-27,Google Ads,Performance_Search,247,148,165,72,10,494,17810
2024-07-27,Google Ads,Performance_Shopping,210,124,133,61,16,425,15380
2024-07-27,Google Ads,Remarketing_Display,80,33,57,20,3,197,7710
2024-07-27,Google Ads,Lead_Generation,158,94,101,51,6,318,11480
2024-07-27,Google Ads,Display_Generico,295,175,189,92,14,595,21500
2024-07-27,Google Ads,Video_Awareness_Amplo,377,227,259,102,16,752,27040
2024-07-27,Meta Ads,Performance_Search,431,257,283,140,8,866,31240
2024-07-27,Meta Ads,Performance_Shopping,379,227,254,109,16,759,27340
2024-07-27,Meta Ads,Remarketing_Display,137,57,94,35,8,337,13140
2024-07-27,Meta Ads,Lead_Generation,238,141,150,79,9,480,17370
2024-07-27,Meta Ads,Display_Generico,553,329,355,163,35,1113,40180
2024-07-27,Meta Ads,Video_Awareness_Amplo,472,282,309,141,22,947,34140
2024-07-27,TikTok Ads,Performance_Search,360,213,221,120,19,727,26310
2024-07-27,TikTok Ads,Performance_Shopping,450,270,300,128,22,900,32400
2024-07-27,TikTok Ads,Remarketing_Display,172,70,107,55,10,427,16700
2024-07-27,TikTok Ads,Lead_Generation,525,314,344,145,36,1052,37930
2024-07-27,TikTok Ads,Display_Generico,852,510,566,238,48,1707,61500
2024-07-27,TikTok Ads,Video_Awareness_Amplo,772,462,512,210,50,1547,55740
2024-07-28,Google Ads,Performance_Search,211,125,130,70,11,426,15400
2024-07-28,Google Ads,Performance_Shopping,188,112,125,48,15,378,13640
2024-07-28,Google Ads,Remarketing_Display,110,45,72,32,6,272,10650
2024-07-28,Google Ads,Lead_Generation,277,166,186,78,13,554,19970
2024-07-28,Google Ads,Display_Generico,264,157,170,75,19,531,19190
2024-07-28,Google Ads,Video_Awareness_Amplo,381,227,249,106,26,766,27640
2024-07-28,Meta Ads,Performance_Search,202,119,126,64,12,409,14830
2024-07-28,Meta Ads,Performance_Shopping,273,163,179,80,14,548,19760
2024-07-28,Meta Ads,Remarketing_Display,85,35,57,25,3,210,8200
2024-07-28,Meta Ads,Lead_Generation,187,110,115,67,5,379,13750
2024-07-28,Meta Ads,Display_Generico,432,258,281,128,23,867,31260
2024-07-28,Meta Ads,Video_Awareness_Amplo,467,277,291,158,18,942,34040
2024-07-28,TikTok Ads,Performance_Search,325,194,210,100,15,652,23530
2024-07-28,TikTok Ads,Performance_Shopping,337,201,222,101,14,677,24420
2024-07-28,TikTok Ads,Remarketing_Display,167,69,108,51,8,412,16080
2024-07-28,TikTok Ads,Lead_Generation,527,314,341,162,24,1059,38230
2024-07-28,TikTok Ads,Display_Generico,475,284,310,134,31,952,34330
2024-07-28,TikTok Ads,Video_Awareness_Amplo,790,470,503,253,34,1590,57400
2024-07-29,Google Ads,Performance_Search,387,228,233,132,22,784,28410
2024-07-29,Google Ads,Performance_Shopping,343,203,211,112,20,693,25060
2024-07-29,Google Ads,Remarketing_Display,122,49,66,47,9,304,11930
2024-07-29,Google Ads,Lead_Generation,394,236,260,115,19,789,28420
2024-07-29,Google Ads,Display_Generico,536,321,357,156,23,1073,38670
2024-07-29,Google Ads,Video_Awareness_Amplo,542,323,352,160,30,1089,39310
2024-07-29,Meta Ads,Performance_Search,272,160,166,89,17,552,20000
2024-07-29,Meta Ads,Performance_Shopping,331,200,233,87,11,658,23650
2024-07-29,Meta Ads,Remarketing_Display,175,73,122,45,8,430,16760
2024-07-29,Meta Ads,Lead_Generation,355,209,211,125,19,720,26080
2024-07-29,Meta Ads,Display_Generico,900,535,573,285,42,1812,65450
2024-07-29,Meta Ads,Video_Awareness_Amplo,517,306,318,163,36,1044,37770
2024-07-29,TikTok Ads,Performance_Search,681,406,442,191,48,1368,49370
2024-07-29,TikTok Ads,Performance_Shopping,538,318,333,176,29,1088,39360
2024-07-29,TikTok Ads,Remarketing_Display,257,107,171,74,12,632,24640
2024-07-29,TikTok Ads,Lead_Generation,762,454,492,230,40,1532,55280
2024-07-29,TikTok Ads,Display_Generico,985,585,617,305,63,1985,71700
2024-07-29,TikTok Ads,Video_Awareness_Amplo,994,594,653,298,43,1994,71880
2024-07-30,Google Ads,Performance_Search,315,189,214,86,15,630,22680
2024-07-30,Google Ads,Performance_Shopping,434,258,277,134,23,874,31560
2024-07-30,Google Ads,Remarketing_Display,104,43,72,26,6,256,10010
2024-07-30,Google Ads,Lead_Generation,220,130,135,74,11,445,16100
2024-07-30,Google Ads,Display_Generico,398,239,269,110,19,795,28630
2024-07-30,Google Ads,Video_Awareness_Amplo,517,308,333,159,25,1039,37510
2024-07-30,Meta Ads,Performance_Search,328,197,225,85,18,655,23590
2024-07-30,Meta Ads,Performance_Shopping,504,300,322,162,20,1014,36600
2024-07-30,Meta Ads,Remarketing_Display,174,72,112,56,6,429,16740
2024-07-30,Meta Ads,Lead_Generation,346,207,232,102,12,693,24990
2024-07-30,Meta Ads,Display_Generico,767,455,477,253,37,1547,55900
2024-07-30,Meta Ads,Video_Awareness_Amplo,729,434,465,223,41,1466,52930
2024-07-30,TikTok Ads,Performance_Search,804,481,527,233,44,1611,58070
2024-07-30,TikTok Ads,Performance_Shopping,756,447,463,253,40,1528,55290
2024-07-30,TikTok Ads,Remarketing_Display,286,118,179,91,16,706,27560
2024-07-30,TikTok Ads,Lead_Generation,539,321,348,167,24,1084,39120
2024-07-30,TikTok Ads,Display_Generico,1204,715,757,379,68,2426,87650
2024-07-30,TikTok Ads,Video_Awareness_Amplo,759,455,508,222,29,1519,54700
2024-07-31,Google Ads,Performance_Search,208,124,134,58,16,418,15080
2024-07-31,Google Ads,Performance_Shopping,448,267,293,132,23,900,32490
2024-07-31,Google Ads,Remarketing_Display,157,64,95,58,4,389,15230
2024-07-31,Google Ads,Lead_Generation,320,193,224,87,9,637,22910
2024-07-31,Google Ads,Display_Generico,329,196,215,97,17,661,23870
2024-07-31,Google Ads,Video_Awareness_Amplo,589,350,372,181,36,1186,42850
2024-07-31,Meta Ads,Performance_Search,537,318,332,173,32,1084,39210
2024-07-31,Meta Ads,Performance_Shopping,287,172,193,74,20,574,20690
2024-07-31,Meta Ads,Remarketing_Display,226,94,151,70,5,556,21680
2024-07-31,Meta Ads,Lead_Generation,368,219,235,105,28,740,26730
2024-07-31,Meta Ads,Display_Generico,669,399,432,199,38,1344,48480
2024-07-31,Meta Ads,Video_Awareness_Amplo,782,468,514,232,36,1567,56460
2024-07-31,TikTok Ads,Performance_Search,601,357,378,190,33,1211,43740
2024-07-31,TikTok Ads,Performance_Shopping,774,461,498,234,42,1556,56170
2024-07-31,TikTok Ads,Remarketing_Display,347,143,221,107,19,857,33460
2024-07-31,TikTok Ads,Lead_Generation,607,364,405,180,22,1214,43730
2024-07-31,TikTok Ads,Display_Generico,1131,677,744,331,56,2266,81640
2024-07-31,TikTok Ads,Video_Awareness_Amplo,1194,712,771,364,59,2399,86540
2024-08-01,Google Ads,Performance_Search,367,221,254,101,12,732,26320
2024-08-01,Google Ads,Performance_Shopping,542,324,356,155,31,1087,39180
2024-08-01,Google Ads,Remarketing_Display,129,54,89,36,4,316,12330
2024-08-01,Google Ads,Lead_Generation,343,206,231,98,14,685,24670
2024-08-01,Google Ads,Display_Generico,425,253,276,130,19,855,30860
2024-08-01,Google Ads,Video_Awareness_Amplo,416,248,267,131,18,836,30160
2024-08-01,Meta Ads,Performance_Search,400,238,254,125,21,805,29060
2024-08-01,Meta Ads,Performance_Shopping,491,294,326,136,29,983,35430
2024-08-01,Meta Ads,Remarketing_Display,239,98,150,79,10,591,23110
2024-08-01,Meta Ads,Lead_Generation,383,227,237,125,21,773,27940
2024-08-01,Meta Ads,Display_Generico,858,514,571,242,45,1718,61880
2024-08-01,Meta Ads,Video_Awareness_Amplo,824,491,532,240,52,1656,59770
2024-08-01,TikTok Ads,Performance_Search,587,353,401,169,17,1172,42160
2024-08-01,TikTok Ads,Performance_Shopping,570,339,363,180,27,1147,41430
2024-08-01,TikTok Ads,Remarketing_Display,316,131,206,94,16,778,30370
2024-08-01,TikTok Ads,Lead_Generation,839,500,541,259,39,1686,60850
2024-08-01,TikTok Ads,Display_Generico,929,551,577,308,44,1874,67720
2024-08-01,TikTok Ads,Video_Awareness_Amplo,871,520,564,265,42,1748,63050
2024-08-02,Google Ads,Performance_Search,215,129,148,57,10,430,15480
2024-08-02,Google Ads,Performance_Shopping,404,241,262,124,18,811,29270
2024-08-02,Google Ads,Remarketing_Display,112,46,71,33,8,277,10820
2024-08-02,Google Ads,Lead_Generation,227,136,150,69,8,454,16370
2024-08-02,Google Ads,Display_Generico,397,239,274,104,19,792,28480
2024-08-02,Google Ads,Video_Awareness_Amplo,428,254,269,137,22,863,31180
2024-08-02,Meta Ads,Performance_Search,320,189,196,112,12,647,23430
2024-08-02,Meta Ads,Performance_Shopping,321,191,206,98,17,646,23320
2024-08-02,Meta Ads,Remarketing_Display,178,73,107,58,13,440,17210
2024-08-02,Meta Ads,Lead_Generation,283,168,181,84,18,570,20610
2024-08-02,Meta Ads,Display_Generico,960,574,630,288,42,1925,69380
2024-08-02,Meta Ads,Video_Awareness_Amplo,617,372,429,169,19,1229,44190
2024-08-02,TikTok Ads,Performance_Search,864,517,569,248,47,1731,62390
2024-08-02,TikTok Ads,Performance_Shopping,877,520,545,274,58,1769,63950
2024-08-02,TikTok Ads,Remarketing_Display,266,109,166,87,13,658,25730
2024-08-02,TikTok Ads,Lead_Generation,398,236,250,121,27,803,29020
2024-08-02,TikTok Ads,Display_Generico,1161,695,765,353,43,2326,83800
2024-08-02,TikTok Ads,Video_Awareness_Amplo,1105,659,711,337,57,2220,80080
2024-08-03,Google Ads,Performance_Search,172,103,119,42,11,344,12410
2024-08-03,Google Ads,Performance_Shopping,184,110,123,56,5,369,13300
2024-08-03,Google Ads,Remarketing_Display,133,55,90,37,6,328,12800
2024-08-03,Google Ads,Lead_Generation,200,119,129,59,12,402,14530
2024-08-03,Google Ads,Display_Generico,482,286,301,159,22,972,35120
2024-08-03,Google Ads,Video_Awareness_Amplo,235,139,146,69,20,475,17180
2024-08-03,Meta Ads,Performance_Search,320,191,211,91,18,642,23170
2024-08-03,Meta Ads,Performance_Shopping,415,251,295,109,11,825,29620
2024-08-03,Meta Ads,Remarketing_Display,85,34,44,36,5,212,8330
2024-08-03,Meta Ads,Lead_Generation,296,176,189,90,17,596,21520
2024-08-03,Meta Ads,Display_Generico,394,234,249,121,24,794,28680
2024-08-03,Meta Ads,Video_Awareness_Amplo,396,234,244,131,21,801,28980
2024-08-03,TikTok Ads,Performance_Search,504,301,330,146,28,1011,36470
2024-08-03,TikTok Ads,Performance_Shopping,367,218,234,122,11,739,26710
2024-08-03,TikTok Ads,Remarketing_Display,248,101,144,89,15,615,24070
2024-08-03,TikTok Ads,Lead_Generation,465,279,314,134,17,930,33480
2024-08-03,TikTok Ads,Display_Generico,796,477,529,227,40,1593,57390
2024-08-03,TikTok Ads,Video_Awareness_Amplo,797,476,519,243,35,1599,57670
2024-08-04,Google Ads,Performance_Search,283,167,172,91,20,573,20740
2024-08-04,Google Ads,Performance_Shopping,271,162,178,80,13,543,19590
2024-08-04,Google Ads,Remarketing_Display,116,48,76,33,7,286,11160
2024-08-04,Google Ads,Lead_Generation,270,160,173,79,18,545,19700
2024-08-04,Google Ads,Display_Generico,376,225,249,109,18,753,27150
2024-08-04,Google Ads,Video_Awareness_Amplo,246,148,167,63,16,491,17660
2024-08-04,Meta Ads,Performance_Search,176,105,117,53,6,353,12750
2024-08-04,Meta Ads,Performance_Shopping,186,111,120,57,9,373,13470
2024-08-04,Meta Ads,Remarketing_Display,151,63,108,36,7,371,14460
2024-08-04,Meta Ads,Lead_Generation,237,142,158,64,15,474,17090
2024-08-04,Meta Ads,Display_Generico,314,188,207,99,8,629,22660
2024-08-04,Meta Ads,Video_Awareness_Amplo,392,234,256,121,15,787,28380
2024-08-04,TikTok Ads,Performance_Search,459,275,309,129,21,919,33100
2024-08-04,TikTok Ads,Performance_Shopping,537,319,338,172,27,1082,39080
2024-08-04,TikTok Ads,Remarketing_Display,137,56,89,37,11,339,13270
2024-08-04,TikTok Ads,Lead_Generation,487,291,322,140,25,977,35220
2024-08-04,TikTok Ads,Display_Generico,790,469,496,254,40,1592,57530
2024-08-04,TikTok Ads,Video_Awareness_Amplo,942,560,597,297,48,1897,68500
2024-08-05,Google Ads,Performance_Search,324,194,216,95,13,649,23380
2024-08-05,Google Ads,Performance_Shopping,302,179,188,100,14,609,22030
2024-08-05,Google Ads,Remarketing_Display,95,39,61,26,8,235,9180
2024-08-05,Google Ads,Lead_Generation,422,252,275,124,23,847,30540
2024-08-05,Google Ads,Display_Generico,454,273,309,122,23,906,32610
2024-08-05,Google Ads,Video_Awareness_Amplo,356,210,215,118,23,721,26100
2024-08-05,Meta Ads,Performance_Search,337,200,211,103,23,679,24550
2024-08-05,Meta Ads,Performance_Shopping,496,296,323,151,22,996,35920
2024-08-05,Meta Ads,Remarketing_Display,259,107,164,84,11,639,24940
2024-08-05,Meta Ads,Lead_Generation,492,292,312,150,30,992,35840
2024-08-05,Meta Ads,Display_Generico,710,424,463,209,38,1425,51380
2024-08-05,Meta Ads,Video_Awareness_Amplo,655,392,430,191,34,1312,47290
2024-08-05,TikTok Ads,Performance_Search,521,310,335,164,22,1048,37850
2024-08-05,TikTok Ads,Performance_Shopping,766,458,505,226,35,1536,55360
2024-08-05,TikTok Ads,Remarketing_Display,207,86,137,52,18,509,19870
2024-08-05,TikTok Ads,Lead_Generation,815,490,552,218,45,1627,58550
2024-08-05,TikTok Ads,Display_Generico,1173,701,765,353,55,2353,84820
2024-08-05,TikTok Ads,Video_Awareness_Amplo,875,524,583,242,50,1752,63130
2024-08-06,Google Ads,Performance_Search,220,131,144,65,11,442,15970
2024-08-06,Google Ads,Performance_Shopping,281,168,186,76,19,563,20310
2024-08-06,Google Ads,Remarketing_Display,172,71,114,47,11,424,16570
2024-08-06,Google Ads,Lead_Generation,242,145,163,70,9,484,17450
2024-08-06,Google Ads,Display_Generico,577,344,371,180,26,1159,41830
2024-08-06,Google Ads,Video_Awareness_Amplo,601,356,372,192,37,1213,43870
2024-08-06,Meta Ads,Performance_Search,598,357,393,174,31,1200,43290
2024-08-06,Meta Ads,Performance_Shopping,699,420,476,187,36,1396,50250
2024-08-06,Meta Ads,Remarketing_Display,142,60,104,29,9,347,13500
2024-08-06,Meta Ads,Lead_Generation,410,241,246,138,26,832,30170
2024-08-06,Meta Ads,Display_Generico,774,462,503,231,40,1554,56040
2024-08-06,Meta Ads,Video_Awareness_Amplo,777,464,506,232,39,1559,56230
2024-08-06,TikTok Ads,Performance_Search,829,494,536,248,45,1666,60130
2024-08-06,TikTok Ads,Performance_Shopping,547,327,361,159,27,1097,39540
2024-08-06,TikTok Ads,Remarketing_Display,271,112,178,81,12,668,26090
2024-08-06,TikTok Ads,Lead_Generation,558,336,381,143,34,1113,40020
2024-08-06,TikTok Ads,Display_Generico,1106,660,715,335,56,2221,80100
2024-08-06,TikTok Ads,Video_Awareness_Amplo,809,485,539,218,52,1619,58300
2024-08-07,Google Ads,Performance_Search,374,225,255,101,18,746,26850
2024-08-07,Google Ads,Performance_Shopping,408,242,255,128,25,823,29740
2024-08-07,Google Ads,Remarketing_Display,137,57,93,33,11,337,13140
2024-08-07,Google Ads,Lead_Generation,461,272,283,150,28,933,33790
2024-08-07,Google Ads,Display_Generico,412,243,247,143,22,834,30210
2024-08-07,Google Ads,Video_Awareness_Amplo,526,315,352,143,31,1053,37950
2024-08-07,Meta Ads,Performance_Search,548,327,355,160,33,1100,39690
2024-08-07,Meta Ads,Performance_Shopping,535,319,346,165,24,1075,38780
2024-08-07,Meta Ads,Remarketing_Display,157,65,110,39,8,387,15100
2024-08-07,Meta Ads,Lead_Generation,611,366,404,186,21,1223,44070
2024-08-07,Meta Ads,Display_Generico,608,361,386,190,32,1225,44270
2024-08-07,Meta Ads,Video_Awareness_Amplo,888,526,552,293,43,1793,64820
2024-08-07,TikTok Ads,Performance_Search,887,528,564,279,44,1784,64410
2024-08-07,TikTok Ads,Performance_Shopping,716,430,481,200,35,1431,51500
2024-08-07,TikTok Ads,Remarketing_Display,216,89,143,67,6,533,20830
2024-08-07,TikTok Ads,Lead_Generation,532,316,336,162,34,1072,38720
2024-08-07,TikTok Ads,Display_Generico,1260,751,813,395,52,2532,91370
2024-08-07,TikTok Ads,Video_Awareness_Amplo,1295,772,833,396,66,2602,93890
2024-08-08,Google Ads,Performance_Search,393,234,253,123,17,790,28530
2024-08-08,Google Ads,Performance_Shopping,286,169,178,90,18,578,20930
2024-08-08,Google Ads,Remarketing_Display,166,68,105,53,8,411,16060
2024-08-08,Google Ads,Lead_Generation,309,185,205,93,11,619,22300
2024-08-08,Google Ads,Display_Generico,605,360,389,178,38,1217,43950
2024-08-08,Google Ads,Video_Awareness_Amplo,694,415,456,204,34,1391,50150
2024-08-08,Meta Ads,Performance_Search,412,248,282,117,13,822,29560
2024-08-08,Meta Ads,Performance_Shopping,284,168,178,91,15,574,20760
2024-08-08,Meta Ads,Remarketing_Display,122,51,86,28,8,299,11670
2024-08-08,Meta Ads,Lead_Generation,432,258,281,130,21,867,31260
2024-08-08,Meta Ads,Display_Generico,855,515,585,233,37,1705,61300
2024-08-08,Meta Ads,Video_Awareness_Amplo,505,301,324,149,32,1015,36620
2024-08-08,TikTok Ads,Performance_Search,869,522,587,239,43,1736,62490
2024-08-08,TikTok Ads,Performance_Shopping,557,332,358,168,31,1119,40390
2024-08-08,TikTok Ads,Remarketing_Display,195,80,121,61,13,482,18850
2024-08-08,TikTok Ads,Lead_Generation,786,468,506,243,37,1581,57060
2024-08-08,TikTok Ads,Display_Generico,823,495,559,222,42,1643,59100
2024-08-08,TikTok Ads,Video_Awareness_Amplo,1361,809,858,440,63,2741,98980
2024-08-09,Google Ads,Performance_Search,348,208,232,99,17,698,25160
2024-08-09,Google Ads,Performance_Shopping,408,243,266,121,21,820,29610
2024-08-09,Google Ads,Remarketing_Display,172,70,107,56,9,427,16700
2024-08-09,Google Ads,Lead_Generation,254,152,168,72,14,509,18340
2024-08-09,Google Ads,Display_Generico,640,383,426,180,34,1282,46210
2024-08-09,Google Ads,Video_Awareness_Amplo,564,338,378,159,27,1129,40660
2024-08-09,Meta Ads,Performance_Search,401,240,264,116,21,803,28950
2024-08-09,Meta Ads,Performance_Shopping,298,178,198,80,20,598,21560
2024-08-09,Meta Ads,Remarketing_Display,220,90,134,75,11,545,21300
2024-08-09,Meta Ads,Lead_Generation,695,415,450,207,38,1395,50300
2024-08-09,Meta Ads,Display_Generico,653,388,410,209,34,1315,47510
2024-08-09,Meta Ads,Video_Awareness_Amplo,1003,595,629,299,75,2023,73100
2024-08-09,TikTok Ads,Performance_Search,623,374,418,178,27,1245,44830
2024-08-09,TikTok Ads,Performance_Shopping,530,316,341,167,22,1065,38420
2024-08-09,TikTok Ads,Remarketing_Display,335,139,224,98,13,825,32180
2024-08-09,TikTok Ads,Lead_Generation,732,435,460,226,46,1474,53250
2024-08-09,TikTok Ads,Display_Generico,1122,671,737,338,47,2249,81070
2024-08-09,TikTok Ads,Video_Awareness_Amplo,780,466,510,229,41,1565,56420
2024-08-10,Google Ads,Performance_Search,201,120,135,58,8,403,14550
2024-08-10,Google Ads,Performance_Shopping,289,171,177,93,19,584,21120
2024-08-10,Google Ads,Remarketing_Display,81,33,56,23,2,201,7860
2024-08-10,Google Ads,Lead_Generation,220,133,157,50,13,437,15710
2024-08-10,Google Ads,Display_Generico,376,225,249,113,14,753,27150
2024-08-10,Google Ads,Video_Awareness_Amplo,363,216,232,111,20,730,26370
2024-08-10,Meta Ads,Performance_Search,324,194,219,90,15,649,23380
2024-08-10,Meta Ads,Performance_Shopping,337,200,216,111,10,679,24550
2024-08-10,Meta Ads,Remarketing_Display,154,64,103,45,6,379,14780
2024-08-10,Meta Ads,Lead_Generation,320,190,206,102,12,645,23300
2024-08-10,Meta Ads,Display_Generico,465,277,303,134,28,935,33740
2024-08-10,Meta Ads,Video_Awareness_Amplo,345,205,221,102,22,695,25100
2024-08-10,TikTok Ads,Performance_Search,470,280,305,134,31,945,34100
2024-08-10,TikTok Ads,Performance_Shopping,312,187,211,87,14,624,22490
2024-08-10,TikTok Ads,Remarketing_Display,191,79,123,59,9,471,18380
2024-08-10,TikTok Ads,Lead_Generation,385,230,252,113,20,772,27850
2024-08-10,TikTok Ads,Display_Generico,763,460,527,194,42,1520,54650
2024-08-10,TikTok Ads,Video_Awareness_Amplo,627,374,404,182,41,1259,45430
2024-08-11,Google Ads,Performance_Search,310,185,205,91,14,622,22450
2024-08-11,Google Ads,Performance_Shopping,242,145,166,65,11,484,17450
2024-08-11,Google Ads,Remarketing_Display,109,45,75,27,7,269,10500
2024-08-11,Google Ads,Lead_Generation,229,136,146,72,11,461,16670
2024-08-11,Google Ads,Display_Generico,294,173,176,102,16,596,21610
2024-08-11,Google Ads,Video_Awareness_Amplo,246,148,169,67,10,491,17660
2024-08-11,Meta Ads,Performance_Search,320,191,208,97,15,642,23170
2024-08-11,Meta Ads,Performance_Shopping,178,106,114,52,12,358,12920
2024-08-11,Meta Ads,Remarketing_Display,150,62,100,43,7,370,14440
2024-08-11,Meta Ads,Lead_Generation,380,227,249,115,16,762,27490
2024-08-11,Meta Ads,Display_Generico,704,420,457,210,37,1414,51000
2024-08-11,Meta Ads,Video_Awareness_Amplo,433,260,293,121,19,865,31150
2024-08-11,TikTok Ads,Performance_Search,368,218,230,121,17,743,26860
2024-08-11,TikTok Ads,Performance_Shopping,325,194,214,90,21,652,23530
2024-08-11,TikTok Ads,Remarketing_Display,220,91,144,65,11,542,21170
2024-08-11,TikTok Ads,Lead_Generation,405,242,264,122,19,812,29290
2024-08-11,TikTok Ads,Display_Generico,757,451,489,225,43,1522,54920
2024-08-11,TikTok Ads,Video_Awareness_Amplo,878,522,556,271,51,1768,63840
2024-08-12,Google Ads,Performance_Search,270,158,159,100,11,550,19960
2024-08-12,Google Ads,Performance_Shopping,212,126,135,68,9,427,15420
2024-08-12,Google Ads,Remarketing_Display,113,47,78,30,5,278,10840
2024-08-12,Google Ads,Lead_Generation,424,256,295,116,13,844,30320
2024-08-12,Google Ads,Display_Generico,598,358,396,180,22,1198,43160
2024-08-12,Google Ads,Video_Awareness_Amplo,487,288,300,165,22,984,35610
2024-08-12,Meta Ads,Performance_Search,370,219,229,123,18,747,27030
2024-08-12,Meta Ads,Performance_Shopping,460,274,299,136,25,925,33380
2024-08-12,Meta Ads,Remarketing_Display,132,54,82,46,4,327,12780
2024-08-12,Meta Ads,Lead_Generation,269,161,180,81,8,539,19420
2024-08-12,Meta Ads,Display_Generico,601,358,384,193,24,1208,43610
2024-08-12,Meta Ads,Video_Awareness_Amplo,600,359,394,168,38,1202,43330
2024-08-12,TikTok Ads,Performance_Search,975,580,621,307,47,1962,70850
2024-08-12,TikTok Ads,Performance_Shopping,670,399,429,200,41,1347,48630
2024-08-12,TikTok Ads,Remarketing_Display,359,149,236,107,16,884,34480
2024-08-12,TikTok Ads,Lead_Generation,974,581,632,298,44,1956,70570
2024-08-12,TikTok Ads,Display_Generico,1465,872,933,450,82,2947,106390
2024-08-12,TikTok Ads,Video_Awareness_Amplo,852,508,549,275,28,1712,61760
2024-08-13,Google Ads,Performance_Search,421,252,280,119,22,843,30390
2024-08-13,Google Ads,Performance_Shopping,371,221,242,114,15,746,26920
2024-08-13,Google Ads,Remarketing_Display,189,78,124,61,4,466,18210
2024-08-13,Google Ads,Lead_Generation,385,228,242,127,16,777,28110
2024-08-13,Google Ads,Display_Generico,574,343,375,178,21,1151,41510
2024-08-13,Google Ads,Video_Awareness_Amplo,437,263,300,115,22,872,31360
2024-08-13,Meta Ads,Performance_Search,292,172,174,109,9,592,21440
2024-08-13,Meta Ads,Performance_Shopping,479,287,320,131,28,959,34540
2024-08-13,Meta Ads,Remarketing_Display,174,71,108,56,10,431,16870
2024-08-13,Meta Ads,Lead_Generation,723,432,472,218,33,1450,52290
2024-08-13,Meta Ads,Display_Generico,859,511,544,267,48,1729,62420
2024-08-13,Meta Ads,Video_Awareness_Amplo,643,383,415,198,30,1293,46660
2024-08-13,TikTok Ads,Performance_Search,514,303,313,163,38,1041,37710
2024-08-13,TikTok Ads,Performance_Shopping,918,553,631,242,45,1830,65810
2024-08-13,TikTok Ads,Remarketing_Display,209,87,139,56,14,514,20040
2024-08-13,TikTok Ads,Lead_Generation,633,377,409,184,40,1273,45940
2024-08-13,TikTok Ads,Display_Generico,1306,779,846,403,57,2623,94630
2024-08-13,TikTok Ads,Video_Awareness_Amplo,978,584,639,297,42,1963,70780
2024-08-14,Google Ads,Performance_Search,476,284,308,141,27,956,34480
2024-08-14,Google Ads,Performance_Shopping,477,285,313,142,22,957,34500
2024-08-14,Google Ads,Remarketing_Display,114,47,76,31,7,281,10990
2024-08-14,Google Ads,Lead_Generation,256,153,169,78,9,513,18510
2024-08-14,Google Ads,Display_Generico,438,262,292,125,21,878,31640
2024-08-14,Google Ads,Video_Awareness_Amplo,595,357,403,155,37,1190,42840
2024-08-14,Meta Ads,Performance_Search,512,304,324,154,34,1032,37280
2024-08-14,Meta Ads,Performance_Shopping,516,307,328,163,25,1038,37490
2024-08-14,Meta Ads,Remarketing_Display,257,107,176,66,15,632,24640
2024-08-14,Meta Ads,Lead_Generation,512,310,360,124,28,1017,36500
2024-08-14,Meta Ads,Display_Generico,905,540,585,272,48,1817,65550
2024-08-14,Meta Ads,Video_Awareness_Amplo,933,552,574,307,52,1885,68190
2024-08-14,TikTok Ads,Performance_Search,920,550,600,267,53,1845,66500
2024-08-14,TikTok Ads,Performance_Shopping,464,275,292,158,14,936,33850
2024-08-14,TikTok Ads,Remarketing_Display,303,126,208,83,12,745,29070
2024-08-14,TikTok Ads,Lead_Generation,808,479,503,260,45,1630,58930
2024-08-14,TikTok Ads,Display_Generico,821,487,514,265,42,1656,59840
2024-08-14,TikTok Ads,Video_Awareness_Amplo,1362,812,878,423,61,2737,98740
2024-08-15,Google Ads,Performance_Search,348,208,231,101,16,698,25160
2024-08-15,Google Ads,Performance_Shopping,409,244,264,122,23,821,29630
2024-08-15,Google Ads,Remarketing_Display,141,58,89,43,9,348,13610
2024-08-15,Google Ads,Lead_Generation,287,169,175,88,24,582,21080
2024-08-15,Google Ads,Display_Generico,491,294,326,147,18,983,35430
2024-08-15,Google Ads,Video_Awareness_Amplo,569,339,369,180,20,1144,41280
2024-08-15,Meta Ads,Performance_Search,503,298,311,166,26,1015,36710
2024-08-15,Meta Ads,Performance_Shopping,299,178,195,88,16,601,21710
2024-08-15,Meta Ads,Remarketing_Display,226,94,149,69,8,556,21680
2024-08-15,Meta Ads,Lead_Generation,345,205,223,104,18,695,25100
2024-08-15,Meta Ads,Display_Generico,592,353,384,165,43,1189,42910
2024-08-15,Meta Ads,Video_Awareness_Amplo,597,357,393,178,26,1197,43140
2024-08-15,TikTok Ads,Performance_Search,496,298,335,149,12,991,35660
2024-08-15,TikTok Ads,Performance_Shopping,534,318,344,170,20,1074,38760
2024-08-15,TikTok Ads,Remarketing_Display,245,101,157,74,14,605,23620
2024-08-15,TikTok Ads,Lead_Generation,950,569,633,270,47,1902,68530
2024-08-15,TikTok Ads,Display_Generico,956,570,615,294,47,1921,69300
2024-08-15,TikTok Ads,Video_Awareness_Amplo,950,569,631,279,40,1902,68530
2024-08-16,Google Ads,Performance_Search,408,246,280,115,13,813,29220
2024-08-16,Google Ads,Performance_Shopping,305,183,204,91,10,610,21960
2024-08-16,Google Ads,Remarketing_Display,157,65,102,45,10,387,15100
2024-08-16,Google Ads,Lead_Generation,205,123,140,59,6,410,14760
2024-08-16,Google Ads,Display_Generico,654,389,417,205,32,1316,47530
2024-08-16,Google Ads,Video_Awareness_Amplo,501,298,320,159,22,1008,36410
2024-08-16,Meta Ads,Performance_Search,573,343,380,169,24,1148,41360
2024-08-16,Meta Ads,Performance_Shopping,533,321,364,142,27,1063,38220
2024-08-16,Meta Ads,Remarketing_Display,261,107,159,87,15,646,25240
2024-08-16,Meta Ads,Lead_Generation,302,181,205,88,9,604,21770
2024-08-16,Meta Ads,Display_Generico,797,478,532,229,36,1594,57410
2024-08-16,Meta Ads,Video_Awareness_Amplo,815,487,532,240,43,1635,58940
2024-08-16,TikTok Ads,Performance_Search,645,384,415,192,38,1297,46830
2024-08-16,TikTok Ads,Performance_Shopping,742,442,479,219,44,1492,53840
2024-08-16,TikTok Ads,Remarketing_Display,374,154,231,117,26,924,36080
2024-08-16,TikTok Ads,Lead_Generation,896,531,557,293,46,1808,65370
2024-08-16,TikTok Ads,Display_Generico,1436,860,947,436,53,2876,103600
2024-08-16,TikTok Ads,Video_Awareness_Amplo,837,496,523,271,43,1689,61070
2024-08-17,Google Ads,Performance_Search,202,120,130,64,8,407,14700
2024-08-17,Google Ads,Performance_Shopping,205,123,140,50,15,410,14760
2024-08-17,Google Ads,Remarketing_Display,79,31,37,38,4,199,7820
2024-08-17,Google Ads,Lead_Generation,296,175,185,97,14,598,21650
2024-08-17,Google Ads,Display_Generico,285,169,182,91,12,575,20780
2024-08-17,Google Ads,Video_Awareness_Amplo,292,174,189,92,11,587,21180
2024-08-17,Meta Ads,Performance_Search,451,269,292,133,26,906,32680
2024-08-17,Meta Ads,Performance_Shopping,402,241,267,115,20,804,28970
2024-08-17,Meta Ads,Remarketing_Display,107,44,75,29,3,264,10330
2024-08-17,Meta Ads,Lead_Generation,278,166,183,86,9,558,20120
2024-08-17,Meta Ads,Display_Generico,613,369,420,163,30,1223,43980
2024-08-17,Meta Ads,Video_Awareness_Amplo,415,246,262,138,15,837,30270
2024-08-17,TikTok Ads,Performance_Search,596,355,383,185,28,1198,43250
2024-08-17,TikTok Ads,Performance_Shopping,521,313,352,143,26,1041,37460
2024-08-17,TikTok Ads,Remarketing_Display,150,62,99,43,8,370,14440
2024-08-17,TikTok Ads,Lead_Generation,445,267,300,125,20,890,32040
2024-08-17,TikTok Ads,Display_Generico,855,510,550,270,35,1717,61950
2024-08-17,TikTok Ads,Video_Awareness_Amplo,727,430,446,240,41,1469,53150
2024-08-18,Google Ads,Performance_Search,122,72,79,38,5,247,8940
2024-08-18,Google Ads,Performance_Shopping,189,114,131,51,7,376,13530
2024-08-18,Google Ads,Remarketing_Display,102,42,69,25,8,252,9840
2024-08-18,Google Ads,Lead_Generation,171,99,93,59,19,351,12780
2024-08-18,Google Ads,Display_Generico,375,224,246,110,19,752,27130
2024-08-18,Google Ads,Video_Awareness_Amplo,319,192,217,89,13,636,22890
2024-08-18,Meta Ads,Performance_Search,362,214,225,123,14,732,26480
2024-08-18,Meta Ads,Performance_Shopping,426,254,275,128,23,856,30880
2024-08-18,Meta Ads,Remarketing_Display,125,51,78,40,7,310,12120
2024-08-18,Meta Ads,Lead_Generation,225,133,140,66,19,455,16460
2024-08-18,Meta Ads,Display_Generico,600,358,390,184,26,1205,43460
2024-08-18,Meta Ads,Video_Awareness_Amplo,346,205,217,107,22,698,25250
2024-08-18,TikTok Ads,Performance_Search,304,182,203,85,16,609,21940
2024-08-18,TikTok Ads,Performance_Shopping,554,329,347,174,33,1116,40330
2024-08-18,TikTok Ads,Remarketing_Display,184,76,119,55,10,454,17720
2024-08-18,TikTok Ads,Lead_Generation,486,289,313,156,17,978,35330
2024-08-18,TikTok Ads,Display_Generico,760,455,502,215,43,1522,54850
2024-08-18,TikTok Ads,Video_Awareness_Amplo,547,327,361,156,30,1097,39540
2024-08-19,Google Ads,Performance_Search,420,250,272,130,18,845,30500
2024-08-19,Google Ads,Performance_Shopping,423,250,258,139,26,855,30950
2024-08-19,Google Ads,Remarketing_Display,129,54,91,34,4,316,12330
2024-08-19,Google Ads,Lead_Generation,206,121,121,70,15,418,15170
2024-08-19,Google Ads,Display_Generico,511,304,325,161,25,1028,37130
2024-08-19,Google Ads,Video_Awareness_Amplo,420,250,273,123,24,845,30500
2024-08-19,Meta Ads,Performance_Search,294,176,196,78,20,589,21220
2024-08-19,Meta Ads,Performance_Shopping,570,341,377,168,25,1142,41170
2024-08-19,Meta Ads,Remarketing_Display,207,86,139,58,10,509,19870
2024-08-19,Meta Ads,Lead_Generation,348,206,218,110,20,703,25420
2024-08-19,Meta Ads,Display_Generico,1042,622,677,311,54,2092,75440
2024-08-19,Meta Ads,Video_Awareness_Amplo,658,393,433,187,38,1320,47610
2024-08-19,TikTok Ads,Performance_Search,923,554,621,266,36,1845,66430
2024-08-19,TikTok Ads,Performance_Shopping,642,382,409,209,24,1292,46640
2024-08-19,TikTok Ads,Remarketing_Display,308,128,203,93,12,758,29560
2024-08-19,TikTok Ads,Lead_Generation,394,236,260,111,23,789,28420
2024-08-19,TikTok Ads,Display_Generico,1350,806,879,404,67,2710,97720
2024-08-19,TikTok Ads,Video_Awareness_Amplo,1180,707,785,339,56,2362,85090
2024-08-20,Google Ads,Performance_Search,375,225,256,107,12,750,27000
2024-08-20,Google Ads,Performance_Shopping,332,199,225,90,17,664,23930
2024-08-20,Google Ads,Remarketing_Display,138,56,86,47,5,343,13420
2024-08-20,Google Ads,Lead_Generation,307,184,206,94,7,614,22130
2024-08-20,Google Ads,Display_Generico,398,239,268,113,17,795,28630
2024-08-20,Google Ads,Video_Awareness_Amplo,551,328,356,165,30,1108,40010
2024-08-20,Meta Ads,Performance_Search,516,309,344,147,25,1033,37230
2024-08-20,Meta Ads,Performance_Shopping,473,284,320,129,24,945,34030
2024-08-20,Meta Ads,Remarketing_Display,256,106,173,72,11,631,24620
2024-08-20,Meta Ads,Lead_Generation,339,200,205,116,18,686,24850
2024-08-20,Meta Ads,Display_Generico,821,488,523,264,34,1653,59710
2024-08-20,Meta Ads,Video_Awareness_Amplo,813,487,537,238,38,1628,58640
2024-08-20,TikTok Ads,Performance_Search,463,274,285,150,28,935,33830
2024-08-20,TikTok Ads,Performance_Shopping,458,274,304,130,24,918,33080
2024-08-20,TikTok Ads,Remarketing_Display,230,95,147,72,11,567,22150
2024-08-20,TikTok Ads,Lead_Generation,978,582,624,302,52,1968,71040
2024-08-20,TikTok Ads,Display_Generico,1141,680,732,350,59,2293,82750
2024-08-20,TikTok Ads,Video_Awareness_Amplo,1340,802,882,382,76,2685,96740
2024-08-21,Google Ads,Performance_Search,339,205,242,82,15,674,24200
2024-08-21,Google Ads,Performance_Shopping,428,256,285,127,16,858,30920
2024-08-21,Google Ads,Remarketing_Display,180,74,119,51,10,445,17380
2024-08-21,Google Ads,Lead_Generation,379,225,239,124,16,764,27600
2024-08-21,Google Ads,Display_Generico,646,385,418,188,40,1298,46850
2024-08-21,Google Ads,Video_Awareness_Amplo,740,444,495,208,37,1480,53280
2024-08-21,Meta Ads,Performance_Search,493,295,324,143,26,988,35600
2024-08-21,Meta Ads,Performance_Shopping,582,347,378,186,18,1169,42190
2024-08-21,Meta Ads,Remarketing_Display,201,83,133,53,15,496,19360
2024-08-21,Meta Ads,Lead_Generation,427,255,280,124,23,857,30900
2024-08-21,Meta Ads,Display_Generico,578,344,372,174,32,1163,41980
2024-08-21,Meta Ads,Video_Awareness_Amplo,847,504,540,256,51,1704,61530
2024-08-21,TikTok Ads,Performance_Search,656,389,410,206,40,1323,47830
2024-08-21,TikTok Ads,Performance_Shopping,659,391,415,209,35,1329,48020
2024-08-21,TikTok Ads,Remarketing_Display,299,123,193,90,16,739,28860
2024-08-21,TikTok Ads,Lead_Generation,972,583,648,281,43,1944,70010
2024-08-21,TikTok Ads,Display_Generico,988,585,613,324,51,1995,72150
2024-08-21,TikTok Ads,Video_Awareness_Amplo,1090,652,714,328,48,2185,78740
2024-08-22,Google Ads,Performance_Search,462,275,296,142,24,929,33550
2024-08-22,Google Ads,Performance_Shopping,443,263,279,136,28,893,32260
2024-08-22,Google Ads,Remarketing_Display,188,78,127,53,8,463,18060
2024-08-22,Google Ads,Lead_Generation,308,183,196,95,17,620,22410
2024-08-22,Google Ads,Display_Generico,491,293,320,139,32,986,35560
2024-08-22,Google Ads,Video_Awareness_Amplo,490,294,327,141,22,980,35280
2024-08-22,Meta Ads,Performance_Search,513,306,336,152,25,1030,37170
2024-08-22,Meta Ads,Performance_Shopping,373,222,243,111,19,750,27090
2024-08-22,Meta Ads,Remarketing_Display,224,93,153,63,8,551,21510
2024-08-22,Meta Ads,Lead_Generation,526,315,348,150,28,1053,37950
2024-08-22,Meta Ads,Display_Generico,588,349,370,183,35,1185,42830
2024-08-22,Meta Ads,Video_Awareness_Amplo,786,466,490,260,36,1586,57320
2024-08-22,TikTok Ads,Performance_Search,690,409,429,228,33,1392,50330
2024-08-22,TikTok Ads,Performance_Shopping,429,255,272,124,33,864,31200
2024-08-22,TikTok Ads,Remarketing_Display,224,93,153,61,10,551,21510
2024-08-22,TikTok Ads,Lead_Generation,839,496,516,290,33,1696,61370
2024-08-22,TikTok Ads,Display_Generico,1504,898,974,450,80,3019,108860
2024-08-22,TikTok Ads,Video_Awareness_Amplo,1042,623,685,309,48,2089,75310
2024-08-23,Google Ads,Performance_Search,427,254,270,136,21,859,31030
2024-08-23,Google Ads,Performance_Shopping,227,134,142,80,5,459,16630
2024-08-23,Google Ads,Remarketing_Display,112,46,72,33,7,277,10820
2024-08-23,Google Ads,Lead_Generation,208,123,128,65,15,420,15210
2024-08-23,Google Ads,Display_Generico,415,249,280,118,17,830,29880
2024-08-23,Google Ads,Video_Awareness_Amplo,547,324,343,175,29,1104,39930
2024-08-23,Meta Ads,Performance_Search,335,200,218,106,11,672,24250
2024-08-23,Meta Ads,Performance_Shopping,581,348,384,162,35,1163,41910
2024-08-23,Meta Ads,Remarketing_Display,122,50,82,37,3,302,11800
2024-08-23,Meta Ads,Lead_Generation,563,335,359,182,22,1133,40900
2024-08-23,Meta Ads,Display_Generico,580,344,363,183,34,1170,42280
2024-08-23,Meta Ads,Video_Awareness_Amplo,490,294,328,141,21,980,35280
2024-08-23,TikTok Ads,Performance_Search,519,311,346,153,20,1039,37420
2024-08-23,TikTok Ads,Performance_Shopping,556,333,373,161,22,1113,40110
2024-08-23,TikTok Ads,Remarketing_Display,214,88,138,65,11,529,20660
2024-08-23,TikTok Ads,Lead_Generation,949,563,595,302,52,1914,69160
2024-08-23,TikTok Ads,Display_Generico,729,436,478,216,35,1461,52670
2024-08-23,TikTok Ads,Video_Awareness_Amplo,816,487,529,242,45,1638,59090
2024-08-24,Google Ads,Performance_Search,222,133,149,65,8,444,16010
2024-08-24,Google Ads,Performance_Shopping,190,114,133,51,6,380,13680
2024-08-24,Google Ads,Remarketing_Display,81,34,64,14,3,198,7730
2024-08-24,Google Ads,Lead_Generation,219,130,140,64,15,441,15950
2024-08-24,Google Ads,Display_Generico,420,248,257,143,20,850,30760
2024-08-24,Google Ads,Video_Awareness_Amplo,287,171,184,81,22,577,20820
2024-08-24,Meta Ads,Performance_Search,420,249,262,133,25,847,30630
2024-08-24,Meta Ads,Performance_Shopping,271,163,187,68,16,541,19460
2024-08-24,Meta Ads,Remarketing_Display,181,74,116,54,11,448,17530
2024-08-24,Meta Ads,Lead_Generation,313,186,200,97,16,630,22770
2024-08-24,Meta Ads,Display_Generico,373,224,251,106,16,745,26830
2024-08-24,Meta Ads,Video_Awareness_Amplo,612,368,415,164,33,1222,43960
2024-08-24,TikTok Ads,Performance_Search,469,281,311,134,24,939,33820
2024-08-24,TikTok Ads,Performance_Shopping,402,240,266,118,18,807,29100
2024-08-24,TikTok Ads,Remarketing_Display,221,91,140,64,17,546,21320
2024-08-24,TikTok Ads,Lead_Generation,371,220,236,118,17,748,27050
2024-08-24,TikTok Ads,Display_Generico,700,420,467,190,43,1400,50400
2024-08-24,TikTok Ads,Video_Awareness_Amplo,600,359,399,173,28,1202,43330
2024-08-25,Google Ads,Performance_Search,121,71,74,41,6,246,8920
2024-08-25,Google Ads,Performance_Shopping,261,156,173,76,12,523,18870
2024-08-25,Google Ads,Remarketing_Display,84,35,56,20,8,206,8050
2024-08-25,Google Ads,Lead_Generation,158,92,87,60,11,323,11740
2024-08-25,Google Ads,Display_Generico,444,264,286,143,15,894,32280
2024-08-25,Google Ads,Video_Awareness_Amplo,442,262,274,150,18,892,32240
2024-08-25,Meta Ads,Performance_Search,394,237,267,104,23,786,28290
2024-08-25,Meta Ads,Performance_Shopping,362,214,223,123,16,732,26480
2024-08-25,Meta Ads,Remarketing_Display,160,66,104,47,9,395,15420
2024-08-25,Meta Ads,Lead_Generation,170,100,105,56,9,345,12500
2024-08-25,Meta Ads,Display_Generico,415,249,282,116,17,830,29880
2024-08-25,Meta Ads,Video_Awareness_Amplo,477,286,319,126,32,954,34370
2024-08-25,TikTok Ads,Performance_Search,583,351,398,152,33,1163,41820
2024-08-25,TikTok Ads,Performance_Shopping,363,218,244,105,14,725,26110
2024-08-25,TikTok Ads,Remarketing_Display,202,84,136,57,9,497,19380
2024-08-25,TikTok Ads,Lead_Generation,382,230,260,104,18,762,27400
2024-08-25,TikTok Ads,Display_Generico,726,432,463,225,38,1461,52740
2024-08-25,TikTok Ads,Video_Awareness_Amplo,850,504,532,273,45,1715,61980
2024-08-26,Google Ads,Performance_Search,308,183,194,100,14,620,22410
2024-08-26,Google Ads,Performance_Shopping,348,207,221,101,26,700,25290
2024-08-26,Google Ads,Remarketing_Display,104,43,74,25,5,256,10010
2024-08-26,Google Ads,Lead_Generation,389,230,243,125,21,786,28450
2024-08-26,Google Ads,Display_Generico,596,352,365,196,35,1206,43640
2024-08-26,Google Ads,Video_Awareness_Amplo,624,372,402,181,41,1254,45240
2024-08-26,Meta Ads,Performance_Search,514,305,323,162,29,1036,37450
2024-08-26,Meta Ads,Performance_Shopping,353,210,226,110,17,710,25650
2024-08-26,Meta Ads,Remarketing_Display,153,62,90,58,5,380,14890
2024-08-26,Meta Ads,Lead_Generation,318,190,208,95,15,638,23000
2024-08-26,Meta Ads,Display_Generico,577,345,382,167,28,1157,41700
2024-08-26,Meta Ads,Video_Awareness_Amplo,596,354,374,189,33,1201,43380
2024-08-26,TikTok Ads,Performance_Search,602,358,383,186,33,1212,43760
2024-08-26,TikTok Ads,Performance_Shopping,504,303,345,144,15,1006,36210
2024-08-26,TikTok Ads,Remarketing_Display,224,91,128,81,15,556,21770
2024-08-26,TikTok Ads,Lead_Generation,1058,634,703,301,54,2118,76280
2024-08-26,TikTok Ads,Display_Generico,1061,632,682,330,49,2133,76990
2024-08-26,TikTok Ads,Video_Awareness_Amplo,1231,741,842,337,52,2456,88320
2024-08-27,Google Ads,Performance_Search,335,201,224,97,14,670,24120
2024-08-27,Google Ads,Performance_Shopping,478,284,305,148,25,963,34780
2024-08-27,Google Ads,Remarketing_Display,100,41,68,23,9,247,9670
2024-08-27,Google Ads,Lead_Generation,412,245,265,129,18,829,29950
2024-08-27,Google Ads,Display_Generico,564,336,361,179,24,1134,40920
2024-08-27,Google Ads,Video_Awareness_Amplo,707,423,464,212,31,1417,51060
2024-08-27,Meta Ads,Performance_Search,610,363,390,186,34,1227,44310
2024-08-27,Meta Ads,Performance_Shopping,577,343,366,182,29,1162,41960
2024-08-27,Meta Ads,Remarketing_Display,124,52,91,32,1,304,11840
2024-08-27,Meta Ads,Lead_Generation,328,195,210,101,17,660,23850
2024-08-27,Meta Ads,Display_Generico,999,600,671,272,56,1996,71850
2024-08-27,Meta Ads,Video_Awareness_Amplo,665,393,407,221,37,1345,48660
2024-08-27,TikTok Ads,Performance_Search,845,507,568,239,38,1690,60840
2024-08-27,TikTok Ads,Performance_Shopping,563,336,369,164,30,1130,40770
2024-08-27,TikTok Ads,Remarketing_Display,359,150,246,102,11,881,34350
2024-08-27,TikTok Ads,Lead_Generation,459,276,316,128,15,916,32970
2024-08-27,TikTok Ads,Display_Generico,764,458,509,226,29,1529,55060
2024-08-27,TikTok Ads,Video_Awareness_Amplo,1320,792,881,371,68,2640,95040
2024-08-28,Google Ads,Performance_Search,289,172,189,83,17,581,20990
2024-08-28,Google Ads,Performance_Shopping,227,136,156,58,13,454,16370
2024-08-28,Google Ads,Remarketing_Display,166,67,90,66,10,413,16190
2024-08-28,Google Ads,Lead_Generation,260,155,173,73,14,522,18850
2024-08-28,Google Ads,Display_Generico,582,345,361,196,25,1174,42450
2024-08-28,Google Ads,Video_Awareness_Amplo,716,428,469,218,29,1436,51760
2024-08-28,Meta Ads,Performance_Search,386,233,270,100,16,768,27610
2024-08-28,Meta Ads,Performance_Shopping,482,287,311,153,18,969,34990
2024-08-28,Meta Ads,Remarketing_Display,207,85,134,69,4,512,20000
2024-08-28,Meta Ads,Lead_Generation,321,192,211,92,18,643,23190
2024-08-28,Meta Ads,Display_Generico,937,561,621,270,46,1877,67620
2024-08-28,Meta Ads,Video_Awareness_Amplo,533,319,350,157,26,1068,38480
2024-08-28,TikTok Ads,Performance_Search,796,477,527,235,34,1593,57390
2024-08-28,TikTok Ads,Performance_Shopping,913,547,605,249,59,1828,65840
2024-08-28,TikTok Ads,Remarketing_Display,322,132,202,104,16,797,31140
2024-08-28,TikTok Ads,Lead_Generation,751,449,491,216,44,1506,54280
2024-08-28,TikTok Ads,Display_Generico,1251,751,838,351,62,2501,90020
2024-08-28,TikTok Ads,Video_Awareness_Amplo,825,494,547,239,39,1652,59530
2024-08-29,Google Ads,Performance_Search,202,118,119,73,10,412,14960
2024-08-29,Google Ads,Performance_Shopping,474,285,321,134,19,946,34050
2024-08-29,Google Ads,Remarketing_Display,121,50,81,40,0,298,11650
2024-08-29,Google Ads,Lead_Generation,242,143,147,86,9,489,17710
2024-08-29,Google Ads,Display_Generico,514,308,346,145,23,1029,37060
2024-08-29,Google Ads,Video_Awareness_Amplo,374,222,236,117,21,754,27240
2024-08-29,Meta Ads,Performance_Search,430,257,284,126,20,862,31090
2024-08-29,Meta Ads,Performance_Shopping,522,312,340,158,24,1047,37740
2024-08-29,Meta Ads,Remarketing_Display,202,85,145,48,9,494,19250
2024-08-29,Meta Ads,Lead_Generation,523,313,348,144,31,1048,37760
2024-08-29,Meta Ads,Display_Generico,588,353,398,166,24,1175,42310
2024-08-29,Meta Ads,Video_Awareness_Amplo,911,544,593,277,41,1828,65930
2024-08-29,TikTok Ads,Performance_Search,480,284,297,155,28,970,35080
2024-08-29,TikTok Ads,Performance_Shopping,853,509,556,255,42,1713,61780
2024-08-29,TikTok Ads,Remarketing_Display,216,89,137,67,12,533,20830
2024-08-29,TikTok Ads,Lead_Generation,493,295,329,145,19,988,35600
2024-08-29,TikTok Ads,Display_Generico,840,503,555,239,46,1682,60610
2024-08-29,TikTok Ads,Video_Awareness_Amplo,1174,699,753,359,62,2361,85230
2024-08-30,Google Ads,Performance_Search,213,128,144,56,13,425,15310
2024-08-30,Google Ads,Performance_Shopping,379,227,253,105,21,759,27340
2024-08-30,Google Ads,Remarketing_Display,117,49,81,32,4,287,11180
2024-08-30,Google Ads,Lead_Generation,198,117,122,62,14,400,14490
2024-08-30,Google Ads,Display_Generico,570,340,370,176,24,1145,41300
2024-08-30,Google Ads,Video_Awareness_Amplo,435,260,286,117,32,872,31450
2024-08-30,Meta Ads,Performance_Search,540,324,362,147,31,1080,38880
2024-08-30,Meta Ads,Performance_Shopping,298,176,182,101,15,603,21820
2024-08-30,Meta Ads,Remarketing_Display,147,60,90,47,10,364,14250
2024-08-30,Meta Ads,Lead_Generation,423,253,280,131,12,848,30560
2024-08-30,Meta Ads,Display_Generico,876,526,591,238,47,1751,63020
2024-08-30,Meta Ads,Video_Awareness_Amplo,901,532,548,306,47,1823,65990
2024-08-30,TikTok Ads,Performance_Search,613,364,385,195,33,1235,44630
2024-08-30,TikTok Ads,Performance_Shopping,991,593,654,288,49,1986,71560
2024-08-30,TikTok Ads,Remarketing_Display,301,124,190,90,21,743,29030
2024-08-30,TikTok Ads,Lead_Generation,823,494,551,226,46,1645,59230
2024-08-30,TikTok Ads,Display_Generico,885,531,591,257,37,1770,63720
2024-08-30,TikTok Ads,Video_Awareness_Amplo,1105,660,717,320,68,2217,79950
2024-08-31,Google Ads,Performance_Search,214,126,132,72,10,434,15720
2024-08-31,Google Ads,Performance_Shopping,209,124,133,59,17,421,15230
2024-08-31,Google Ads,Remarketing_Display,102,42,68,28,6,252,9840
2024-08-31,Google Ads,Lead_Generation,177,106,123,46,8,354,12770
2024-08-31,Google Ads,Display_Generico,390,233,258,111,21,782,28210
2024-08-31,Google Ads,Video_Awareness_Amplo,303,179,189,104,10,613,22180
2024-08-31,Meta Ads,Performance_Search,286,169,178,94,14,578,20930
2024-08-31,Meta Ads,Performance_Shopping,243,145,161,65,17,488,17600
2024-08-31,Meta Ads,Remarketing_Display,105,44,80,23,2,257,10030
2024-08-31,Meta Ads,Lead_Generation,245,147,167,64,14,490,17640
2024-08-31,Meta Ads,Display_Generico,479,287,321,140,18,959,34540
2024-08-31,Meta Ads,Video_Awareness_Amplo,529,314,335,169,25,1066,38530
2024-08-31,TikTok Ads,Performance_Search,500,298,322,153,25,1005,36260
2024-08-31,TikTok Ads,Performance_Shopping,353,210,226,107,20,710,25650
2024-08-31,TikTok Ads,Remarketing_Display,216,89,135,68,13,533,20830
2024-08-31,TikTok Ads,Lead_Generation,586,348,368,193,25,1181,42660
2024-08-31,TikTok Ads,Display_Generico,891,532,582,262,47,1788,64490
2024-08-31,TikTok Ads,Video_Awareness_Amplo,702,419,454,218,30,1409,50830
2024-09-01,Google Ads,Performance_Search,342,204,222,95,25,687,24780
2024-09-01,Google Ads,Performance_Shopping,244,144,153,81,10,494,17880
2024-09-01,Google Ads,Remarketing_Display,89,36,53,32,4,221,8670
2024-09-01,Google Ads,Lead_Generation,203,121,134,56,13,408,14720
2024-09-01,Google Ads,Display_Generico,281,171,204,65,12,556,19920
2024-09-01,Google Ads,Video_Awareness_Amplo,409,244,265,123,21,821,29630
2024-09-01,Meta Ads,Performance_Search,429,256,278,136,15,861,31070
2024-09-01,Meta Ads,Performance_Shopping,207,123,133,63,11,417,15060
2024-09-01,Meta Ads,Remarketing_Display,103,42,67,30,6,255,9990
2024-09-01,Meta Ads,Lead_Generation,216,129,143,61,12,433,15630
2024-09-01,Meta Ads,Display_Generico,428,253,263,136,29,865,31310
2024-09-01,Meta Ads,Video_Awareness_Amplo,311,185,199,100,12,626,22600
2024-09-01,TikTok Ads,Performance_Search,519,309,335,154,30,1044,37680
2024-09-01,TikTok Ads,Performance_Shopping,405,239,244,136,25,820,29680
2024-09-01,TikTok Ads,Remarketing_Display,144,60,98,35,11,354,13800
2024-09-01,TikTok Ads,Lead_Generation,569,343,395,140,34,1134,40760
2024-09-01,TikTok Ads,Display_Generico,731,439,491,202,38,1461,52580
2024-09-01,TikTok Ads,Video_Awareness_Amplo,923,552,604,261,58,1850,66690
2024-09-02,Google Ads,Performance_Search,219,131,145,66,8,439,15820
2024-09-02,Google Ads,Performance_Shopping,392,233,251,118,23,789,28510
2024-09-02,Google Ads,Remarketing_Display,105,43,68,33,4,260,10160
2024-09-02,Google Ads,Lead_Generation,227,133,133,76,18,462,16760
2024-09-02,Google Ads,Display_Generico,480,285,304,157,19,967,34950
2024-09-02,Google Ads,Video_Awareness_Amplo,515,308,342,143,30,1032,37210
2024-09-02,Meta Ads,Performance_Search,272,162,178,79,15,547,19740
2024-09-02,Meta Ads,Performance_Shopping,646,384,408,200,38,1301,46980
2024-09-02,Meta Ads,Remarketing_Display,189,77,114,65,10,469,18340
2024-09-02,Meta Ads,Lead_Generation,542,324,356,159,27,1087,39180
2024-09-02,Meta Ads,Display_Generico,620,373,420,169,31,1237,44510
2024-09-02,Meta Ads,Video_Awareness_Amplo,967,578,633,283,51,1939,69910
2024-09-02,TikTok Ads,Performance_Search,839,501,549,244,46,1684,60720
2024-09-02,TikTok Ads,Performance_Shopping,543,324,350,167,26,1090,39330
2024-09-02,TikTok Ads,Remarketing_Display,388,159,233,128,27,960,37530
2024-09-02,TikTok Ads,Lead_Generation,793,474,523,227,43,1590,57330
2024-09-02,TikTok Ads,Display_Generico,1354,807,868,417,69,2721,98190
2024-09-02,TikTok Ads,Video_Awareness_Amplo,901,542,613,230,58,1798,64690
2024-09-03,Google Ads,Performance_Search,380,227,253,110,17,762,27490
2024-09-03,Google Ads,Performance_Shopping,362,217,243,99,20,724,26090
2024-09-03,Google Ads,Remarketing_Display,138,57,88,46,4,340,13290
2024-09-03,Google Ads,Lead_Generation,219,131,145,64,10,439,15820
2024-09-03,Google Ads,Display_Generico,543,324,355,153,35,1090,39330
2024-09-03,Google Ads,Video_Awareness_Amplo,536,321,356,142,38,1073,38670
2024-09-03,Meta Ads,Performance_Search,275,164,180,84,11,552,19930
2024-09-03,Meta Ads,Performance_Shopping,385,228,238,122,25,777,28110
2024-09-03,Meta Ads,Remarketing_Display,184,77,127,45,12,451,17590
2024-09-03,Meta Ads,Lead_Generation,505,299,313,157,35,1020,36880
2024-09-03,Meta Ads,Display_Generico,572,343,380,158,34,1144,41210
2024-09-03,Meta Ads,Video_Awareness_Amplo,648,387,421,193,34,1300,46890
2024-09-03,TikTok Ads,Performance_Search,617,370,413,176,28,1234,44450
2024-09-03,TikTok Ads,Performance_Shopping,537,321,350,163,24,1077,38820
2024-09-03,TikTok Ads,Remarketing_Display,327,135,208,103,16,807,31500
2024-09-03,TikTok Ads,Lead_Generation,482,286,303,157,22,972,35120
2024-09-03,TikTok Ads,Display_Generico,1317,789,876,377,64,2637,94980
2024-09-03,TikTok Ads,Video_Awareness_Amplo,1361,811,873,406,82,2736,98720
2024-09-04,Google Ads,Performance_Search,512,304,323,163,26,1032,37280
2024-09-04,Google Ads,Performance_Shopping,446,266,289,135,22,896,32320
2024-09-04,Google Ads,Remarketing_Display,164,68,107,52,5,404,15760
2024-09-04,Google Ads,Lead_Generation,323,192,204,102,17,650,23490
2024-09-04,Google Ads,Display_Generico,705,420,451,221,33,1417,51150
2024-09-04,Google Ads,Video_Awareness_Amplo,659,393,426,206,27,1324,47760
2024-09-04,Meta Ads,Performance_Search,481,290,332,124,25,958,34450
2024-09-04,Meta Ads,Performance_Shopping,724,429,453,233,38,1461,52830
2024-09-04,Meta Ads,Remarketing_Display,157,64,91,52,14,389,15230
2024-09-04,Meta Ads,Lead_Generation,533,318,346,167,20,1070,38610
2024-09-04,Meta Ads,Display_Generico,738,440,476,221,41,1483,53500
2024-09-04,Meta Ads,Video_Awareness_Amplo,983,590,660,278,45,1965,70750
2024-09-04,TikTok Ads,Performance_Search,759,452,489,231,39,1526,55090
2024-09-04,TikTok Ads,Performance_Shopping,676,401,426,204,46,1363,49270
2024-09-04,TikTok Ads,Remarketing_Display,272,112,173,85,14,672,26240
2024-09-04,TikTok Ads,Lead_Generation,861,512,549,270,42,1733,62590
2024-09-04,TikTok Ads,Display_Generico,1263,757,841,366,56,2528,91040
2024-09-04,TikTok Ads,Video_Awareness_Amplo,1077,645,711,318,48,2157,77700
2024-09-05,Google Ads,Performance_Search,263,156,166,85,12,530,19170
2024-09-05,Google Ads,Performance_Shopping,500,299,327,146,27,1002,36130
2024-09-05,Google Ads,Remarketing_Display,143,58,88,48,7,355,13910
2024-09-05,Google Ads,Lead_Generation,442,261,273,142,27,894,32370
2024-09-05,Google Ads,Display_Generico,576,344,378,177,21,1156,41680
2024-09-05,Google Ads,Video_Awareness_Amplo,593,358,410,159,24,1180,42410
2024-09-05,Meta Ads,Performance_Search,595,355,388,181,26,1195,43100
2024-09-05,Meta Ads,Performance_Shopping,349,211,246,91,12,694,24920
2024-09-05,Meta Ads,Remarketing_Display,244,101,160,74,10,601,23470
2024-09-05,Meta Ads,Lead_Generation,628,376,414,182,32,1258,45320
2024-09-05,Meta Ads,Display_Generico,950,571,643,265,42,1897,68270
2024-09-05,Meta Ads,Video_Awareness_Amplo,939,565,643,264,32,1874,67400
2024-09-05,TikTok Ads,Performance_Search,451,271,307,127,17,901,32420
2024-09-05,TikTok Ads,Performance_Shopping,445,264,282,142,21,897,32430
2024-09-05,TikTok Ads,Remarketing_Display,223,91,139,71,13,553,21620
2024-09-05,TikTok Ads,Lead_Generation,415,248,274,116,25,832,30010
2024-09-05,TikTok Ads,Display_Generico,1003,597,639,314,50,2018,72840
2024-09-05,TikTok Ads,Video_Awareness_Amplo,1075,645,718,308,49,2150,77400
2024-09-06,Google Ads,Performance_Search,324,192,204,104,16,654,23640
2024-09-06,Google Ads,Performance_Shopping,213,127,139,67,7,428,15440
2024-09-06,Google Ads,Remarketing_Display,148,62,102,36,10,363,14140
2024-09-06,Google Ads,Lead_Generation,396,237,264,117,15,793,28590
2024-09-06,Google Ads,Display_Generico,454,269,282,142,30,916,33130
2024-09-06,Google Ads,Video_Awareness_Amplo,575,343,374,175,26,1155,41660
2024-09-06,Meta Ads,Performance_Search,594,357,406,160,28,1186,42690
2024-09-06,Meta Ads,Performance_Shopping,664,398,440,193,31,1329,47860
2024-09-06,Meta Ads,Remarketing_Display,161,67,113,41,7,396,15440
2024-09-06,Meta Ads,Lead_Generation,762,455,494,235,33,1529,55150
2024-09-06,Meta Ads,Display_Generico,589,351,377,173,39,1184,42720
2024-09-06,Meta Ads,Video_Awareness_Amplo,636,379,409,194,33,1278,46130
2024-09-06,TikTok Ads,Performance_Search,893,533,583,264,46,1793,64660
2024-09-06,TikTok Ads,Performance_Shopping,933,553,579,293,61,1883,68060
2024-09-06,TikTok Ads,Remarketing_Display,193,80,125,58,10,475,18550
2024-09-06,TikTok Ads,Lead_Generation,553,331,367,164,22,1108,39920
2024-09-06,TikTok Ads,Display_Generico,1387,829,907,412,68,2782,100280
2024-09-06,TikTok Ads,Video_Awareness_Amplo,1095,652,701,339,55,2202,79490
2024-09-07,Google Ads,Performance_Search,185,109,112,63,10,375,13580
2024-09-07,Google Ads,Performance_Shopping,281,165,167,101,13,571,20700
2024-09-07,Google Ads,Remarketing_Display,130,54,91,34,5,320,12480
2024-09-07,Google Ads,Lead_Generation,312,186,201,92,19,627,22620
2024-09-07,Google Ads,Display_Generico,356,214,242,95,19,711,25580
2024-09-07,Google Ads,Video_Awareness_Amplo,336,201,224,95,17,673,24270
2024-09-07,Meta Ads,Performance_Search,270,162,181,72,17,540,19440
2024-09-07,Meta Ads,Performance_Shopping,297,177,193,87,17,597,21540
2024-09-07,Meta Ads,Remarketing_Display,129,53,88,36,5,319,12460
2024-09-07,Meta Ads,Lead_Generation,215,128,141,67,7,432,15610
2024-09-07,Meta Ads,Display_Generico,589,352,388,169,32,1181,42590
2024-09-07,Meta Ads,Video_Awareness_Amplo,464,276,298,144,22,934,33720
2024-09-07,TikTok Ads,Performance_Search,270,161,178,82,10,542,19570
2024-09-07,TikTok Ads,Performance_Shopping,615,366,395,179,41,1237,44670
2024-09-07,TikTok Ads,Remarketing_Display,167,69,109,45,13,412,16080
2024-09-07,TikTok Ads,Lead_Generation,400,238,257,118,25,805,29060
2024-09-07,TikTok Ads,Display_Generico,603,357,375,197,31,1218,44040
2024-09-07,TikTok Ads,Video_Awareness_Amplo,621,370,398,188,35,1248,45050
2024-09-08,Google Ads,Performance_Search,262,158,184,66,12,522,18760
2024-09-08,Google Ads,Performance_Shopping,334,198,209,114,11,674,24360
2024-09-08,Google Ads,Remarketing_Display,117,47,70,41,6,292,11440
2024-09-08,Google Ads,Lead_Generation,277,165,182,87,8,557,20100
2024-09-08,Google Ads,Display_Generico,461,274,295,140,26,928,33530
2024-09-08,Google Ads,Video_Awareness_Amplo,447,265,279,144,24,902,32600
2024-09-08,Meta Ads,Performance_Search,212,127,140,60,12,424,15290
2024-09-08,Meta Ads,Performance_Shopping,350,211,241,94,15,697,25070
2024-09-08,Meta Ads,Remarketing_Display,131,54,84,42,5,323,12630
2024-09-08,Meta Ads,Lead_Generation,406,240,253,137,16,821,29700
2024-09-08,Meta Ads,Display_Generico,443,262,273,147,23,895,32390
2024-09-08,Meta Ads,Video_Awareness_Amplo,677,405,449,196,32,1357,48900
2024-09-08,TikTok Ads,Performance_Search,337,200,216,105,16,679,24550
2024-09-08,TikTok Ads,Performance_Shopping,506,300,315,162,29,1021,36900
2024-09-08,TikTok Ads,Remarketing_Display,121,50,81,37,3,298,11650
2024-09-08,TikTok Ads,Lead_Generation,585,349,379,171,35,1175,42380
2024-09-08,TikTok Ads,Display_Generico,914,547,600,266,48,1831,65990
2024-09-08,TikTok Ads,Video_Awareness_Amplo,594,355,387,170,37,1191,42950
2024-09-09,Google Ads,Performance_Search,222,131,139,68,15,449,16270
2024-09-09,Google Ads,Performance_Shopping,238,142,155,74,9,478,17240
2024-09-09,Google Ads,Remarketing_Display,104,43,73,27,4,256,10010
2024-09-09,Google Ads,Lead_Generation,400,238,257,119,24,805,29060
2024-09-09,Google Ads,Display_Generico,576,343,370,178,28,1158,41810
2024-09-09,Google Ads,Video_Awareness_Amplo,506,302,327,161,18,1016,36640
2024-09-09,Meta Ads,Performance_Search,701,418,452,214,35,1408,50810
2024-09-09,Meta Ads,Performance_Shopping,494,295,326,141,27,991,35750
2024-09-09,Meta Ads,Remarketing_Display,235,98,158,60,17,577,22510
2024-09-09,Meta Ads,Lead_Generation,452,269,287,143,22,909,32830
2024-09-09,Meta Ads,Display_Generico,611,367,412,176,23,1221,43940
2024-09-09,Meta Ads,Video_Awareness_Amplo,772,460,497,237,38,1552,56000
2024-09-09,TikTok Ads,Performance_Search,838,498,529,259,50,1688,60960
2024-09-09,TikTok Ads,Performance_Shopping,481,288,317,143,21,963,34710
2024-09-09,TikTok Ads,Remarketing_Display,214,88,139,65,10,529,20660
2024-09-09,TikTok Ads,Lead_Generation,464,277,301,136,27,931,33590
2024-09-09,TikTok Ads,Display_Generico,1584,951,1064,448,72,3166,113970
2024-09-09,TikTok Ads,Video_Awareness_Amplo,985,590,652,280,53,1972,71050
2024-09-10,Google Ads,Performance_Search,225,134,149,68,8,452,16330
2024-09-10,Google Ads,Performance_Shopping,510,304,332,148,30,1025,36980
2024-09-10,Google Ads,Remarketing_Display,186,77,121,59,6,458,17890
2024-09-10,Google Ads,Lead_Generation,380,225,239,118,23,767,27750
2024-09-10,Google Ads,Display_Generico,530,314,327,174,29,1070,38680
2024-09-10,Google Ads,Video_Awareness_Amplo,387,229,242,118,27,782,28280
2024-09-10,Meta Ads,Performance_Search,514,307,334,157,23,1031,37190
2024-09-10,Meta Ads,Performance_Shopping,339,202,220,106,13,681,24590
2024-09-10,Meta Ads,Remarketing_Display,190,79,126,53,11,467,18230
2024-09-10,Meta Ads,Lead_Generation,495,296,328,141,26,992,35770
2024-09-10,Meta Ads,Display_Generico,805,479,516,252,37,1620,58480
2024-09-10,Meta Ads,Video_Awareness_Amplo,733,440,494,197,42,1465,52750
2024-09-10,TikTok Ads,Performance_Search,495,294,311,165,19,997,36030
2024-09-10,TikTok Ads,Performance_Shopping,551,331,375,150,26,1101,39620
2024-09-10,TikTok Ads,Remarketing_Display,291,121,193,86,12,716,27920
2024-09-10,TikTok Ads,Lead_Generation,959,578,659,262,38,1911,68710
2024-09-10,TikTok Ads,Display_Generico,1466,875,948,450,68,2943,106150
2024-09-10,TikTok Ads,Video_Awareness_Amplo,872,519,556,282,34,1754,63330
2024-09-11,Google Ads,Performance_Search,434,260,289,125,20,869,31300
2024-09-11,Google Ads,Performance_Shopping,304,181,194,98,12,611,22070
2024-09-11,Google Ads,Remarketing_Display,137,57,92,37,8,337,13140
2024-09-11,Google Ads,Lead_Generation,412,247,278,119,15,824,29690
2024-09-11,Google Ads,Display_Generico,521,312,345,157,19,1043,37590
2024-09-11,Google Ads,Video_Awareness_Amplo,532,318,350,161,21,1067,38460
2024-09-11,Meta Ads,Performance_Search,436,258,268,134,34,881,31860
2024-09-11,Meta Ads,Performance_Shopping,296,176,193,86,17,596,21520
2024-09-11,Meta Ads,Remarketing_Display,263,110,181,74,8,645,25150
2024-09-11,Meta Ads,Lead_Generation,461,274,292,142,27,928,33530
2024-09-11,Meta Ads,Display_Generico,941,565,635,261,45,1881,67700
2024-09-11,Meta Ads,Video_Awareness_Amplo,658,393,433,188,37,1320,47610
2024-09-11,TikTok Ads,Performance_Search,1045,622,666,345,34,2102,75890
2024-09-11,TikTok Ads,Performance_Shopping,784,470,526,215,43,1569,56500
2024-09-11,TikTok Ads,Remarketing_Display,458,190,305,125,28,1128,44000
2024-09-11,TikTok Ads,Lead_Generation,647,387,429,192,26,1297,46740
2024-09-11,TikTok Ads,Display_Generico,1411,844,927,409,75,2828,101930
2024-09-11,TikTok Ads,Video_Awareness_Amplo,1409,839,898,440,71,2834,102280
2024-09-12,Google Ads,Performance_Search,336,200,215,98,23,676,24400
2024-09-12,Google Ads,Performance_Shopping,272,161,173,83,16,549,19870
2024-09-12,Google Ads,Remarketing_Display,155,64,100,50,5,382,14930
2024-09-12,Google Ads,Lead_Generation,455,270,289,141,25,917,33150
2024-09-12,Google Ads,Display_Generico,535,319,348,162,25,1075,38780
2024-09-12,Google Ads,Video_Awareness_Amplo,448,269,301,132,15,895,32230
2024-09-12,Meta Ads,Performance_Search,689,408,428,230,31,1391,50310
2024-09-12,Meta Ads,Performance_Shopping,596,356,391,181,24,1196,43120
2024-09-12,Meta Ads,Remarketing_Display,163,68,112,46,5,400,15610
2024-09-12,Meta Ads,Lead_Generation,328,194,202,107,19,663,23980
2024-09-12,Meta Ads,Display_Generico,724,432,469,225,30,1454,52440
2024-09-12,Meta Ads,Video_Awareness_Amplo,756,453,502,222,32,1513,54510
2024-09-12,TikTok Ads,Performance_Search,861,512,548,252,61,1733,62590
2024-09-12,TikTok Ads,Performance_Shopping,948,567,624,275,49,1900,68490
2024-09-12,TikTok Ads,Remarketing_Display,330,136,212,99,19,815,31820
2024-09-12,TikTok Ads,Lead_Generation,793,472,506,256,31,1595,57590
2024-09-12,TikTok Ads,Display_Generico,858,508,530,283,45,1733,62660
2024-09-12,TikTok Ads,Video_Awareness_Amplo,1369,818,895,408,66,2746,99010
2024-09-13,Google Ads,Performance_Search,229,138,158,59,12,456,16410
2024-09-13,Google Ads,Performance_Shopping,337,201,219,100,18,677,24420
2024-09-13,Google Ads,Remarketing_Display,171,71,113,46,12,421,16420
2024-09-13,Google Ads,Lead_Generation,536,319,341,164,31,1078,38930
2024-09-13,Google Ads,Display_Generico,639,381,412,191,36,1284,46320
2024-09-13,Google Ads,Video_Awareness_Amplo,429,255,271,134,24,864,31200
2024-09-13,Meta Ads,Performance_Search,500,299,333,140,27,1002,36130
2024-09-13,Meta Ads,Performance_Shopping,560,331,345,189,26,1132,40970
2024-09-13,Meta Ads,Remarketing_Display,170,70,108,55,7,420,16400
2024-09-13,Meta Ads,Lead_Generation,412,245,260,136,16,829,29950
2024-09-13,Meta Ads,Display_Generico,755,449,478,242,35,1520,54880
2024-09-13,Meta Ads,Video_Awareness_Amplo,566,339,379,168,19,1133,40830
2024-09-13,TikTok Ads,Performance_Search,657,394,441,183,33,1314,47330
2024-09-13,TikTok Ads,Performance_Shopping,868,520,576,245,47,1738,62600
2024-09-13,TikTok Ads,Remarketing_Display,244,101,157,72,15,601,23470
2024-09-13,TikTok Ads,Lead_Generation,1049,627,689,313,47,2104,75840
2024-09-13,TikTok Ads,Display_Generico,986,587,630,310,46,1983,71590
2024-09-13,TikTok Ads,Video_Awareness_Amplo,1609,959,1036,490,83,3234,116680
2024-09-14,Google Ads,Performance_Search,243,145,159,68,16,488,17600
2024-09-14,Google Ads,Performance_Shopping,267,160,182,75,10,534,19250
2024-09-14,Google Ads,Remarketing_Display,120,50,82,36,2,295,11500
2024-09-14,Google Ads,Lead_Generation,129,76,77,45,7,261,9470
2024-09-14,Google Ads,Display_Generico,441,261,275,138,28,891,32220
2024-09-14,Google Ads,Video_Awareness_Amplo,363,216,232,105,26,730,26370
2024-09-14,Meta Ads,Performance_Search,358,213,231,107,20,720,26010
2024-09-14,Meta Ads,Performance_Shopping,226,135,150,64,12,453,16350
2024-09-14,Meta Ads,Remarketing_Display,105,43,68,30,7,260,10160
2024-09-14,Meta Ads,Lead_Generation,365,218,238,106,21,732,26410
2024-09-14,Meta Ads,Display_Generico,395,235,252,120,23,795,28700
2024-09-14,Meta Ads,Video_Awareness_Amplo,666,399,442,201,23,1333,48030
2024-09-14,TikTok Ads,Performance_Search,466,276,288,157,21,941,34020
2024-09-14,TikTok Ads,Performance_Shopping,286,170,180,87,19,576,20800
2024-09-14,TikTok Ads,Remarketing_Display,240,100,161,71,8,590,23000
2024-09-14,TikTok Ads,Lead_Generation,490,290,305,159,26,990,35800
2024-09-14,TikTok Ads,Display_Generico,1085,649,712,325,48,2175,78380
2024-09-14,TikTok Ads,Video_Awareness_Amplo,933,558,616,272,45,1870,67410
2024-09-15,Google Ads,Performance_Search,166,99,111,47,8,333,12030
2024-09-15,Google Ads,Performance_Shopping,197,118,133,51,13,394,14210
2024-09-15,Google Ads,Remarketing_Display,94,38,58,31,5,234,9160
2024-09-15,Google Ads,Lead_Generation,221,132,145,65,11,443,15990
2024-09-15,Google Ads,Display_Generico,416,247,265,133,18,838,30290
2024-09-15,Google Ads,Video_Awareness_Amplo,429,257,284,124,21,859,30940
2024-09-15,Meta Ads,Performance_Search,392,232,246,130,16,792,28640
2024-09-15,Meta Ads,Performance_Shopping,304,182,201,84,19,609,21940
2024-09-15,Meta Ads,Remarketing_Display,134,54,79,48,7,334,13080
2024-09-15,Meta Ads,Lead_Generation,334,200,222,98,14,669,24100
2024-09-15,Meta Ads,Display_Generico,490,293,326,144,20,982,35410
2024-09-15,Meta Ads,Video_Awareness_Amplo,423,255,292,118,13,843,30300
2024-09-15,TikTok Ads,Performance_Search,306,184,209,84,13,611,21980
2024-09-15,TikTok Ads,Performance_Shopping,406,242,262,123,21,816,29440
2024-09-15,TikTok Ads,Remarketing_Display,224,93,150,64,10,551,21510
2024-09-15,TikTok Ads,Lead_Generation,317,187,191,106,20,642,23240
2024-09-15,TikTok Ads,Display_Generico,515,310,351,144,20,1027,36950
2024-09-15,TikTok Ads,Video_Awareness_Amplo,948,569,639,260,49,1895,68230
2024-09-16,Google Ads,Performance_Search,410,243,254,137,19,827,29910
2024-09-16,Google Ads,Performance_Shopping,330,196,209,102,19,665,24020
2024-09-16,Google Ads,Remarketing_Display,153,62,90,57,6,380,14890
2024-09-16,Google Ads,Lead_Generation,412,246,268,119,25,827,29820
2024-09-16,Google Ads,Display_Generico,613,366,400,177,36,1230,44370
2024-09-16,Google Ads,Video_Awareness_Amplo,601,357,379,191,31,1211,43740
2024-09-16,Meta Ads,Performance_Search,431,257,279,123,29,866,31240
2024-09-16,Meta Ads,Performance_Shopping,433,261,301,122,10,863,31020
2024-09-16,Meta Ads,Remarketing_Display,179,74,116,54,9,441,17230
2024-09-16,Meta Ads,Lead_Generation,375,223,238,120,17,755,27260
2024-09-16,Meta Ads,Display_Generico,807,483,530,234,43,1617,58260
2024-09-16,Meta Ads,Video_Awareness_Amplo,850,507,548,251,51,1707,61590
2024-09-16,TikTok Ads,Performance_Search,625,375,423,170,32,1250,45000
2024-09-16,TikTok Ads,Performance_Shopping,920,548,587,276,57,1850,66760
2024-09-16,TikTok Ads,Remarketing_Display,238,98,153,71,14,588,22960
2024-09-16,TikTok Ads,Lead_Generation,510,304,327,162,21,1025,36980
2024-09-16,TikTok Ads,Display_Generico,1708,1020,1108,510,90,3428,123600
2024-09-16,TikTok Ads,Video_Awareness_Amplo,1133,675,729,348,56,2278,82200
2024-09-17,Google Ads,Performance_Search,261,156,172,74,15,523,18870
2024-09-17,Google Ads,Performance_Shopping,286,172,194,83,9,571,20540
2024-09-17,Google Ads,Remarketing_Display,107,44,75,25,7,264,10330
2024-09-17,Google Ads,Lead_Generation,524,313,344,146,34,1051,37910
2024-09-17,Google Ads,Display_Generico,518,309,334,164,20,1040,37530
2024-09-17,Google Ads,Video_Awareness_Amplo,738,441,484,213,41,1480,53370
2024-09-17,Meta Ads,Performance_Search,435,259,282,137,16,875,31580
2024-09-17,Meta Ads,Performance_Shopping,308,183,194,99,15,620,22410
2024-09-17,Meta Ads,Remarketing_Display,154,63,94,53,7,381,14910
2024-09-17,Meta Ads,Lead_Generation,349,207,219,114,16,704,25440
2024-09-17,Meta Ads,Display_Generico,938,559,601,290,47,1885,68030
2024-09-17,Meta Ads,Video_Awareness_Amplo,973,582,637,285,51,1950,70290
2024-09-17,TikTok Ads,Performance_Search,671,399,425,219,27,1351,48780
2024-09-17,TikTok Ads,Performance_Shopping,529,317,351,152,26,1059,38140
2024-09-17,TikTok Ads,Remarketing_Display,248,101,149,84,15,615,24070
2024-09-17,TikTok Ads,Lead_Generation,553,329,353,169,31,1113,40180
2024-09-17,TikTok Ads,Display_Generico,1373,811,835,463,75,2778,100520
2024-09-17,TikTok Ads,Video_Awareness_Amplo,1031,618,688,295,48,2063,74310
2024-09-18,Google Ads,Performance_Search,500,300,335,146,19,1000,36000
2024-09-18,Google Ads,Performance_Shopping,460,275,301,135,24,922,33250
2024-09-18,Google Ads,Remarketing_Display,180,74,119,53,8,445,17380
2024-09-18,Google Ads,Lead_Generation,328,197,224,94,10,655,23590
2024-09-18,Google Ads,Display_Generico,580,345,372,179,29,1167,42150
2024-09-18,Google Ads,Video_Awareness_Amplo,403,240,258,122,23,810,29250
2024-09-18,Meta Ads,Performance_Search,332,197,211,101,20,669,24190
2024-09-18,Meta Ads,Performance_Shopping,480,286,312,150,18,965,34820
2024-09-18,Meta Ads,Remarketing_Display,203,83,128,67,8,503,19660
2024-09-18,Meta Ads,Lead_Generation,439,262,288,127,24,881,31790
2024-09-18,Meta Ads,Display_Generico,565,337,369,163,33,1135,40940
2024-09-18,Meta Ads,Video_Awareness_Amplo,822,492,542,240,40,1647,59340
2024-09-18,TikTok Ads,Performance_Search,675,402,434,201,40,1357,48990
2024-09-18,TikTok Ads,Performance_Shopping,879,522,554,283,42,1771,63990
2024-09-18,TikTok Ads,Remarketing_Display,341,141,217,101,23,841,32820
2024-09-18,TikTok Ads,Lead_Generation,691,412,445,206,40,1388,50090
2024-09-18,TikTok Ads,Display_Generico,1217,725,783,373,61,2447,88300
2024-09-18,TikTok Ads,Video_Awareness_Amplo,953,568,611,301,41,1915,69110
2024-09-19,Google Ads,Performance_Search,224,133,143,68,13,451,16310
2024-09-19,Google Ads,Performance_Shopping,327,195,211,98,18,657,23700
2024-09-19,Google Ads,Remarketing_Display,188,77,121,65,2,465,18190
2024-09-19,Google Ads,Lead_Generation,378,228,260,98,20,753,27060
2024-09-19,Google Ads,Display_Generico,392,235,261,112,19,784,28250
2024-09-19,Google Ads,Video_Awareness_Amplo,589,353,390,165,34,1179,42460
2024-09-19,Meta Ads,Performance_Search,615,369,414,169,32,1230,44280
2024-09-19,Meta Ads,Performance_Shopping,334,199,215,106,13,671,24230
2024-09-19,Meta Ads,Remarketing_Display,158,66,108,44,6,388,15120
2024-09-19,Meta Ads,Lead_Generation,419,251,280,123,16,839,30220
2024-09-19,Meta Ads,Display_Generico,938,559,605,285,48,1885,68030
2024-09-19,Meta Ads,Video_Awareness_Amplo,550,329,362,174,14,1102,39730
2024-09-19,TikTok Ads,Performance_Search,527,314,341,167,19,1059,38230
2024-09-19,TikTok Ads,Performance_Shopping,665,398,441,195,29,1332,48010
2024-09-19,TikTok Ads,Remarketing_Display,244,100,147,79,18,604,23600
2024-09-19,TikTok Ads,Lead_Generation,841,498,517,285,39,1698,61410
2024-09-19,TikTok Ads,Display_Generico,1002,597,641,300,61,2014,72690
2024-09-19,TikTok Ads,Video_Awareness_Amplo,1166,698,768,356,42,2336,84160
2024-09-20,Google Ads,Performance_Search,273,163,179,79,15,548,19760
2024-09-20,Google Ads,Performance_Shopping,236,141,154,65,17,473,17070
2024-09-20,Google Ads,Remarketing_Display,183,76,120,54,9,450,17570
2024-09-20,Google Ads,Lead_Generation,421,252,278,126,17,843,30390
2024-09-20,Google Ads,Display_Generico,548,327,358,171,19,1100,39690
2024-09-20,Google Ads,Video_Awareness_Amplo,417,250,282,114,21,834,30050
2024-09-20,Meta Ads,Performance_Search,525,311,325,171,29,1060,38320
2024-09-20,Meta Ads,Performance_Shopping,541,323,354,162,25,1086,39160
2024-09-20,Meta Ads,Remarketing_Display,156,65,107,46,3,383,14950
2024-09-20,Meta Ads,Lead_Generation,655,390,422,191,42,1317,47550
2024-09-20,Meta Ads,Display_Generico,778,463,499,246,33,1565,56510
2024-09-20,Meta Ads,Video_Awareness_Amplo,810,481,510,252,48,1632,58970
2024-09-20,TikTok Ads,Performance_Search,930,556,609,271,50,1865,67220
2024-09-20,TikTok Ads,Performance_Shopping,998,597,654,293,51,2000,72090
2024-09-20,TikTok Ads,Remarketing_Display,418,174,282,114,22,1028,40080
2024-09-20,TikTok Ads,Lead_Generation,776,463,500,234,42,1558,56210
2024-09-20,TikTok Ads,Display_Generico,1330,798,889,380,61,2660,95760
2024-09-20,TikTok Ads,Video_Awareness_Amplo,1369,818,891,398,80,2746,99010
2024-09-21,Google Ads,Performance_Search,176,104,112,54,10,356,12880
2024-09-21,Google Ads,Performance_Shopping,142,86,102,33,7,282,10120
2024-09-21,Google Ads,Remarketing_Display,99,41,65,31,3,244,9520
2024-09-21,Google Ads,Lead_Generation,185,111,124,54,7,370,13320
2024-09-21,Google Ads,Display_Generico,326,194,212,98,16,656,23680
2024-09-21,Google Ads,Video_Awareness_Amplo,404,244,281,101,22,804,28880
2024-09-21,Meta Ads,Performance_Search,191,114,126,60,5,383,13830
2024-09-21,Meta Ads,Performance_Shopping,376,223,235,117,24,758,27410
2024-09-21,Meta Ads,Remarketing_Display,147,61,99,45,3,362,14120
2024-09-21,Meta Ads,Lead_Generation,438,260,274,138,26,883,31900
2024-09-21,Meta Ads,Display_Generico,436,260,284,136,16,876,31600
2024-09-21,Meta Ads,Video_Awareness_Amplo,527,314,340,163,24,1059,38230
2024-09-21,TikTok Ads,Performance_Search,312,186,206,88,18,627,22620
2024-09-21,TikTok Ads,Performance_Shopping,492,296,334,134,24,982,35320
2024-09-21,TikTok Ads,Remarketing_Display,232,96,149,69,14,572,22320
2024-09-21,TikTok Ads,Lead_Generation,348,210,244,92,12,693,24900
2024-09-21,TikTok Ads,Display_Generico,676,401,426,209,41,1363,49270
2024-09-21,TikTok Ads,Video_Awareness_Amplo,550,325,336,178,36,1112,40250
2024-09-22,Google Ads,Performance_Search,292,174,192,92,8,587,21180
2024-09-22,Google Ads,Performance_Shopping,313,186,201,93,19,630,22770
2024-09-22,Google Ads,Remarketing_Display,102,42,67,29,6,252,9840
2024-09-22,Google Ads,Lead_Generation,328,196,219,89,20,658,23720
2024-09-22,Google Ads,Display_Generico,354,210,225,107,22,714,25800
2024-09-22,Google Ads,Video_Awareness_Amplo,265,157,164,88,13,535,19340
2024-09-22,Meta Ads,Performance_Search,333,198,211,102,20,670,24210
2024-09-22,Meta Ads,Performance_Shopping,299,178,190,90,19,601,21710
2024-09-22,Meta Ads,Remarketing_Display,163,68,114,38,11,400,15610
2024-09-22,Meta Ads,Lead_Generation,428,256,285,123,20,858,30920
2024-09-22,Meta Ads,Display_Generico,360,214,232,109,19,725,26180
2024-09-22,Meta Ads,Video_Awareness_Amplo,384,228,246,122,16,774,27960
2024-09-22,TikTok Ads,Performance_Search,322,194,224,89,9,642,23080
2024-09-22,TikTok Ads,Performance_Shopping,600,360,401,163,36,1200,43200
2024-09-22,TikTok Ads,Remarketing_Display,169,69,108,55,6,419,16380
2024-09-22,TikTok Ads,Lead_Generation,250,151,176,62,12,497,17870
2024-09-22,TikTok Ads,Display_Generico,953,572,641,271,41,1905,68590
2024-09-22,TikTok Ads,Video_Awareness_Amplo,559,335,373,164,22,1119,40300
2024-09-23,Google Ads,Performance_Search,339,202,217,95,27,681,24590
2024-09-23,Google Ads,Performance_Shopping,208,125,143,61,4,415,14950
2024-09-23,Google Ads,Remarketing_Display,180,75,123,51,6,442,17250
2024-09-23,Google Ads,Lead_Generation,290,174,197,77,16,580,20880
2024-09-23,Google Ads,Display_Generico,720,430,473,218,29,1445,52100
2024-09-23,Google Ads,Video_Awareness_Amplo,408,245,277,117,14,815,29350
2024-09-23,Meta Ads,Performance_Search,431,259,295,118,18,861,30980
2024-09-23,Meta Ads,Performance_Shopping,423,252,276,124,23,850,30690
2024-09-23,Meta Ads,Remarketing_Display,171,70,104,61,6,423,16550
2024-09-23,Meta Ads,Lead_Generation,600,356,375,197,28,1210,43720
2024-09-23,Meta Ads,Display_Generico,547,330,377,145,25,1089,39150
2024-09-23,Meta Ads,Video_Awareness_Amplo,764,459,515,214,35,1526,54930
2024-09-23,TikTok Ads,Performance_Search,825,491,526,255,44,1660,59920
2024-09-23,TikTok Ads,Performance_Shopping,457,273,303,126,28,917,33060
2024-09-23,TikTok Ads,Remarketing_Display,309,127,195,101,13,764,29840
2024-09-23,TikTok Ads,Lead_Generation,859,515,574,251,34,1719,61900
2024-09-23,TikTok Ads,Display_Generico,1400,836,907,414,79,2810,101320
2024-09-23,TikTok Ads,Video_Awareness_Amplo,1443,859,923,447,73,2903,104780
2024-09-24,Google Ads,Performance_Search,298,177,191,89,18,600,21690
2024-09-24,Google Ads,Performance_Shopping,264,157,171,81,12,531,19190
2024-09-24,Google Ads,Remarketing_Display,203,84,131,63,9,500,19530
2024-09-24,Google Ads,Lead_Generation,421,250,269,133,19,848,30650
2024-09-24,Google Ads,Display_Generico,718,431,480,202,36,1435,51670
2024-09-24,Google Ads,Video_Awareness_Amplo,417,252,291,113,13,829,29790
2024-09-24,Meta Ads,Performance_Search,451,269,292,141,18,906,32680
2024-09-24,Meta Ads,Performance_Shopping,279,165,176,84,19,564,20400
2024-09-24,Meta Ads,Remarketing_Display,165,68,108,51,6,407,15910
2024-09-24,Meta Ads,Lead_Generation,660,393,426,203,31,1327,47910
2024-09-24,Meta Ads,Display_Generico,656,390,415,199,42,1321,47700
2024-09-24,Meta Ads,Video_Awareness_Amplo,661,395,434,196,31,1326,47800
2024-09-24,TikTok Ads,Performance_Search,441,263,285,127,29,886,31960
2024-09-24,TikTok Ads,Performance_Shopping,864,511,530,287,47,1746,63170
2024-09-24,TikTok Ads,Remarketing_Display,319,132,206,97,16,786,30690
2024-09-24,TikTok Ads,Lead_Generation,764,457,505,221,38,1531,55190
2024-09-24,TikTok Ads,Display_Generico,1624,967,1034,516,74,3266,117890
2024-09-24,TikTok Ads,Video_Awareness_Amplo,1234,738,807,378,49,2474,89160
2024-09-25,Google Ads,Performance_Search,478,287,320,136,22,955,34390
2024-09-25,Google Ads,Performance_Shopping,283,171,202,73,8,563,20220
2024-09-25,Google Ads,Remarketing_Display,194,81,135,49,10,476,18570
2024-09-25,Google Ads,Lead_Generation,457,272,293,140,24,919,33190
2024-09-25,Google Ads,Display_Generico,602,360,398,172,32,1207,43500
2024-09-25,Google Ads,Video_Awareness_Amplo,596,358,400,172,24,1191,42860
2024-09-25,Meta Ads,Performance_Search,608,362,391,191,26,1223,44140
2024-09-25,Meta Ads,Performance_Shopping,539,322,356,150,33,1081,38990
2024-09-25,Meta Ads,Remarketing_Display,154,63,92,54,8,381,14910
2024-09-25,Meta Ads,Lead_Generation,616,367,398,186,32,1238,44690
2024-09-25,Meta Ads,Display_Generico,642,384,424,180,38,1287,46380
2024-09-25,Meta Ads,Video_Awareness_Amplo,633,378,411,200,22,1270,45810
2024-09-25,TikTok Ads,Performance_Search,676,402,429,212,35,1361,49140
2024-09-25,TikTok Ads,Performance_Shopping,570,341,378,149,43,1142,41170
2024-09-25,TikTok Ads,Remarketing_Display,329,135,204,109,16,814,31800
2024-09-25,TikTok Ads,Lead_Generation,1041,623,689,313,39,2086,75160
2024-09-25,TikTok Ads,Display_Generico,1245,742,802,391,52,2502,90290
2024-09-25,TikTok Ads,Video_Awareness_Amplo,932,558,615,267,50,1867,67260
2024-09-26,Google Ads,Performance_Search,315,187,200,99,16,635,22940
2024-09-26,Google Ads,Performance_Shopping,361,216,241,102,18,723,26070
2024-09-26,Google Ads,Remarketing_Display,164,66,93,58,13,409,16020
2024-09-26,Google Ads,Lead_Generation,242,146,167,68,7,482,17320
2024-09-26,Google Ads,Display_Generico,479,286,314,136,29,961,34670
2024-09-26,Google Ads,Video_Awareness_Amplo,590,352,386,162,42,1185,42740
2024-09-26,Meta Ads,Performance_Search,403,240,259,121,23,810,29250
2024-09-26,Meta Ads,Performance_Shopping,463,274,285,156,22,935,33830
2024-09-26,Meta Ads,Remarketing_Display,196,82,139,48,9,481,18740
2024-09-26,Meta Ads,Lead_Generation,509,308,358,129,22,1011,36310
2024-09-26,Meta Ads,Display_Generico,889,532,587,256,46,1781,64190
2024-09-26,Meta Ads,Video_Awareness_Amplo,649,388,428,187,34,1301,46910
2024-09-26,TikTok Ads,Performance_Search,1058,632,691,312,55,2123,76540
2024-09-26,TikTok Ads,Performance_Shopping,558,334,369,159,30,1118,40280
2024-09-26,TikTok Ads,Remarketing_Display,327,136,216,97,14,804,31370
2024-09-26,TikTok Ads,Lead_Generation,1012,605,666,286,60,2029,73150
2024-09-26,TikTok Ads,Display_Generico,1219,728,796,370,53,2446,88210
2024-09-26,TikTok Ads,Video_Awareness_Amplo,1196,711,759,374,63,2408,86970
2024-09-27,Google Ads,Performance_Search,215,128,138,70,7,432,15610
2024-09-27,Google Ads,Performance_Shopping,385,229,249,111,25,775,27980
2024-09-27,Google Ads,Remarketing_Display,118,49,80,33,5,290,11330
2024-09-27,Google Ads,Lead_Generation,279,167,187,78,14,559,20140
2024-09-27,Google Ads,Display_Generico,427,254,270,140,17,859,31030
2024-09-27,Google Ads,Video_Awareness_Amplo,727,432,459,236,32,1464,52890
2024-09-27,Meta Ads,Performance_Search,355,211,227,113,15,715,25820
2024-09-27,Meta Ads,Performance_Shopping,582,348,380,177,25,1167,42060
2024-09-27,Meta Ads,Remarketing_Display,141,59,97,36,8,346,13480
2024-09-27,Meta Ads,Lead_Generation,398,236,251,129,18,803,29020
2024-09-27,Meta Ads,Display_Generico,920,549,598,280,42,1847,66630
2024-09-27,Meta Ads,Video_Awareness_Amplo,698,416,448,219,31,1403,50620
2024-09-27,TikTok Ads,Performance_Search,799,480,540,210,49,1596,57450
2024-09-27,TikTok Ads,Performance_Shopping,627,374,405,194,28,1259,45430
2024-09-27,TikTok Ads,Remarketing_Display,278,117,197,64,17,680,26490
2024-09-27,TikTok Ads,Lead_Generation,504,301,329,156,19,1011,36470
2024-09-27,TikTok Ads,Display_Generico,814,486,529,243,42,1634,58920
2024-09-27,TikTok Ads,Video_Awareness_Amplo,1130,676,746,329,55,2265,81620
2024-09-28,Google Ads,Performance_Search,197,118,134,57,6,394,14210
2024-09-28,Google Ads,Performance_Shopping,213,126,134,71,8,430,15570
2024-09-28,Google Ads,Remarketing_Display,114,47,76,34,4,281,10990
2024-09-28,Google Ads,Lead_Generation,305,184,212,82,11,607,21830
2024-09-28,Google Ads,Display_Generico,348,207,225,109,14,700,25290
2024-09-28,Google Ads,Video_Awareness_Amplo,366,214,213,132,21,746,27080
2024-09-28,Meta Ads,Performance_Search,250,148,159,81,10,505,18260
2024-09-28,Meta Ads,Performance_Shopping,409,243,259,127,23,824,29760
2024-09-28,Meta Ads,Remarketing_Display,145,59,91,44,10,360,14080
2024-09-28,Meta Ads,Lead_Generation,203,122,141,58,4,405,14590
2024-09-28,Meta Ads,Display_Generico,533,316,336,157,40,1075,38870
2024-09-28,Meta Ads,Video_Awareness_Amplo,350,208,223,107,20,705,25460
2024-09-28,TikTok Ads,Performance_Search,321,193,221,88,12,641,23060
2024-09-28,TikTok Ads,Performance_Shopping,376,223,235,121,20,758,27410
2024-09-28,TikTok Ads,Remarketing_Display,243,99,147,83,13,603,23580
2024-09-28,TikTok Ads,Lead_Generation,388,230,242,131,15,783,28300
2024-09-28,TikTok Ads,Display_Generico,546,327,364,161,21,1093,39390
2024-09-28,TikTok Ads,Video_Awareness_Amplo,767,457,494,231,42,1542,55640
2024-09-29,Google Ads,Performance_Search,158,95,112,42,4,315,11350
2024-09-29,Google Ads,Performance_Shopping,172,102,112,56,4,347,12540
2024-09-29,Google Ads,Remarketing_Display,102,42,71,24,7,252,9840
2024-09-29,Google Ads,Lead_Generation,258,154,168,79,11,518,18680
2024-09-29,Google Ads,Display_Generico,276,163,171,91,14,558,20210
2024-09-29,Google Ads,Video_Awareness_Amplo,250,151,176,61,13,497,17870
2024-09-29,Meta Ads,Performance_Search,194,116,131,53,10,389,14020
2024-09-29,Meta Ads,Performance_Shopping,314,187,204,91,19,631,22790
2024-09-29,Meta Ads,Remarketing_Display,98,39,52,38,8,245,9630
2024-09-29,Meta Ads,Lead_Generation,267,159,174,78,15,537,19380
2024-09-29,Meta Ads,Display_Generico,521,311,343,155,23,1046,37720
2024-09-29,Meta Ads,Video_Awareness_Amplo,568,340,374,167,27,1138,41000
2024-09-29,TikTok Ads,Performance_Search,639,379,398,204,37,1289,46580
2024-09-29,TikTok Ads,Performance_Shopping,415,246,259,136,20,837,30270
2024-09-29,TikTok Ads,Remarketing_Display,200,82,126,67,7,495,19340
2024-09-29,TikTok Ads,Lead_Generation,288,171,186,83,19,580,20970
2024-09-29,TikTok Ads,Display_Generico,942,558,583,305,54,1902,68760
2024-09-29,TikTok Ads,Video_Awareness_Amplo,786,465,485,268,33,1588,57450
2024-09-30,Google Ads,Performance_Search,453,269,288,140,25,913,32980
2024-09-30,Google Ads,Performance_Shopping,226,135,148,67,11,453,16350
2024-09-30,Google Ads,Remarketing_Display,184,76,122,52,10,454,17720
2024-09-30,Google Ads,Lead_Generation,436,259,279,135,22,878,31730
2024-09-30,Google Ads,Display_Generico,678,404,439,211,28,1363,49180
2024-09-30,Google Ads,Video_Awareness_Amplo,642,385,430,176,36,1284,46250
2024-09-30,Meta Ads,Performance_Search,593,355,393,180,20,1188,42800
2024-09-30,Meta Ads,Performance_Shopping,467,281,319,125,23,932,33520
2024-09-30,Meta Ads,Remarketing_Display,191,78,121,59,11,473,18510
2024-09-30,Meta Ads,Lead_Generation,281,167,183,88,10,566,20440
2024-09-30,Meta Ads,Display_Generico,656,389,413,206,37,1323,47830
2024-09-30,Meta Ads,Video_Awareness_Amplo,761,451,473,257,31,1536,55520
2024-09-30,TikTok Ads,Performance_Search,1005,598,637,309,59,2022,73010
2024-09-30,TikTok Ads,Performance_Shopping,957,577,659,254,44,1907,68540
2024-09-30,TikTok Ads,Remarketing_Display,313,130,209,90,14,770,30050
2024-09-30,TikTok Ads,Lead_Generation,634,376,395,211,28,1279,46220
2024-09-30,TikTok Ads,Display_Generico,1129,676,747,330,52,2261,81470
2024-09-30,TikTok Ads,Video_Awareness_Amplo,1156,687,733,367,56,2328,84090
2024-10-01,Google Ads,Performance_Search,276,165,184,82,10,553,19950
2024-10-01,Google Ads,Performance_Shopping,234,138,140,71,23,474,17160
2024-10-01,Google Ads,Remarketing_Display,179,73,106,67,6,444,17360
2024-10-01,Google Ads,Lead_Generation,227,135,144,75,8,457,16500
2024-10-01,Google Ads,Display_Generico,458,277,325,113,20,910,32690
2024-10-01,Google Ads,Video_Awareness_Amplo,421,252,283,114,24,843,30390
2024-10-01,Meta Ads,Performance_Search,596,356,389,172,35,1196,43120
2024-10-01,Meta Ads,Performance_Shopping,539,321,348,161,30,1084,39120
2024-10-01,Meta Ads,Remarketing_Display,249,102,153,82,14,616,24090
2024-10-01,Meta Ads,Lead_Generation,705,421,459,211,35,1415,51020
2024-10-01,Meta Ads,Display_Generico,914,548,611,267,36,1829,65860
2024-10-01,Meta Ads,Video_Awareness_Amplo,726,431,455,237,34,1463,52870
2024-10-01,TikTok Ads,Performance_Search,1058,635,708,307,43,2115,76150
2024-10-01,TikTok Ads,Performance_Shopping,795,473,505,234,56,1600,57760
2024-10-01,TikTok Ads,Remarketing_Display,254,105,166,71,17,626,24450
2024-10-01,TikTok Ads,Lead_Generation,931,560,632,256,43,1858,66850
2024-10-01,TikTok Ads,Display_Generico,1057,632,693,318,46,2119,76390
2024-10-01,TikTok Ads,Video_Awareness_Amplo,1144,683,740,341,63,2296,82810
2024-10-02,Google Ads,Performance_Search,417,247,257,133,27,842,30440
2024-10-02,Google Ads,Performance_Shopping,225,133,139,71,15,455,16460
2024-10-02,Google Ads,Remarketing_Display,171,70,110,55,6,423,16550
2024-10-02,Google Ads,Lead_Generation,285,169,180,90,15,575,20780
2024-10-02,Google Ads,Display_Generico,526,315,353,148,25,1053,37950
2024-10-02,Google Ads,Video_Awareness_Amplo,583,347,370,183,30,1173,42340
2024-10-02,Meta Ads,Performance_Search,319,192,220,86,13,636,22890
2024-10-02,Meta Ads,Performance_Shopping,413,245,258,124,31,833,30100
2024-10-02,Meta Ads,Remarketing_Display,187,77,125,52,10,462,18040
2024-10-02,Meta Ads,Lead_Generation,598,359,401,157,40,1195,43030
2024-10-02,Meta Ads,Display_Generico,1083,642,672,355,56,2185,78990
2024-10-02,Meta Ads,Video_Awareness_Amplo,865,518,572,250,43,1732,62410
2024-10-02,TikTok Ads,Performance_Search,975,581,625,302,48,1960,70720
2024-10-02,TikTok Ads,Performance_Shopping,1001,597,648,305,48,2011,72540
2024-10-02,TikTok Ads,Remarketing_Display,223,92,144,70,9,550,21490
2024-10-02,TikTok Ads,Lead_Generation,540,321,342,170,28,1087,39270
2024-10-02,TikTok Ads,Display_Generico,1071,637,678,339,54,2156,77840
2024-10-02,TikTok Ads,Video_Awareness_Amplo,1458,868,933,456,69,2933,105860
2024-10-03,Google Ads,Performance_Search,482,287,309,148,25,969,34990
2024-10-03,Google Ads,Performance_Shopping,340,203,226,98,16,682,24610
2024-10-03,Google Ads,Remarketing_Display,146,60,96,37,13,361,14100
2024-10-03,Google Ads,Lead_Generation,376,224,242,118,16,756,27280
2024-10-03,Google Ads,Display_Generico,420,251,275,125,20,842,30370
2024-10-03,Google Ads,Video_Awareness_Amplo,537,320,349,154,34,1079,38950
2024-10-03,Meta Ads,Performance_Search,414,247,272,123,19,831,29990
2024-10-03,Meta Ads,Performance_Shopping,672,403,452,184,36,1344,48410
2024-10-03,Meta Ads,Remarketing_Display,246,102,161,73,12,606,23640
2024-10-03,Meta Ads,Lead_Generation,582,349,389,167,26,1164,41930
2024-10-03,Meta Ads,Display_Generico,1053,629,688,326,39,2113,76180
2024-10-03,Meta Ads,Video_Awareness_Amplo,1057,633,699,310,48,2117,76260
2024-10-03,TikTok Ads,Performance_Search,716,433,501,186,29,1423,51110
2024-10-03,TikTok Ads,Performance_Shopping,731,432,447,247,37,1478,53490
2024-10-03,TikTok Ads,Remarketing_Display,244,101,163,72,9,601,23470
2024-10-03,TikTok Ads,Lead_Generation,621,373,420,170,31,1241,44660
2024-10-03,TikTok Ads,Display_Generico,1129,675,740,334,55,2264,81600
2024-10-03,TikTok Ads,Video_Awareness_Amplo,1051,630,700,306,45,2103,75750
2024-10-04,Google Ads,Performance_Search,446,266,289,138,19,896,32320
2024-10-04,Google Ads,Performance_Shopping,314,188,213,90,11,629,22660
2024-10-04,Google Ads,Remarketing_Display,183,76,121,45,17,450,17570
2024-10-04,Google Ads,Lead_Generation,331,197,216,103,12,666,24040
2024-10-04,Google Ads,Display_Generico,542,322,341,178,23,1092,39440
2024-10-04,Google Ads,Video_Awareness_Amplo,581,348,387,168,26,1163,41910
2024-10-04,Meta Ads,Performance_Search,484,289,315,136,33,971,35030
2024-10-04,Meta Ads,Performance_Shopping,494,296,327,147,20,989,35620
2024-10-04,Meta Ads,Remarketing_Display,165,69,114,41,10,405,15780
2024-10-04,Meta Ads,Lead_Generation,550,329,365,147,38,1102,39730
2024-10-04,Meta Ads,Display_Generico,756,449,476,237,43,1523,55030
2024-10-04,Meta Ads,Video_Awareness_Amplo,730,433,454,243,33,1472,53210
2024-10-04,TikTok Ads,Performance_Search,624,373,412,176,36,1251,45110
2024-10-04,TikTok Ads,Performance_Shopping,987,589,643,292,52,1982,71480
2024-10-04,TikTok Ads,Remarketing_Display,398,166,270,105,23,978,38120
2024-10-04,TikTok Ads,Lead_Generation,824,486,497,269,58,1669,60420
2024-10-04,TikTok Ads,Display_Generico,1317,786,851,390,76,2644,95370
2024-10-04,TikTok Ads,Video_Awareness_Amplo,1312,785,865,376,71,2629,94750
2024-10-05,Google Ads,Performance_Search,217,128,135,70,12,439,15910
2024-10-05,Google Ads,Performance_Shopping,161,95,102,51,8,326,11800
2024-10-05,Google Ads,Remarketing_Display,80,32,48,26,6,200,7840
2024-10-05,Google Ads,Lead_Generation,129,76,82,40,7,261,9470
2024-10-05,Google Ads,Display_Generico,348,207,220,107,21,700,25290
2024-10-05,Google Ads,Video_Awareness_Amplo,467,275,279,159,29,947,34300
2024-10-05,Meta Ads,Performance_Search,214,128,143,63,8,429,15460
2024-10-05,Meta Ads,Performance_Shopping,296,175,183,99,14,598,21650
2024-10-05,Meta Ads,Remarketing_Display,150,63,110,34,6,367,14310
2024-10-05,Meta Ads,Lead_Generation,240,141,145,76,19,487,17670
2024-10-05,Meta Ads,Display_Generico,626,375,416,172,38,1253,45150
2024-10-05,Meta Ads,Video_Awareness_Amplo,497,296,317,148,32,999,36070
2024-10-05,TikTok Ads,Performance_Search,448,267,287,141,20,900,32490
2024-10-05,TikTok Ads,Performance_Shopping,667,396,423,211,33,1344,48570
2024-10-05,TikTok Ads,Remarketing_Display,196,81,124,63,9,483,18870
2024-10-05,TikTok Ads,Lead_Generation,330,197,216,92,22,662,23890
2024-10-05,TikTok Ads,Display_Generico,861,512,544,278,39,1733,62590
2024-10-05,TikTok Ads,Video_Awareness_Amplo,889,529,569,276,44,1789,64580
2024-10-06,Google Ads,Performance_Search,246,145,150,79,17,498,18050
2024-10-06,Google Ads,Performance_Shopping,137,82,91,39,7,274,9890
2024-10-06,Google Ads,Remarketing_Display,129,54,90,34,5,316,12330
2024-10-06,Google Ads,Lead_Generation,288,173,196,77,15,575,20710
2024-10-06,Google Ads,Display_Generico,480,288,325,137,18,960,34560
2024-10-06,Google Ads,Video_Awareness_Amplo,483,289,319,140,24,968,34880
2024-10-06,Meta Ads,Performance_Search,496,297,328,145,23,993,35790
2024-10-06,Meta Ads,Performance_Shopping,248,150,176,66,6,493,17700
2024-10-06,Meta Ads,Remarketing_Display,136,56,87,40,9,336,13120
2024-10-06,Meta Ads,Lead_Generation,234,141,161,65,8,466,16770
2024-10-06,Meta Ads,Display_Generico,449,266,277,151,21,906,32770
2024-10-06,Meta Ads,Video_Awareness_Amplo,665,394,414,212,39,1342,48530
2024-10-06,TikTok Ads,Performance_Search,515,307,330,166,19,1035,37340
2024-10-06,TikTok Ads,Performance_Shopping,263,158,177,71,15,525,18910
2024-10-06,TikTok Ads,Remarketing_Display,195,81,130,55,10,480,18720
2024-10-06,TikTok Ads,Lead_Generation,334,201,227,91,16,666,23970
2024-10-06,TikTok Ads,Display_Generico,838,500,540,251,47,1683,60700
2024-10-06,TikTok Ads,Video_Awareness_Amplo,679,401,415,234,30,1374,49720
2024-10-07,Google Ads,Performance_Search,272,163,184,75,13,544,19610
2024-10-07,Google Ads,Performance_Shopping,424,252,268,126,30,854,30840
2024-10-07,Google Ads,Remarketing_Display,168,69,110,46,12,415,16230
2024-10-07,Google Ads,Lead_Generation,344,203,211,117,16,696,25210
2024-10-07,Google Ads,Display_Generico,571,339,361,181,29,1151,41580
2024-10-07,Google Ads,Video_Awareness_Amplo,743,444,485,219,39,1490,53730
2024-10-07,Meta Ads,Performance_Search,534,316,330,165,39,1079,39020
2024-10-07,Meta Ads,Performance_Shopping,524,316,361,141,22,1044,37520
2024-10-07,Meta Ads,Remarketing_Display,170,70,106,57,7,420,16400
2024-10-07,Meta Ads,Lead_Generation,269,159,166,87,16,544,19680
2024-10-07,Meta Ads,Display_Generico,827,493,536,252,39,1662,59960
2024-10-07,Meta Ads,Video_Awareness_Amplo,596,358,405,166,25,1191,42860
2024-10-07,TikTok Ads,Performance_Search,660,393,424,208,28,1327,47910
2024-10-07,TikTok Ads,Performance_Shopping,969,582,653,276,40,1936,69690
2024-10-07,TikTok Ads,Remarketing_Display,372,153,237,117,18,919,35910
2024-10-07,TikTok Ads,Lead_Generation,652,387,410,216,26,1314,47490
2024-10-07,TikTok Ads,Display_Generico,1333,795,861,396,76,2678,96600
2024-10-07,TikTok Ads,Video_Awareness_Amplo,1811,1078,1151,559,101,3643,131510
2024-10-08,Google Ads,Performance_Search,278,168,197,67,14,553,19860
2024-10-08,Google Ads,Performance_Shopping,417,248,264,138,15,839,30310
2024-10-08,Google Ads,Remarketing_Display,180,74,112,53,15,445,17380
2024-10-08,Google Ads,Lead_Generation,429,255,276,128,25,864,31200
2024-10-08,Google Ads,Display_Generico,756,448,467,256,33,1526,55160
2024-10-08,Google Ads,Video_Awareness_Amplo,403,238,249,136,18,815,29510
2024-10-08,Meta Ads,Performance_Search,651,384,395,229,27,1318,47730
2024-10-08,Meta Ads,Performance_Shopping,370,220,239,112,19,745,26900
2024-10-08,Meta Ads,Remarketing_Display,252,104,161,77,14,622,24280
2024-10-08,Meta Ads,Lead_Generation,560,335,369,155,36,1122,40450
2024-10-08,Meta Ads,Display_Generico,631,376,405,200,26,1268,45770
2024-10-08,Meta Ads,Video_Awareness_Amplo,665,398,441,193,31,1332,48010
2024-10-08,TikTok Ads,Performance_Search,1076,644,709,317,50,2156,77680
2024-10-08,TikTok Ads,Performance_Shopping,1084,648,711,308,65,2174,78360
2024-10-08,TikTok Ads,Remarketing_Display,228,94,150,62,16,563,21980
2024-10-08,TikTok Ads,Lead_Generation,575,341,361,183,31,1160,41920
2024-10-08,TikTok Ads,Display_Generico,1618,964,1036,505,77,3253,117380
2024-10-08,TikTok Ads,Video_Awareness_Amplo,1171,699,759,358,54,2351,84780
2024-10-09,Google Ads,Performance_Search,333,199,222,91,20,668,24080
2024-10-09,Google Ads,Performance_Shopping,387,231,255,111,21,777,28020
2024-10-09,Google Ads,Remarketing_Display,195,80,127,60,8,482,18850
2024-10-09,Google Ads,Lead_Generation,246,147,164,66,16,493,17790
2024-10-09,Google Ads,Display_Generico,739,441,481,222,36,1484,53520
2024-10-09,Google Ads,Video_Awareness_Amplo,566,337,365,179,22,1138,41090
2024-10-09,Meta Ads,Performance_Search,471,282,315,129,27,943,33990
2024-10-09,Meta Ads,Performance_Shopping,414,247,270,123,21,831,29990
2024-10-09,Meta Ads,Remarketing_Display,201,82,126,62,13,498,19490
2024-10-09,Meta Ads,Lead_Generation,275,165,188,75,12,550,19800
2024-10-09,Meta Ads,Display_Generico,1051,625,667,328,56,2116,76400
2024-10-09,Meta Ads,Video_Awareness_Amplo,1081,647,713,324,44,2166,78040
2024-10-09,TikTok Ads,Performance_Search,594,354,381,182,31,1194,43080
2024-10-09,TikTok Ads,Performance_Shopping,698,415,440,224,34,1405,50750
2024-10-09,TikTok Ads,Remarketing_Display,356,148,242,98,16,876,34160
2024-10-09,TikTok Ads,Lead_Generation,1118,668,728,322,68,2243,80860
2024-10-09,TikTok Ads,Display_Generico,1279,761,811,408,60,2574,92920
2024-10-09,TikTok Ads,Video_Awareness_Amplo,1429,854,934,426,69,2866,103330
2024-10-10,Google Ads,Performance_Search,439,260,270,149,20,886,32050
2024-10-10,Google Ads,Performance_Shopping,262,156,172,79,11,527,19020
2024-10-10,Google Ads,Remarketing_Display,181,75,121,53,7,446,17400
2024-10-10,Google Ads,Lead_Generation,438,261,286,133,19,880,31770
2024-10-10,Google Ads,Display_Generico,428,252,257,141,30,868,31440
2024-10-10,Google Ads,Video_Awareness_Amplo,663,393,413,216,34,1338,48360
2024-10-10,Meta Ads,Performance_Search,578,347,393,157,28,1155,41590
2024-10-10,Meta Ads,Performance_Shopping,405,244,278,108,19,807,29030
2024-10-10,Meta Ads,Remarketing_Display,194,79,119,65,10,481,18830
2024-10-10,Meta Ads,Lead_Generation,608,361,386,190,32,1225,44270
2024-10-10,Meta Ads,Display_Generico,928,555,613,261,54,1860,67050
2024-10-10,Meta Ads,Video_Awareness_Amplo,666,397,433,201,32,1338,48290
2024-10-10,TikTok Ads,Performance_Search,631,377,413,186,32,1266,45640
2024-10-10,TikTok Ads,Performance_Shopping,450,268,291,136,23,905,32660
2024-10-10,TikTok Ads,Remarketing_Display,395,164,267,111,17,972,37930
2024-10-10,TikTok Ads,Lead_Generation,635,375,388,215,32,1285,46500
2024-10-10,TikTok Ads,Display_Generico,1141,678,719,374,48,2298,83010
2024-10-10,TikTok Ads,Video_Awareness_Amplo,1353,806,867,412,74,2720,98170
2024-10-11,Google Ads,Performance_Search,473,280,294,150,29,955,34550
2024-10-11,Google Ads,Performance_Shopping,290,175,204,72,14,577,20750
2024-10-11,Google Ads,Remarketing_Display,126,52,84,34,8,311,12140
2024-10-11,Google Ads,Lead_Generation,242,144,156,76,10,487,17580
2024-10-11,Google Ads,Display_Generico,806,480,517,248,41,1621,58500
2024-10-11,Google Ads,Video_Awareness_Amplo,435,260,286,128,21,872,31450
2024-10-11,Meta Ads,Performance_Search,394,234,252,111,31,794,28680
2024-10-11,Meta Ads,Performance_Shopping,653,394,450,176,27,1300,46730
2024-10-11,Meta Ads,Remarketing_Display,266,109,160,89,17,658,25730
2024-10-11,Meta Ads,Lead_Generation,388,232,257,110,21,778,28040
2024-10-11,Meta Ads,Display_Generico,612,366,406,175,31,1227,44220
2024-10-11,Meta Ads,Video_Awareness_Amplo,731,437,481,220,30,1466,52840
2024-10-11,TikTok Ads,Performance_Search,653,392,442,178,33,1305,46990
2024-10-11,TikTok Ads,Performance_Shopping,662,398,452,180,30,1322,47560
2024-10-11,TikTok Ads,Remarketing_Display,294,122,194,86,14,724,28240
2024-10-11,TikTok Ads,Lead_Generation,637,380,412,193,32,1279,46150
2024-10-11,TikTok Ads,Display_Generico,889,529,567,268,54,1789,64580
2024-10-11,TikTok Ads,Video_Awareness_Amplo,1631,973,1050,498,83,3276,118160
2024-10-12,Google Ads,Performance_Search,224,135,155,61,8,446,16050
2024-10-12,Google Ads,Performance_Shopping,246,145,152,80,14,498,18050
2024-10-12,Google Ads,Remarketing_Display,111,45,69,33,9,276,10800
2024-10-12,Google Ads,Lead_Generation,145,86,90,47,8,292,10570
2024-10-12,Google Ads,Display_Generico,375,226,260,104,11,747,26870
2024-10-12,Google Ads,Video_Awareness_Amplo,489,292,321,140,28,981,35390
2024-10-12,Meta Ads,Performance_Search,387,232,257,113,17,774,27890
2024-10-12,Meta Ads,Performance_Shopping,246,147,164,69,13,493,17790
2024-10-12,Meta Ads,Remarketing_Display,180,75,125,48,7,442,17250
2024-10-12,Meta Ads,Lead_Generation,214,128,142,63,9,429,15460
2024-10-12,Meta Ads,Display_Generico,551,328,350,180,21,1108,40010
2024-10-12,Meta Ads,Video_Awareness_Amplo,373,224,254,101,18,745,26830
2024-10-12,TikTok Ads,Performance_Search,506,304,345,138,23,1011,36380
2024-10-12,TikTok Ads,Performance_Shopping,537,319,343,165,29,1082,39080
2024-10-12,TikTok Ads,Remarketing_Display,191,78,116,67,8,473,18510
2024-10-12,TikTok Ads,Lead_Generation,409,247,286,109,14,814,29240
2024-10-12,TikTok Ads,Display_Generico,1117,667,727,331,59,2242,80840
2024-10-12,TikTok Ads,Video_Awareness_Amplo,676,401,422,210,44,1363,49270
2024-10-13,Google Ads,Performance_Search,323,194,222,91,10,645,23230
2024-10-13,Google Ads,Performance_Shopping,197,118,132,56,9,394,14210
2024-10-13,Google Ads,Remarketing_Display,135,55,79,51,5,335,13100
2024-10-13,Google Ads,Lead_Generation,262,154,154,86,22,532,19280
2024-10-13,Google Ads,Display_Generico,421,252,281,121,19,843,30390
2024-10-13,Google Ads,Video_Awareness_Amplo,404,239,253,125,26,816,29530
2024-10-13,Meta Ads,Performance_Search,429,256,279,128,22,861,31070
2024-10-13,Meta Ads,Performance_Shopping,217,130,146,64,7,434,15650
2024-10-13,Meta Ads,Remarketing_Display,150,62,99,48,3,370,14440
2024-10-13,Meta Ads,Lead_Generation,412,242,241,142,29,837,30340
2024-10-13,Meta Ads,Display_Generico,591,352,377,178,36,1188,42890
2024-10-13,Meta Ads,Video_Awareness_Amplo,419,248,258,129,32,846,30610
2024-10-13,TikTok Ads,Performance_Search,395,236,257,119,19,792,28570
2024-10-13,TikTok Ads,Performance_Shopping,511,306,340,144,27,1023,36870
2024-10-13,TikTok Ads,Remarketing_Display,159,64,93,59,7,396,15530
2024-10-13,TikTok Ads,Lead_Generation,669,400,439,194,36,1341,48350
2024-10-13,TikTok Ads,Display_Generico,739,437,455,236,48,1494,54040
2024-10-13,TikTok Ads,Video_Awareness_Amplo,898,539,600,256,42,1795,64630
2024-10-14,Google Ads,Performance_Search,259,154,168,75,16,521,18830
2024-10-14,Google Ads,Performance_Shopping,425,252,265,149,11,857,30990
2024-10-14,Google Ads,Remarketing_Display,138,57,90,43,5,340,13290
2024-10-14,Google Ads,Lead_Generation,406,243,268,119,19,813,29310
2024-10-14,Google Ads,Display_Generico,413,248,282,112,19,825,29710
2024-10-14,Google Ads,Video_Awareness_Amplo,740,441,476,226,38,1487,53670
2024-10-14,Meta Ads,Performance_Search,406,242,263,120,23,816,29440
2024-10-14,Meta Ads,Performance_Shopping,323,193,211,91,21,648,23360
2024-10-14,Meta Ads,Remarketing_Display,203,84,134,59,10,500,19530
2024-10-14,Meta Ads,Lead_Generation,658,391,419,207,32,1325,47870
2024-10-14,Meta Ads,Display_Generico,1090,652,716,316,58,2185,78740
2024-10-14,Meta Ads,Video_Awareness_Amplo,683,409,451,205,27,1368,49280
2024-10-14,TikTok Ads,Performance_Search,1042,621,670,317,55,2094,75570
2024-10-14,TikTok Ads,Performance_Shopping,996,595,653,281,62,1998,72050
2024-10-14,TikTok Ads,Remarketing_Display,365,150,230,115,20,902,35250
2024-10-14,TikTok Ads,Lead_Generation,806,484,540,234,32,1611,57980
2024-10-14,TikTok Ads,Display_Generico,1088,647,689,352,47,2190,79090
2024-10-14,TikTok Ads,Video_Awareness_Amplo,862,516,569,237,56,1727,62220
2024-10-15,Google Ads,Performance_Search,323,192,209,95,19,650,23490
2024-10-15,Google Ads,Performance_Shopping,245,148,173,62,10,487,17510
2024-10-15,Google Ads,Remarketing_Display,149,62,107,36,6,366,14290
2024-10-15,Google Ads,Lead_Generation,422,251,273,123,26,849,30670
2024-10-15,Google Ads,Display_Generico,490,293,326,143,21,982,35410
2024-10-15,Google Ads,Video_Awareness_Amplo,519,312,355,140,24,1036,37290
2024-10-15,Meta Ads,Performance_Search,310,183,192,102,16,627,22710
2024-10-15,Meta Ads,Performance_Shopping,663,394,417,208,38,1335,48230
2024-10-15,Meta Ads,Remarketing_Display,260,106,159,87,14,645,25220
2024-10-15,Meta Ads,Lead_Generation,365,218,240,109,16,732,26410
2024-10-15,Meta Ads,Display_Generico,758,453,499,227,32,1520,54810
2024-10-15,Meta Ads,Video_Awareness_Amplo,860,511,546,271,43,1732,62570
2024-10-15,TikTok Ads,Performance_Search,979,584,632,291,56,1966,70930
2024-10-15,TikTok Ads,Performance_Shopping,471,283,323,126,22,941,33860
2024-10-15,TikTok Ads,Remarketing_Display,341,142,231,95,15,838,32690
2024-10-15,TikTok Ads,Lead_Generation,578,343,365,189,24,1165,42110
2024-10-15,TikTok Ads,Display_Generico,1493,890,961,453,79,3000,108250
2024-10-15,TikTok Ads,Video_Awareness_Amplo,1217,725,782,382,53,2447,88300
2024-10-16,Google Ads,Performance_Search,346,204,210,117,19,701,25380
2024-10-16,Google Ads,Performance_Shopping,402,240,262,127,13,807,29100
2024-10-16,Google Ads,Remarketing_Display,143,60,102,33,8,350,13650
2024-10-16,Google Ads,Lead_Generation,506,300,319,159,28,1021,36900
2024-10-16,Google Ads,Display_Generico,472,282,308,133,31,947,34140
2024-10-16,Google Ads,Video_Awareness_Amplo,677,403,433,208,36,1362,49160
2024-10-16,Meta Ads,Performance_Search,401,239,259,124,18,806,29080
2024-10-16,Meta Ads,Performance_Shopping,399,238,257,125,17,801,28910
2024-10-16,Meta Ads,Remarketing_Display,180,74,110,57,13,445,17380
2024-10-16,Meta Ads,Lead_Generation,300,180,200,85,15,600,21600
2024-10-16,Meta Ads,Display_Generico,559,332,355,183,21,1126,40690
2024-10-16,Meta Ads,Video_Awareness_Amplo,1110,660,704,356,50,2235,80700
2024-10-16,TikTok Ads,Performance_Search,640,384,428,183,29,1280,46080
2024-10-16,TikTok Ads,Performance_Shopping,442,265,299,129,14,884,31850
2024-10-16,TikTok Ads,Remarketing_Display,250,104,168,75,7,615,23980
2024-10-16,TikTok Ads,Lead_Generation,880,527,581,242,57,1762,63490
2024-10-16,TikTok Ads,Display_Generico,1435,854,916,445,74,2887,104230
2024-10-16,TikTok Ads,Video_Awareness_Amplo,1566,937,1031,457,78,3138,113090
2024-10-17,Google Ads,Performance_Search,461,274,290,145,26,928,33530
2024-10-17,Google Ads,Performance_Shopping,236,141,156,64,16,473,17070
2024-10-17,Google Ads,Remarketing_Display,144,59,94,41,9,356,13930
2024-10-17,Google Ads,Lead_Generation,215,128,143,64,8,432,15610
2024-10-17,Google Ads,Display_Generico,557,333,368,162,27,1117,40260
2024-10-17,Google Ads,Video_Awareness_Amplo,666,397,429,210,27,1338,48290
2024-10-17,Meta Ads,Performance_Search,316,189,213,87,16,633,22830
2024-10-17,Meta Ads,Performance_Shopping,658,393,430,192,36,1320,47610
2024-10-17,Meta Ads,Remarketing_Display,242,100,159,71,12,597,23300
2024-10-17,Meta Ads,Lead_Generation,618,368,396,185,37,1243,44860
2024-10-17,Meta Ads,Display_Generico,692,408,418,235,39,1402,50760
2024-10-17,Meta Ads,Video_Awareness_Amplo,649,387,420,197,32,1304,47040
2024-10-17,TikTok Ads,Performance_Search,825,496,557,231,37,1647,59270
2024-10-17,TikTok Ads,Performance_Shopping,682,405,430,210,42,1374,49650
2024-10-17,TikTok Ads,Remarketing_Display,232,95,144,72,16,574,22450
2024-10-17,TikTok Ads,Lead_Generation,789,470,509,244,36,1586,57250
2024-10-17,TikTok Ads,Display_Generico,1106,658,706,342,58,2226,80360
2024-10-17,TikTok Ads,Video_Awareness_Amplo,1450,866,942,435,73,2910,104920
2024-10-18,Google Ads,Performance_Search,354,210,224,115,15,714,25800
2024-10-18,Google Ads,Performance_Shopping,531,315,334,170,27,1071,38700
2024-10-18,Google Ads,Remarketing_Display,105,43,70,31,4,260,10160
2024-10-18,Google Ads,Lead_Generation,274,163,174,85,15,551,19910
2024-10-18,Google Ads,Display_Generico,527,312,328,177,22,1064,38490
2024-10-18,Google Ads,Video_Awareness_Amplo,434,259,280,129,25,871,31430
2024-10-18,Meta Ads,Performance_Search,475,282,298,151,26,957,34590
2024-10-18,Meta Ads,Performance_Shopping,759,454,499,221,39,1521,54830
2024-10-18,Meta Ads,Remarketing_Display,217,90,142,61,14,534,20850
2024-10-18,Meta Ads,Lead_Generation,591,351,376,184,31,1191,43020
2024-10-18,Meta Ads,Display_Generico,798,481,549,203,46,1590,57170
2024-10-18,Meta Ads,Video_Awareness_Amplo,630,377,415,180,35,1262,45490
2024-10-18,TikTok Ads,Performance_Search,766,460,518,214,34,1531,55100
2024-10-18,TikTok Ads,Performance_Shopping,591,357,411,153,27,1176,42240
2024-10-18,TikTok Ads,Remarketing_Display,256,105,160,83,13,633,24750
2024-10-18,TikTok Ads,Lead_Generation,604,359,381,198,25,1216,43930
2024-10-18,TikTok Ads,Display_Generico,1507,902,993,439,75,3019,108790
2024-10-18,TikTok Ads,Video_Awareness_Amplo,1537,915,983,478,76,3092,111600
2024-10-19,Google Ads,Performance_Search,244,145,154,75,15,491,17750
2024-10-19,Google Ads,Performance_Shopping,346,206,222,108,16,696,25120
2024-10-19,Google Ads,Remarketing_Display,132,54,84,41,7,327,12780
2024-10-19,Google Ads,Lead_Generation,228,137,154,69,5,455,16390
2024-10-19,Google Ads,Display_Generico,369,221,248,99,22,739,26620
2024-10-19,Google Ads,Video_Awareness_Amplo,474,282,303,147,24,954,34440
2024-10-19,Meta Ads,Performance_Search,214,127,139,60,15,431,15590
2024-10-19,Meta Ads,Performance_Shopping,286,168,169,103,14,581,21060
2024-10-19,Meta Ads,Remarketing_Display,152,62,93,53,6,377,14740
2024-10-19,Meta Ads,Lead_Generation,396,239,275,108,13,788,28330
2024-10-19,Meta Ads,Display_Generico,413,245,259,127,27,833,30100
2024-10-19,Meta Ads,Video_Awareness_Amplo,592,353,384,176,32,1189,42910
2024-10-19,TikTok Ads,Performance_Search,592,353,385,177,30,1189,42910
2024-10-19,TikTok Ads,Performance_Shopping,652,390,428,186,38,1307,47100
2024-10-19,TikTok Ads,Remarketing_Display,245,102,163,73,9,602,23490
2024-10-19,TikTok Ads,Lead_Generation,666,397,430,200,36,1338,48290
2024-10-19,TikTok Ads,Display_Generico,791,473,517,232,42,1586,57160
2024-10-19,TikTok Ads,Video_Awareness_Amplo,629,375,408,186,35,1264,45600
2024-10-20,Google Ads,Performance_Search,298,178,195,87,16,598,21560
2024-10-20,Google Ads,Performance_Shopping,286,168,168,100,18,581,21060
2024-10-20,Google Ads,Remarketing_Display,130,54,89,31,10,320,12480
2024-10-20,Google Ads,Lead_Generation,286,169,174,90,22,578,20930
2024-10-20,Google Ads,Display_Generico,384,231,262,98,24,766,27570
2024-10-20,Google Ads,Video_Awareness_Amplo,350,213,254,74,22,692,24810
2024-10-20,Meta Ads,Performance_Search,309,184,197,93,19,621,22430
2024-10-20,Meta Ads,Performance_Shopping,207,124,140,61,6,414,14930
2024-10-20,Meta Ads,Remarketing_Display,181,76,132,44,5,443,17270
2024-10-20,Meta Ads,Lead_Generation,456,271,288,145,23,918,33170
2024-10-20,Meta Ads,Display_Generico,591,351,376,170,45,1191,43020
2024-10-20,Meta Ads,Video_Awareness_Amplo,499,297,320,152,27,1004,36240
2024-10-20,TikTok Ads,Performance_Search,635,378,407,203,25,1277,46110
2024-10-20,TikTok Ads,Performance_Shopping,341,204,229,99,13,683,24630
2024-10-20,TikTok Ads,Remarketing_Display,152,62,91,51,10,377,14740
2024-10-20,TikTok Ads,Lead_Generation,680,404,432,216,32,1370,49480
2024-10-20,TikTok Ads,Display_Generico,762,452,479,240,43,1537,55540
2024-10-20,TikTok Ads,Video_Awareness_Amplo,997,601,684,270,43,1987,71420
2024-10-21,Google Ads,Performance_Search,505,302,330,158,17,1012,36490
2024-10-21,Google Ads,Performance_Shopping,534,317,335,175,24,1076,38890
2024-10-21,Google Ads,Remarketing_Display,158,66,111,40,7,388,15120
2024-10-21,Google Ads,Lead_Generation,398,236,251,127,20,803,29020
2024-10-21,Google Ads,Display_Generico,391,231,239,129,23,791,28620
2024-10-21,Google Ads,Video_Awareness_Amplo,519,310,343,156,20,1041,37550
2024-10-21,Meta Ads,Performance_Search,489,293,327,142,20,979,35260
2024-10-21,Meta Ads,Performance_Shopping,582,351,400,163,19,1159,41670
2024-10-21,Meta Ads,Remarketing_Display,168,69,110,46,12,415,16230
2024-10-21,Meta Ads,Lead_Generation,352,210,228,101,23,707,25500
2024-10-21,Meta Ads,Display_Generico,678,403,428,210,40,1365,49310
2024-10-21,Meta Ads,Video_Awareness_Amplo,812,485,533,238,41,1629,58750
2024-10-21,TikTok Ads,Performance_Search,880,526,578,264,38,1765,63620
2024-10-21,TikTok Ads,Performance_Shopping,469,281,313,131,25,939,33820
2024-10-21,TikTok Ads,Remarketing_Display,340,139,208,115,17,842,32930
2024-10-21,TikTok Ads,Lead_Generation,1110,663,725,340,45,2227,80310
2024-10-21,TikTok Ads,Display_Generico,1247,742,796,386,65,2509,90590
2024-10-21,TikTok Ads,Video_Awareness_Amplo,1555,929,1015,470,70,3120,112480
2024-10-22,Google Ads,Performance_Search,468,281,318,128,22,935,33670
2024-10-22,Google Ads,Performance_Shopping,529,318,358,147,24,1056,38010
2024-10-22,Google Ads,Remarketing_Display,182,75,120,55,7,449,17550
2024-10-22,Google Ads,Lead_Generation,484,293,340,134,10,961,34510
2024-10-22,Google Ads,Display_Generico,711,422,446,217,48,1433,51790
2024-10-22,Google Ads,Video_Awareness_Amplo,717,428,466,218,33,1439,51910
2024-10-22,Meta Ads,Performance_Search,353,210,229,107,17,710,25650
2024-10-22,Meta Ads,Performance_Shopping,308,184,201,100,7,618,22280
2024-10-22,Meta Ads,Remarketing_Display,295,123,200,76,19,725,28260
2024-10-22,Meta Ads,Lead_Generation,669,399,432,211,26,1344,48480
2024-10-22,Meta Ads,Display_Generico,897,533,566,287,44,1807,65260
2024-10-22,Meta Ads,Video_Awareness_Amplo,1002,607,712,243,47,1989,71390
2024-10-22,TikTok Ads,Performance_Search,846,503,537,262,47,1703,61510
2024-10-22,TikTok Ads,Performance_Shopping,900,540,601,256,43,1800,64800
2024-10-22,TikTok Ads,Remarketing_Display,256,108,185,65,6,626,24360
2024-10-22,TikTok Ads,Lead_Generation,473,284,317,132,24,945,34030
2024-10-22,TikTok Ads,Display_Generico,1040,620,669,320,51,2090,75400
2024-10-22,TikTok Ads,Video_Awareness_Amplo,858,514,573,253,32,1718,61880
2024-10-23,Google Ads,Performance_Search,439,259,268,152,19,889,32180
2024-10-23,Google Ads,Performance_Shopping,468,281,316,126,26,935,33670
2024-10-23,Google Ads,Remarketing_Display,109,44,65,33,11,271,10630
2024-10-23,Google Ads,Lead_Generation,493,296,331,138,24,985,35470
2024-10-23,Google Ads,Display_Generico,582,344,359,194,29,1177,42580
2024-10-23,Google Ads,Video_Awareness_Amplo,845,500,517,294,34,1707,61750
2024-10-23,Meta Ads,Performance_Search,618,368,399,181,38,1243,44860
2024-10-23,Meta Ads,Performance_Shopping,616,368,403,185,28,1236,44560
2024-10-23,Meta Ads,Remarketing_Display,174,72,118,49,7,429,16740
2024-10-23,Meta Ads,Lead_Generation,296,177,195,92,9,593,21390
2024-10-23,Meta Ads,Display_Generico,845,504,546,256,43,1697,61230
2024-10-23,Meta Ads,Video_Awareness_Amplo,803,479,522,242,39,1613,58180
2024-10-23,TikTok Ads,Performance_Search,1012,604,657,291,64,2032,73280
2024-10-23,TikTok Ads,Performance_Shopping,513,307,339,155,19,1028,37040
2024-10-23,TikTok Ads,Remarketing_Display,332,138,219,96,17,817,31860
2024-10-23,TikTok Ads,Lead_Generation,897,534,576,269,52,1804,65130
2024-10-23,TikTok Ads,Display_Generico,1589,953,1058,447,84,3179,114460
2024-10-23,TikTok Ads,Video_Awareness_Amplo,1163,699,789,317,57,2323,83580
2024-10-24,Google Ads,Performance_Search,491,291,306,157,28,991,35820
2024-10-24,Google Ads,Performance_Shopping,397,236,253,126,18,799,28870
2024-10-24,Google Ads,Remarketing_Display,193,79,122,61,10,478,18680
2024-10-24,Google Ads,Lead_Generation,447,268,297,126,24,894,32210
2024-10-24,Google Ads,Display_Generico,502,300,329,145,28,1007,36300
2024-10-24,Google Ads,Video_Awareness_Amplo,485,291,328,138,19,970,34920
2024-10-24,Meta Ads,Performance_Search,328,194,200,116,12,663,23980
2024-10-24,Meta Ads,Performance_Shopping,348,208,227,104,17,698,25160
2024-10-24,Meta Ads,Remarketing_Display,225,93,146,68,11,555,21660
2024-10-24,Meta Ads,Lead_Generation,593,352,370,203,20,1195,43190
2024-10-24,Meta Ads,Display_Generico,1081,646,709,334,38,2168,78170
2024-10-24,Meta Ads,Video_Awareness_Amplo,1002,596,638,314,50,2017,72820
2024-10-24,TikTok Ads,Performance_Search,805,480,518,247,40,1617,58350
2024-10-24,TikTok Ads,Performance_Shopping,1002,597,641,304,57,2014,72690
2024-10-24,TikTok Ads,Remarketing_Display,325,133,195,116,14,805,31460
2024-10-24,TikTok Ads,Lead_Generation,519,310,338,149,32,1041,37550
2024-10-24,TikTok Ads,Display_Generico,1602,955,1033,504,65,3219,116150
2024-10-24,TikTok Ads,Video_Awareness_Amplo,1094,653,712,329,53,2196,79210
2024-10-25,Google Ads,Performance_Search,471,281,308,143,20,946,34120
2024-10-25,Google Ads,Performance_Shopping,369,222,252,98,19,736,26490
2024-10-25,Google Ads,Remarketing_Display,162,67,111,46,5,399,15590
2024-10-25,Google Ads,Lead_Generation,447,266,289,140,18,899,32470
2024-10-25,Google Ads,Display_Generico,726,433,468,225,33,1458,52610
2024-10-25,Google Ads,Video_Awareness_Amplo,521,310,336,157,28,1048,37850
2024-10-25,Meta Ads,Performance_Search,660,395,439,192,29,1322,47650
2024-10-25,Meta Ads,Performance_Shopping,525,314,344,151,30,1052,37930
2024-10-25,Meta Ads,Remarketing_Display,226,94,157,56,13,556,21680
2024-10-25,Meta Ads,Lead_Generation,430,254,263,146,21,870,31480
2024-10-25,Meta Ads,Display_Generico,781,468,517,227,37,1563,56310
2024-10-25,Meta Ads,Video_Awareness_Amplo,938,558,597,288,53,1888,68160
2024-10-25,TikTok Ads,Performance_Search,545,325,352,160,33,1095,39500
2024-10-25,TikTok Ads,Performance_Shopping,702,418,451,208,43,1412,50960
2024-10-25,TikTok Ads,Remarketing_Display,224,91,135,79,10,556,21770
2024-10-25,TikTok Ads,Lead_Generation,448,266,281,142,25,903,32620
2024-10-25,TikTok Ads,Display_Generico,1373,817,872,426,75,2763,99740
2024-10-25,TikTok Ads,Video_Awareness_Amplo,1558,930,1010,459,89,3128,112800
2024-10-26,Google Ads,Performance_Search,154,91,94,49,11,311,11270
2024-10-26,Google Ads,Performance_Shopping,139,83,95,37,7,279,10060
2024-10-26,Google Ads,Remarketing_Display,93,38,57,33,3,230,9010
2024-10-26,Google Ads,Lead_Generation,255,152,164,82,9,512,18490
2024-10-26,Google Ads,Display_Generico,404,242,271,107,26,809,29140
2024-10-26,Google Ads,Video_Awareness_Amplo,396,233,238,139,19,803,29110
2024-10-26,Meta Ads,Performance_Search,197,118,131,61,5,394,14210
2024-10-26,Meta Ads,Performance_Shopping,443,263,283,136,24,893,32260
2024-10-26,Meta Ads,Remarketing_Display,173,71,109,56,8,428,16720
2024-10-26,Meta Ads,Lead_Generation,420,249,266,129,25,847,30630
2024-10-26,Meta Ads,Display_Generico,422,250,266,136,20,852,30800
2024-10-26,Meta Ads,Video_Awareness_Amplo,425,254,282,122,21,852,30730
2024-10-26,TikTok Ads,Performance_Search,428,256,284,121,23,858,30920
2024-10-26,TikTok Ads,Performance_Shopping,475,282,301,147,27,957,34590
2024-10-26,TikTok Ads,Remarketing_Display,122,51,83,36,3,299,11670
2024-10-26,TikTok Ads,Lead_Generation,654,390,420,201,33,1314,47400
2024-10-26,TikTok Ads,Display_Generico,1015,606,662,309,44,2037,73470
2024-10-26,TikTok Ads,Video_Awareness_Amplo,669,398,426,213,30,1346,48610
2024-10-27,Google Ads,Performance_Search,230,137,150,71,9,462,16690
2024-10-27,Google Ads,Performance_Shopping,231,138,152,69,10,463,16710
2024-10-27,Google Ads,Remarketing_Display,106,45,79,22,5,258,10050
2024-10-27,Google Ads,Lead_Generation,267,159,175,75,17,537,19380
2024-10-27,Google Ads,Display_Generico,380,226,242,114,24,765,27620
2024-10-27,Google Ads,Video_Awareness_Amplo,476,285,317,134,25,953,34350
2024-10-27,Meta Ads,Performance_Search,384,229,251,117,16,771,27830
2024-10-27,Meta Ads,Performance_Shopping,298,180,212,70,16,593,21300
2024-10-27,Meta Ads,Remarketing_Display,124,51,78,37,9,306,11970
2024-10-27,Meta Ads,Lead_Generation,348,207,221,103,24,700,25290
2024-10-27,Meta Ads,Display_Generico,449,269,303,127,19,899,32380
2024-10-27,Meta Ads,Video_Awareness_Amplo,359,214,231,105,23,721,26030
2024-10-27,TikTok Ads,Performance_Search,288,174,202,78,8,573,20580
2024-10-27,TikTok Ads,Performance_Shopping,425,253,270,134,21,855,30860
2024-10-27,TikTok Ads,Remarketing_Display,146,61,103,39,4,358,13970
2024-10-27,TikTok Ads,Lead_Generation,518,310,340,154,24,1038,37400
2024-10-27,TikTok Ads,Display_Generico,848,505,540,270,38,1705,61550
2024-10-27,TikTok Ads,Video_Awareness_Amplo,679,402,417,224,38,1371,49590
2024-10-28,Google Ads,Performance_Search,460,273,293,146,21,927,33510
2024-10-28,Google Ads,Performance_Shopping,426,254,277,136,13,856,30880
2024-10-28,Google Ads,Remarketing_Display,151,62,94,46,11,373,14590
2024-10-28,Google Ads,Lead_Generation,440,264,296,132,12,880,31680
2024-10-28,Google Ads,Display_Generico,437,261,288,131,18,877,31620
2024-10-28,Google Ads,Video_Awareness_Amplo,509,302,321,161,27,1026,37090
2024-10-28,Meta Ads,Performance_Search,423,250,263,127,33,855,30950
2024-10-28,Meta Ads,Performance_Shopping,453,272,307,134,12,905,32590
2024-10-28,Meta Ads,Remarketing_Display,188,77,115,64,9,465,18190
2024-10-28,Meta Ads,Lead_Generation,421,251,275,118,28,846,30520
2024-10-28,Meta Ads,Display_Generico,719,428,458,217,44,1446,52210
2024-10-28,Meta Ads,Video_Awareness_Amplo,636,380,415,187,34,1276,46000
2024-10-28,TikTok Ads,Performance_Search,889,527,556,293,40,1794,64840
2024-10-28,TikTok Ads,Performance_Shopping,967,579,643,280,44,1937,69780
2024-10-28,TikTok Ads,Remarketing_Display,464,194,319,126,19,1139,44380
2024-10-28,TikTok Ads,Lead_Generation,769,459,497,238,34,1544,55680
2024-10-28,TikTok Ads,Display_Generico,1157,690,745,348,64,2324,83850
2024-10-28,TikTok Ads,Video_Awareness_Amplo,1298,774,836,391,71,2608,94080
2024-10-29,Google Ads,Performance_Search,410,245,269,114,27,822,29650
2024-10-29,Google Ads,Performance_Shopping,506,301,323,157,26,1018,36770
2024-10-29,Google Ads,Remarketing_Display,135,56,90,41,4,332,12970
2024-10-29,Google Ads,Lead_Generation,249,150,170,66,13,496,17850
2024-10-29,Google Ads,Display_Generico,533,317,338,176,19,1073,38740
2024-10-29,Google Ads,Video_Awareness_Amplo,753,451,502,219,32,1508,54320
2024-10-29,Meta Ads,Performance_Search,579,344,368,181,30,1166,42130
2024-10-29,Meta Ads,Performance_Shopping,330,196,211,100,19,665,24020
2024-10-29,Meta Ads,Remarketing_Display,174,72,120,51,3,429,16740
2024-10-29,Meta Ads,Lead_Generation,742,439,459,256,27,1499,54230
2024-10-29,Meta Ads,Display_Generico,878,525,574,259,45,1760,63450
2024-10-29,Meta Ads,Video_Awareness_Amplo,814,482,506,271,37,1644,59440
2024-10-29,TikTok Ads,Performance_Search,1133,677,743,335,55,2273,81940
2024-10-29,TikTok Ads,Performance_Shopping,1080,642,681,338,61,2175,78540
2024-10-29,TikTok Ads,Remarketing_Display,381,159,263,103,15,936,36480
2024-10-29,TikTok Ads,Lead_Generation,707,425,483,184,40,1412,50800
2024-10-29,TikTok Ads,Display_Generico,1621,966,1040,497,84,3258,117570
2024-10-29,TikTok Ads,Video_Awareness_Amplo,1150,691,774,317,59,2297,82670
2024-10-30,Google Ads,Performance_Search,484,291,327,140,17,966,34770
2024-10-30,Google Ads,Performance_Shopping,349,209,235,99,15,699,25180
2024-10-30,Google Ads,Remarketing_Display,191,78,114,62,15,473,18510
2024-10-30,Google Ads,Lead_Generation,249,148,158,75,16,501,18110
2024-10-30,Google Ads,Display_Generico,676,404,440,195,41,1356,48880
2024-10-30,Google Ads,Video_Awareness_Amplo,503,300,324,149,30,1010,36450
2024-10-30,Meta Ads,Performance_Search,732,436,471,232,29,1472,53120
2024-10-30,Meta Ads,Performance_Shopping,518,309,336,150,32,1040,37530
2024-10-30,Meta Ads,Remarketing_Display,306,126,197,92,17,756,29520
2024-10-30,Meta Ads,Lead_Generation,678,404,435,201,42,1363,49180
2024-10-30,Meta Ads,Display_Generico,708,423,460,213,35,1420,51210
2024-10-30,Meta Ads,Video_Awareness_Amplo,860,514,565,246,49,1725,62180
2024-10-30,TikTok Ads,Performance_Search,625,371,392,197,36,1260,45520
2024-10-30,TikTok Ads,Performance_Shopping,547,325,349,169,29,1102,39800
2024-10-30,TikTok Ads,Remarketing_Display,408,167,249,141,18,1010,39490
2024-10-30,TikTok Ads,Lead_Generation,668,399,438,200,30,1340,48330
2024-10-30,TikTok Ads,Display_Generico,1693,1007,1075,536,82,3408,123040
2024-10-30,TikTok Ads,Video_Awareness_Amplo,771,463,518,227,26,1541,55460
2024-10-31,Google Ads,Performance_Search,280,167,180,88,12,562,20290
2024-10-31,Google Ads,Performance_Shopping,247,147,158,84,5,497,17940
2024-10-31,Google Ads,Remarketing_Display,137,56,83,40,14,339,13270
2024-10-31,Google Ads,Lead_Generation,350,209,230,95,25,702,25330
2024-10-31,Google Ads,Display_Generico,571,340,364,179,28,1148,41450
2024-10-31,Google Ads,Video_Awareness_Amplo,701,415,433,238,30,1416,51200
2024-10-31,Meta Ads,Performance_Search,608,363,397,180,31,1220,44010
2024-10-31,Meta Ads,Performance_Shopping,552,329,358,170,24,1109,40030
2024-10-31,Meta Ads,Remarketing_Display,254,107,182,66,6,621,24190
2024-10-31,Meta Ads,Lead_Generation,660,396,443,186,31,1320,47520
2024-10-31,Meta Ads,Display_Generico,882,528,581,265,36,1767,63660
2024-10-31,Meta Ads,Video_Awareness_Amplo,975,580,622,308,45,1962,70850
2024-10-31,TikTok Ads,Performance_Search,598,356,383,190,25,1203,43420
2024-10-31,TikTok Ads,Performance_Shopping,1044,620,658,335,51,2104,76000
2024-10-31,TikTok Ads,Remarketing_Display,296,121,176,106,14,733,28670
2024-10-31,TikTok Ads,Lead_Generation,607,361,386,191,30,1222,44120
2024-10-31,TikTok Ads,Display_Generico,807,480,513,248,46,1624,58650
2024-10-31,TikTok Ads,Video_Awareness_Amplo,1325,796,894,369,62,2647,95270
2024-11-01,Google Ads,Performance_Search,701,415,432,237,32,1416,51200
2024-11-01,Google Ads,Performance_Shopping,401,237,247,125,29,811,29340
2024-11-01,Google Ads,Remarketing_Display,289,120,195,84,10,711,27750
2024-11-01,Google Ads,Lead_Generation,327,195,211,94,22,657,23700
2024-11-01,Google Ads,Display_Generico,1005,598,643,308,54,2022,73010
2024-11-01,Google Ads,Video_Awareness_Amplo,599,358,396,184,19,1201,43310
2024-11-01,Meta Ads,Performance_Search,822,490,532,247,43,1652,59600
2024-11-01,Meta Ads,Performance_Shopping,376,223,237,120,19,758,27410
2024-11-01,Meta Ads,Remarketing_Display,361,149,230,109,22,891,34780
2024-11-01,Meta Ads,Lead_Generation,771,460,501,228,42,1548,55850
2024-11-01,Meta Ads,Display_Generico,917,547,590,290,37,1842,66440
2024-11-01,Meta Ads,Video_Awareness_Amplo,1085,653,738,291,56,2165,77860
2024-11-01,TikTok Ads,Performance_Search,999,597,656,298,45,2004,72240
2024-11-01,TikTok Ads,Performance_Shopping,769,462,517,223,29,1536,55290
2024-11-01,TikTok Ads,Remarketing_Display,406,168,264,116,26,1001,39060
2024-11-01,TikTok Ads,Lead_Generation,660,391,408,213,39,1332,48170
2024-11-01,TikTok Ads,Display_Generico,1465,875,950,440,75,2940,106000
2024-11-01,TikTok Ads,Video_Awareness_Amplo,1363,813,878,413,72,2738,98760
2024-11-02,Google Ads,Performance_Search,207,123,131,63,13,417,15060
2024-11-02,Google Ads,Performance_Shopping,392,235,263,115,14,784,28250
2024-11-02,Google Ads,Remarketing_Display,114,48,81,29,4,279,10860
2024-11-02,Google Ads,Lead_Generation,411,246,276,117,18,823,29670
2024-11-02,Google Ads,Display_Generico,420,251,279,117,24,842,30370
2024-11-02,Google Ads,Video_Awareness_Amplo,407,242,260,135,12,819,29590
2024-11-02,Meta Ads,Performance_Search,299,178,194,83,22,601,21710
2024-11-02,Meta Ads,Performance_Shopping,532,318,351,158,23,1067,38460
2024-11-02,Meta Ads,Remarketing_Display,204,84,135,58,11,504,19680
2024-11-02,Meta Ads,Lead_Generation,559,333,361,178,20,1124,40560
2024-11-02,Meta Ads,Display_Generico,597,358,397,169,31,1194,43010
2024-11-02,Meta Ads,Video_Awareness_Amplo,790,470,506,248,36,1590,57400
2024-11-02,TikTok Ads,Performance_Search,369,222,252,96,21,736,26490
2024-11-02,TikTok Ads,Performance_Shopping,968,577,622,304,42,1945,70190
2024-11-02,TikTok Ads,Remarketing_Display,240,99,156,72,12,592,23130
2024-11-02,TikTok Ads,Lead_Generation,509,303,328,160,21,1024,36960
2024-11-02,TikTok Ads,Display_Generico,1033,615,662,321,50,2078,75000
2024-11-02,TikTok Ads,Video_Awareness_Amplo,1129,676,744,328,57,2261,81470
2024-11-03,Google Ads,Performance_Search,487,294,338,134,15,969,34830
2024-11-03,Google Ads,Performance_Shopping,212,125,133,73,6,429,15550
2024-11-03,Google Ads,Remarketing_Display,137,56,83,49,5,339,13270
2024-11-03,Google Ads,Lead_Generation,436,260,286,135,15,876,31600
2024-11-03,Google Ads,Display_Generico,511,307,346,142,23,1021,36740
2024-11-03,Google Ads,Video_Awareness_Amplo,642,382,411,193,38,1292,46640
2024-11-03,Meta Ads,Performance_Search,537,318,331,171,35,1084,39210
2024-11-03,Meta Ads,Performance_Shopping,579,343,363,190,26,1169,42260
2024-11-03,Meta Ads,Remarketing_Display,129,53,88,32,9,319,12460
2024-11-03,Meta Ads,Lead_Generation,368,220,242,106,20,738,26600
2024-11-03,Meta Ads,Display_Generico,528,314,339,170,19,1063,38380
2024-11-03,Meta Ads,Video_Awareness_Amplo,969,579,632,281,56,1944,70080
2024-11-03,TikTok Ads,Performance_Search,854,510,554,261,39,1714,61800
2024-11-03,TikTok Ads,Performance_Shopping,827,492,524,255,48,1664,60090
2024-11-03,TikTok Ads,Remarketing_Display,356,148,235,105,16,876,34160
2024-11-03,TikTok Ads,Lead_Generation,609,363,392,184,33,1224,44160
2024-11-03,TikTok Ads,Display_Generico,1434,857,939,417,78,2876,103690
2024-11-03,TikTok Ads,Video_Awareness_Amplo,777,461,488,237,52,1567,56620
2024-11-04,Google Ads,Performance_Search,353,209,220,112,21,713,25780
2024-11-04,Google Ads,Performance_Shopping,756,452,496,235,25,1516,54640
2024-11-04,Google Ads,Remarketing_Display,146,61,105,36,5,358,13970
2024-11-04,Google Ads,Lead_Generation,418,249,268,130,20,840,30330
2024-11-04,Google Ads,Display_Generico,744,444,484,220,40,1494,53880
2024-11-04,Google Ads,Video_Awareness_Amplo,705,421,457,200,48,1415,51020
2024-11-04,Meta Ads,Performance_Search,765,456,492,234,39,1537,55470
2024-11-04,Meta Ads,Performance_Shopping,608,359,369,209,30,1230,44530
2024-11-04,Meta Ads,Remarketing_Display,393,163,256,118,19,968,37760
2024-11-04,Meta Ads,Lead_Generation,499,298,324,150,25,1001,36110
2024-11-04,Meta Ads,Display_Generico,1115,664,713,340,62,2242,80930
2024-11-04,Meta Ads,Video_Awareness_Amplo,903,536,568,290,45,1820,65770
2024-11-04,TikTok Ads,Performance_Search,1335,793,841,429,65,2690,97160
2024-11-04,TikTok Ads,Performance_Shopping,909,547,617,253,39,1814,65240
2024-11-04,TikTok Ads,Remarketing_Display,390,160,244,125,21,965,37700
2024-11-04,TikTok Ads,Lead_Generation,1181,709,791,342,48,2361,84980
2024-11-04,TikTok Ads,Display_Generico,2155,1287,1397,641,117,4325,155940
2024-11-04,TikTok Ads,Video_Awareness_Amplo,1180,709,796,328,56,2357,84830
2024-11-05,Google Ads,Performance_Search,322,193,216,84,22,644,23210
2024-11-05,Google Ads,Performance_Shopping,358,213,232,106,20,720,26010
2024-11-05,Google Ads,Remarketing_Display,180,74,117,58,5,445,17380
2024-11-05,Google Ads,Lead_Generation,331,197,213,97,21,666,24040
2024-11-05,Google Ads,Display_Generico,1005,601,662,297,46,2015,72620
2024-11-05,Google Ads,Video_Awareness_Amplo,780,463,491,239,50,1572,56810
2024-11-05,Meta Ads,Performance_Search,372,221,234,115,23,749,27070
2024-11-05,Meta Ads,Performance_Shopping,588,354,401,163,24,1173,42180
2024-11-05,Meta Ads,Remarketing_Display,325,134,206,101,18,802,31330
2024-11-05,Meta Ads,Lead_Generation,917,544,574,292,51,1849,66830
2024-11-05,Meta Ads,Display_Generico,1002,597,645,310,47,2014,72690
2024-11-05,Meta Ads,Video_Awareness_Amplo,1180,703,757,360,63,2372,85610
2024-11-05,TikTok Ads,Performance_Search,769,460,508,229,32,1541,55550
2024-11-05,TikTok Ads,Performance_Shopping,677,402,429,210,38,1364,49290
2024-11-05,TikTok Ads,Remarketing_Display,360,149,231,115,14,887,34630
2024-11-05,TikTok Ads,Lead_Generation,1389,832,919,408,62,2781,100190
2024-11-05,TikTok Ads,Display_Generico,1262,754,825,390,47,2532,91280
2024-11-05,TikTok Ads,Video_Awareness_Amplo,1479,882,956,448,75,2971,107190
2024-11-06,Google Ads,Performance_Search,525,315,350,152,23,1050,37800
2024-11-06,Google Ads,Performance_Shopping,508,305,342,141,25,1015,36550
2024-11-06,Google Ads,Remarketing_Display,138,56,84,44,10,343,13420
2024-11-06,Google Ads,Lead_Generation,682,405,432,219,31,1374,49650
2024-11-06,Google Ads,Display_Generico,896,537,597,258,41,1793,64590
2024-11-06,Google Ads,Video_Awareness_Amplo,655,389,410,207,38,1320,47680
2024-11-06,Meta Ads,Performance_Search,708,423,465,201,42,1420,51210
2024-11-06,Meta Ads,Performance_Shopping,844,503,545,263,36,1696,61210
2024-11-06,Meta Ads,Remarketing_Display,387,160,246,123,18,954,37250
2024-11-06,Meta Ads,Lead_Generation,883,524,554,275,54,1780,64330
2024-11-06,Meta Ads,Display_Generico,929,557,617,273,39,1859,66940
2024-11-06,Meta Ads,Video_Awareness_Amplo,854,510,558,266,30,1714,61800
2024-11-06,TikTok Ads,Performance_Search,1148,687,757,336,55,2300,82890
2024-11-06,TikTok Ads,Performance_Shopping,891,530,566,284,41,1793,64750
2024-11-06,TikTok Ads,Remarketing_Display,490,205,344,125,21,1202,46850
2024-11-06,TikTok Ads,Lead_Generation,975,584,649,278,48,1952,70330
2024-11-06,TikTok Ads,Display_Generico,1441,865,967,418,56,2881,103700
2024-11-06,TikTok Ads,Video_Awareness_Amplo,1965,1172,1266,600,99,3947,142390
2024-11-07,Google Ads,Performance_Search,637,378,403,205,29,1284,46410
2024-11-07,Google Ads,Performance_Shopping,342,202,213,110,19,692,25040
2024-11-07,Google Ads,Remarketing_Display,216,89,143,63,10,533,20830
2024-11-07,Google Ads,Lead_Generation,528,316,353,146,29,1058,38120
2024-11-07,Google Ads,Display_Generico,966,579,642,283,41,1933,69630
2024-11-07,Google Ads,Video_Awareness_Amplo,1045,624,677,307,61,2097,75630
2024-11-07,Meta Ads,Performance_Search,458,272,293,143,22,923,33340
2024-11-07,Meta Ads,Performance_Shopping,810,482,514,255,41,1630,58840
2024-11-07,Meta Ads,Remarketing_Display,257,107,173,73,11,632,24640
2024-11-07,Meta Ads,Lead_Generation,939,561,615,282,42,1884,67920
2024-11-07,Meta Ads,Display_Generico,1181,704,758,357,66,2373,85630
2024-11-07,Meta Ads,Video_Awareness_Amplo,1487,886,951,468,68,2989,107870
2024-11-07,TikTok Ads,Performance_Search,593,353,382,194,17,1193,43060
2024-11-07,TikTok Ads,Performance_Shopping,1133,676,730,347,56,2275,82070
2024-11-07,TikTok Ads,Remarketing_Display,495,204,315,152,28,1222,47730
2024-11-07,TikTok Ads,Lead_Generation,695,414,446,206,43,1397,50430
2024-11-07,TikTok Ads,Display_Generico,2071,1241,1372,616,83,4146,149320
2024-11-07,TikTok Ads,Video_Awareness_Amplo,1948,1162,1257,589,102,3913,141140
2024-11-08,Google Ads,Performance_Search,293,177,206,70,17,583,20940
2024-11-08,Google Ads,Performance_Shopping,395,233,243,129,23,800,28960
2024-11-08,Google Ads,Remarketing_Display,173,72,123,45,5,425,16590
2024-11-08,Google Ads,Lead_Generation,478,288,328,127,23,953,34260
2024-11-08,Google Ads,Display_Generico,708,420,446,225,37,1428,51600
2024-11-08,Google Ads,Video_Awareness_Amplo,984,586,630,308,46,1979,71420
2024-11-08,Meta Ads,Performance_Search,774,464,515,238,21,1549,55780
2024-11-08,Meta Ads,Performance_Shopping,458,275,310,130,18,915,32950
2024-11-08,Meta Ads,Remarketing_Display,367,151,226,119,22,907,35420
2024-11-08,Meta Ads,Lead_Generation,402,240,262,120,20,807,29100
2024-11-08,Meta Ads,Display_Generico,928,554,602,289,37,1863,67180
2024-11-08,Meta Ads,Video_Awareness_Amplo,772,459,490,235,47,1554,56130
2024-11-08,TikTok Ads,Performance_Search,1413,845,925,416,72,2833,102100
2024-11-08,TikTok Ads,Performance_Shopping,1081,644,691,334,56,2173,78430
2024-11-08,TikTok Ads,Remarketing_Display,392,162,254,124,14,967,37740
2024-11-08,TikTok Ads,Lead_Generation,741,442,480,222,39,1488,53690
2024-11-08,TikTok Ads,Display_Generico,1962,1169,1258,614,90,3944,142330
2024-11-08,TikTok Ads,Video_Awareness_Amplo,2130,1266,1342,667,121,4290,154920
2024-11-09,Google Ads,Performance_Search,238,141,147,76,15,480,17370
2024-11-09,Google Ads,Performance_Shopping,377,223,234,124,19,762,27560
2024-11-09,Google Ads,Remarketing_Display,137,57,91,40,6,337,13140
2024-11-09,Google Ads,Lead_Generation,235,140,151,79,5,472,17050
2024-11-09,Google Ads,Display_Generico,456,273,303,121,32,913,32910
2024-11-09,Google Ads,Video_Awareness_Amplo,485,288,306,152,27,977,35310
2024-11-09,Meta Ads,Performance_Search,346,206,220,115,11,696,25120
2024-11-09,Meta Ads,Performance_Shopping,445,267,299,136,10,890,32040
2024-11-09,Meta Ads,Remarketing_Display,180,74,119,50,11,445,17380
2024-11-09,Meta Ads,Lead_Generation,480,286,311,148,21,965,34820
2024-11-09,Meta Ads,Display_Generico,607,362,395,180,32,1219,43990
2024-11-09,Meta Ads,Video_Awareness_Amplo,648,387,421,196,31,1300,46890
2024-11-09,TikTok Ads,Performance_Search,633,376,403,202,28,1275,46070
2024-11-09,TikTok Ads,Performance_Shopping,708,424,469,213,26,1418,51080
2024-11-09,TikTok Ads,Remarketing_Display,214,89,144,53,17,526,20530
2024-11-09,TikTok Ads,Lead_Generation,991,591,638,304,49,1991,71820
2024-11-09,TikTok Ads,Display_Generico,982,587,640,291,51,1969,70990
2024-11-09,TikTok Ads,Video_Awareness_Amplo,1094,654,714,323,57,2194,79080
2024-11-10,Google Ads,Performance_Search,251,149,160,80,11,506,18280
2024-11-10,Google Ads,Performance_Shopping,449,270,307,123,19,896,32250
2024-11-10,Google Ads,Remarketing_Display,160,67,114,42,4,392,15290
2024-11-10,Google Ads,Lead_Generation,222,130,132,80,10,452,16400
2024-11-10,Google Ads,Display_Generico,674,399,419,216,39,1361,49230
2024-11-10,Google Ads,Video_Awareness_Amplo,358,216,250,92,16,713,25620
2024-11-10,Meta Ads,Performance_Search,476,284,308,143,25,956,34480
2024-11-10,Meta Ads,Performance_Shopping,346,207,230,103,13,693,24990
2024-11-10,Meta Ads,Remarketing_Display,242,99,150,81,11,599,23430
2024-11-10,Meta Ads,Lead_Generation,493,297,340,136,17,983,35340
2024-11-10,Meta Ads,Display_Generico,762,455,497,233,32,1529,55150
2024-11-10,Meta Ads,Video_Awareness_Amplo,499,301,345,138,16,994,35720
2024-11-10,TikTok Ads,Performance_Search,426,254,279,119,28,856,30880
2024-11-10,TikTok Ads,Performance_Shopping,845,504,546,264,35,1697,61230
2024-11-10,TikTok Ads,Remarketing_Display,356,146,223,115,18,881,34420
2024-11-10,TikTok Ads,Lead_Generation,548,329,369,143,36,1095,39430
2024-11-10,TikTok Ads,Display_Generico,960,574,629,295,36,1925,69380
2024-11-10,TikTok Ads,Video_Awareness_Amplo,789,476,544,210,35,1571,56470
2024-11-11,Google Ads,Performance_Search,503,299,322,158,23,1013,36580
2024-11-11,Google Ads,Performance_Shopping,423,254,288,109,26,845,30430
2024-11-11,Google Ads,Remarketing_Display,171,71,117,45,9,421,16420
2024-11-11,Google Ads,Lead_Generation,692,413,453,215,24,1389,50110
2024-11-11,Google Ads,Display_Generico,702,417,440,227,35,1414,51090
2024-11-11,Google Ads,Video_Awareness_Amplo,939,561,612,283,44,1884,67920
2024-11-11,Meta Ads,Performance_Search,684,408,446,202,36,1374,49560
2024-11-11,Meta Ads,Performance_Shopping,966,576,621,305,40,1941,70020
2024-11-11,Meta Ads,Remarketing_Display,219,90,140,62,17,541,21150
2024-11-11,Meta Ads,Lead_Generation,918,549,602,270,46,1840,66330
2024-11-11,Meta Ads,Display_Generico,1270,760,838,370,62,2545,91700
2024-11-11,Meta Ads,Video_Awareness_Amplo,1413,847,942,406,65,2828,101840
2024-11-11,TikTok Ads,Performance_Search,932,556,606,281,45,1872,67520
2024-11-11,TikTok Ads,Performance_Shopping,1411,846,940,405,66,2823,101670
2024-11-11,TikTok Ads,Remarketing_Display,461,194,328,118,15,1128,43930
2024-11-11,TikTok Ads,Lead_Generation,1225,733,808,361,56,2455,88460
2024-11-11,TikTok Ads,Display_Generico,1367,821,918,377,72,2732,98320
2024-11-11,TikTok Ads,Video_Awareness_Amplo,2086,1247,1360,613,113,4183,150790
2024-11-12,Google Ads,Performance_Search,426,253,267,137,22,858,31010
2024-11-12,Google Ads,Performance_Shopping,322,193,215,96,11,644,23210
2024-11-12,Google Ads,Remarketing_Display,243,101,166,68,9,598,23320
2024-11-12,Google Ads,Lead_Generation,750,446,477,235,38,1510,54520
2024-11-12,Google Ads,Display_Generico,594,355,387,172,35,1191,42950
2024-11-12,Google Ads,Video_Awareness_Amplo,644,383,411,205,28,1296,46810
2024-11-12,Meta Ads,Performance_Search,748,448,495,210,43,1498,53960
2024-11-12,Meta Ads,Performance_Shopping,787,471,517,229,41,1577,56820
2024-11-12,Meta Ads,Remarketing_Display,333,139,230,85,18,818,31880
2024-11-12,Meta Ads,Lead_Generation,860,516,578,240,42,1720,61920
2024-11-12,Meta Ads,Display_Generico,913,545,596,270,47,1833,66100
2024-11-12,Meta Ads,Video_Awareness_Amplo,787,468,503,239,45,1584,57210
2024-11-12,TikTok Ads,Performance_Search,1031,615,669,316,46,2071,74700
2024-11-12,TikTok Ads,Performance_Shopping,732,436,468,236,28,1472,53120
2024-11-12,TikTok Ads,Remarketing_Display,481,199,316,140,25,1186,46280
2024-11-12,TikTok Ads,Lead_Generation,762,453,480,234,48,1534,55410
2024-11-12,TikTok Ads,Display_Generico,1540,924,1032,430,78,3080,110880
2024-11-12,TikTok Ads,Video_Awareness_Amplo,1954,1170,1293,563,98,3914,141000
2024-11-13,Google Ads,Performance_Search,481,290,332,123,26,958,34450
2024-11-13,Google Ads,Performance_Shopping,551,329,362,169,20,1106,39880
2024-11-13,Google Ads,Remarketing_Display,248,102,158,80,10,613,23940
2024-11-13,Google Ads,Lead_Generation,738,440,478,220,40,1483,53500
2024-11-13,Google Ads,Display_Generico,867,518,568,253,46,1739,62710
2024-11-13,Google Ads,Video_Awareness_Amplo,649,387,420,202,27,1304,47040
2024-11-13,Meta Ads,Performance_Search,512,306,338,149,25,1027,37020
2024-11-13,Meta Ads,Performance_Shopping,527,314,343,156,28,1059,38230
2024-11-13,Meta Ads,Remarketing_Display,203,84,132,56,15,500,19530
2024-11-13,Meta Ads,Lead_Generation,647,385,413,200,34,1302,47000
2024-11-13,Meta Ads,Display_Generico,1281,763,817,403,61,2576,92960
2024-11-13,Meta Ads,Video_Awareness_Amplo,1028,616,681,290,57,2058,74120
2024-11-13,TikTok Ads,Performance_Search,1184,709,780,331,73,2371,85430
2024-11-13,TikTok Ads,Performance_Shopping,1028,614,673,296,59,2063,74380
2024-11-13,TikTok Ads,Remarketing_Display,293,123,205,72,16,718,27960
2024-11-13,TikTok Ads,Lead_Generation,1209,725,805,346,58,2419,87100
2024-11-13,TikTok Ads,Display_Generico,1442,860,932,443,67,2897,104500
2024-11-13,TikTok Ads,Video_Awareness_Amplo,2123,1265,1359,654,110,4268,154000
2024-11-14,Google Ads,Performance_Search,554,332,367,157,30,1109,39940
2024-11-14,Google Ads,Performance_Shopping,388,234,273,96,19,773,27780
2024-11-14,Google Ads,Remarketing_Display,218,90,142,64,12,538,21000
2024-11-14,Google Ads,Lead_Generation,404,240,254,131,19,814,29400
2024-11-14,Google Ads,Display_Generico,958,570,610,292,56,1928,69600
2024-11-14,Google Ads,Video_Awareness_Amplo,1018,608,662,297,59,2043,73660
2024-11-14,Meta Ads,Performance_Search,798,480,541,217,40,1593,57300
2024-11-14,Meta Ads,Performance_Shopping,927,555,613,268,46,1857,66900
2024-11-14,Meta Ads,Remarketing_Display,222,92,146,64,12,547,21340
2024-11-14,Meta Ads,Lead_Generation,661,395,434,195,32,1326,47800
2024-11-14,Meta Ads,Display_Generico,1069,639,698,327,44,2144,77280
2024-11-14,Meta Ads,Video_Awareness_Amplo,1496,896,988,442,66,2996,107920
2024-11-14,TikTok Ads,Performance_Search,1246,746,820,359,67,2496,89920
2024-11-14,TikTok Ads,Performance_Shopping,1247,745,810,378,59,2502,90200
2024-11-14,TikTok Ads,Remarketing_Display,521,216,342,156,23,1283,50070
2024-11-14,TikTok Ads,Lead_Generation,823,493,547,238,38,1648,59360
2024-11-14,TikTok Ads,Display_Generico,1804,1075,1158,551,95,3626,130850
2024-11-14,TikTok Ads,Video_Awareness_Amplo,2168,1294,1402,659,107,4353,156980
2024-11-15,Google Ads,Performance_Search,350,209,232,99,19,702,25330
2024-11-15,Google Ads,Performance_Shopping,365,218,242,111,12,732,26410
2024-11-15,Google Ads,Remarketing_Display,254,106,174,69,11,624,24320
2024-11-15,Google Ads,Lead_Generation,719,430,473,205,41,1441,51950
2024-11-15,Google Ads,Display_Generico,798,476,515,242,41,1603,57820
2024-11-15,Google Ads,Video_Awareness_Amplo,933,560,626,264,43,1865,67150
2024-11-15,Meta Ads,Performance_Search,574,342,367,177,30,1154,41640
2024-11-15,Meta Ads,Performance_Shopping,560,336,379,154,27,1120,40320
2024-11-15,Meta Ads,Remarketing_Display,254,106,173,69,12,624,24320
2024-11-15,Meta Ads,Lead_Generation,538,320,341,169,28,1083,39100
2024-11-15,Meta Ads,Display_Generico,924,553,607,273,44,1851,66710
2024-11-15,Meta Ads,Video_Awareness_Amplo,1135,678,741,347,47,2277,82110
2024-11-15,TikTok Ads,Performance_Search,907,541,588,283,36,1822,65720
2024-11-15,TikTok Ads,Performance_Shopping,910,543,588,271,51,1827,65910
2024-11-15,TikTok Ads,Remarketing_Display,511,211,328,155,28,1261,49220
2024-11-15,TikTok Ads,Lead_Generation,806,480,514,249,43,1621,58500
2024-11-15,TikTok Ads,Display_Generico,1753,1047,1139,521,93,3518,126840
2024-11-15,TikTok Ads,Video_Awareness_Amplo,1845,1104,1214,527,104,3697,133230
2024-11-16,Google Ads,Performance_Search,210,125,134,56,20,422,15250
2024-11-16,Google Ads,Performance_Shopping,393,236,264,113,16,785,28270
2024-11-16,Google Ads,Remarketing_Display,99,41,64,27,8,244,9520
2024-11-16,Google Ads,Lead_Generation,325,194,211,97,17,652,23530
2024-11-16,Google Ads,Display_Generico,575,344,383,165,27,1152,41530
2024-11-16,Google Ads,Video_Awareness_Amplo,552,331,367,155,30,1104,39770
2024-11-16,Meta Ads,Performance_Search,563,337,374,156,33,1128,40640
2024-11-16,Meta Ads,Performance_Shopping,364,216,228,113,23,734,26520
2024-11-16,Meta Ads,Remarketing_Display,140,59,103,31,6,342,13330
2024-11-16,Meta Ads,Lead_Generation,305,179,180,110,15,620,22480
2024-11-16,Meta Ads,Display_Generico,730,440,502,202,26,1455,52300
2024-11-16,Meta Ads,Video_Awareness_Amplo,719,430,470,215,34,1441,51950
2024-11-16,TikTok Ads,Performance_Search,493,297,338,133,22,983,35340
2024-11-16,TikTok Ads,Performance_Shopping,412,249,287,105,20,819,29430
2024-11-16,TikTok Ads,Remarketing_Display,341,140,212,116,13,843,32950
2024-11-16,TikTok Ads,Lead_Generation,600,357,381,180,39,1207,43590
2024-11-16,TikTok Ads,Display_Generico,1142,682,743,347,52,2292,82640
2024-11-16,TikTok Ads,Video_Awareness_Amplo,1399,832,885,452,62,2816,101690
2024-11-17,Google Ads,Performance_Search,303,181,199,85,19,608,21920
2024-11-17,Google Ads,Performance_Shopping,225,133,142,76,7,455,16460
2024-11-17,Google Ads,Remarketing_Display,154,63,97,48,9,381,14910
2024-11-17,Google Ads,Lead_Generation,345,203,209,113,23,700,25360
2024-11-17,Google Ads,Display_Generico,468,279,306,132,30,940,33930
2024-11-17,Google Ads,Video_Awareness_Amplo,525,314,346,158,21,1052,37930
2024-11-17,Meta Ads,Performance_Search,262,154,159,87,16,532,19280
2024-11-17,Meta Ads,Performance_Shopping,427,255,279,132,16,857,30900
2024-11-17,Meta Ads,Remarketing_Display,230,94,144,78,8,570,22280
2024-11-17,Meta Ads,Lead_Generation,543,324,350,162,31,1090,39330
2024-11-17,Meta Ads,Display_Generico,618,369,402,186,30,1240,44730
2024-11-17,Meta Ads,Video_Awareness_Amplo,595,355,385,175,35,1195,43100
2024-11-17,TikTok Ads,Performance_Search,743,445,490,211,42,1488,53600
2024-11-17,TikTok Ads,Performance_Shopping,716,429,474,210,32,1433,51630
2024-11-17,TikTok Ads,Remarketing_Display,310,128,199,95,16,765,29860
2024-11-17,TikTok Ads,Lead_Generation,859,512,551,276,32,1726,62290
2024-11-17,TikTok Ads,Display_Generico,1159,691,744,354,61,2329,84020
2024-11-17,TikTok Ads,Video_Awareness_Amplo,1487,890,979,422,86,2979,107350
2024-11-18,Google Ads,Performance_Search,377,228,265,95,17,749,26910
2024-11-18,Google Ads,Performance_Shopping,697,417,461,213,23,1397,50340
2024-11-18,Google Ads,Remarketing_Display,241,99,149,85,7,596,23280
2024-11-18,Google Ads,Lead_Generation,545,324,349,167,29,1097,39630
2024-11-18,Google Ads,Display_Generico,1100,656,709,324,67,2210,79720
2024-11-18,Google Ads,Video_Awareness_Amplo,997,594,643,305,49,2004,72330
2024-11-18,Meta Ads,Performance_Search,494,295,326,144,24,991,35750
2024-11-18,Meta Ads,Performance_Shopping,902,539,589,268,45,1809,65230
2024-11-18,Meta Ads,Remarketing_Display,322,134,214,96,12,792,30880
2024-11-18,Meta Ads,Lead_Generation,640,385,435,182,23,1277,45950
2024-11-18,Meta Ads,Display_Generico,906,546,623,249,34,1806,64920
2024-11-18,Meta Ads,Video_Awareness_Amplo,1045,623,676,318,51,2100,75760
2024-11-18,TikTok Ads,Performance_Search,936,556,592,297,47,1886,68120
2024-11-18,TikTok Ads,Performance_Shopping,1277,763,833,392,52,2562,92360
2024-11-18,TikTok Ads,Remarketing_Display,478,200,327,129,22,1173,45700
2024-11-18,TikTok Ads,Lead_Generation,928,557,622,264,42,1855,66790
2024-11-18,TikTok Ads,Display_Generico,1599,954,1033,480,86,3211,115830
2024-11-18,TikTok Ads,Video_Awareness_Amplo,1192,707,746,371,75,2404,86890
2024-11-19,Google Ads,Performance_Search,323,192,209,97,17,650,23490
2024-11-19,Google Ads,Performance_Shopping,398,236,253,124,21,803,29020
2024-11-19,Google Ads,Remarketing_Display,187,77,119,57,11,462,18040
2024-11-19,Google Ads,Lead_Generation,497,295,313,161,23,1002,36200
2024-11-19,Google Ads,Display_Generico,686,408,437,208,41,1381,49860
2024-11-19,Google Ads,Video_Awareness_Amplo,798,476,519,238,41,1603,57820
2024-11-19,Meta Ads,Performance_Search,543,325,362,159,22,1088,39200
2024-11-19,Meta Ads,Performance_Shopping,619,369,398,185,36,1244,44880
2024-11-19,Meta Ads,Remarketing_Display,386,159,247,126,13,953,37230
2024-11-19,Meta Ads,Lead_Generation,842,505,560,249,33,1684,60650
2024-11-19,Meta Ads,Display_Generico,939,563,626,261,52,1879,67660
2024-11-19,Meta Ads,Video_Awareness_Amplo,988,587,621,313,54,1990,71890
2024-11-19,TikTok Ads,Performance_Search,951,567,616,279,56,1911,68940
2024-11-19,TikTok Ads,Performance_Shopping,1035,616,657,312,66,2082,75170
2024-11-19,TikTok Ads,Remarketing_Display,554,229,354,173,27,1366,53330
2024-11-19,TikTok Ads,Lead_Generation,894,532,569,277,48,1799,64940
2024-11-19,TikTok Ads,Display_Generico,1588,947,1024,495,69,3190,115090
2024-11-19,TikTok Ads,Video_Awareness_Amplo,1109,661,710,346,53,2229,80420
2024-11-20,Google Ads,Performance_Search,612,365,397,185,30,1229,44350
2024-11-20,Google Ads,Performance_Shopping,729,434,469,229,31,1466,52930
2024-11-20,Google Ads,Remarketing_Display,224,93,149,56,19,551,21510
2024-11-20,Google Ads,Lead_Generation,499,297,323,154,22,1004,36240
2024-11-20,Google Ads,Display_Generico,679,406,446,208,25,1361,49070
2024-11-20,Google Ads,Video_Awareness_Amplo,812,486,539,238,35,1627,58620
2024-11-20,Meta Ads,Performance_Search,488,292,322,133,33,978,35240
2024-11-20,Meta Ads,Performance_Shopping,854,510,559,257,38,1714,61800
2024-11-20,Meta Ads,Remarketing_Display,330,134,191,125,14,820,32080
2024-11-20,Meta Ads,Lead_Generation,846,508,571,233,42,1691,60860
2024-11-20,Meta Ads,Display_Generico,918,546,583,293,42,1848,66720
2024-11-20,Meta Ads,Video_Awareness_Amplo,1163,692,741,374,48,2340,84490
2024-11-20,TikTok Ads,Performance_Search,1311,781,843,412,56,2636,95120
2024-11-20,TikTok Ads,Performance_Shopping,1432,854,923,438,71,2877,103780
2024-11-20,TikTok Ads,Remarketing_Display,554,229,356,168,30,1366,53330
2024-11-20,TikTok Ads,Lead_Generation,656,391,420,210,26,1318,47570
2024-11-20,TikTok Ads,Display_Generico,1646,983,1070,493,83,3303,119110
2024-11-20,TikTok Ads,Video_Awareness_Amplo,1546,924,1010,448,88,3101,111780
2024-11-21,Google Ads,Performance_Search,387,233,265,103,19,772,27760
2024-11-21,Google Ads,Performance_Shopping,321,192,210,96,15,643,23190
2024-11-21,Google Ads,Remarketing_Display,153,64,107,36,10,375,14630
2024-11-21,Google Ads,Lead_Generation,299,178,193,92,14,601,21710
2024-11-21,Google Ads,Display_Generico,888,531,585,253,50,1780,64170
2024-11-21,Google Ads,Video_Awareness_Amplo,889,529,568,270,51,1789,64580
2024-11-21,Meta Ads,Performance_Search,760,453,493,224,43,1527,55110
2024-11-21,Meta Ads,Performance_Shopping,429,257,289,120,20,859,30940
2024-11-21,Meta Ads,Remarketing_Display,206,85,131,63,12,508,19850
2024-11-21,Meta Ads,Lead_Generation,741,443,484,216,41,1486,53560
2024-11-21,Meta Ads,Display_Generico,1297,774,838,390,69,2604,93930
2024-11-21,Meta Ads,Video_Awareness_Amplo,1061,632,680,328,53,2133,76990
2024-11-21,TikTok Ads,Performance_Search,1009,600,638,305,66,2031,73350
2024-11-21,TikTok Ads,Performance_Shopping,1501,896,973,447,81,3013,108670
2024-11-21,TikTok Ads,Remarketing_Display,314,131,212,91,11,771,30070
2024-11-21,TikTok Ads,Lead_Generation,952,571,635,273,44,1904,68570
2024-11-21,TikTok Ads,Display_Generico,1660,990,1072,511,77,3335,120300
2024-11-21,TikTok Ads,Video_Awareness_Amplo,1231,739,827,340,64,2461,88580
2024-11-22,Google Ads,Performance_Search,584,345,358,183,43,1181,42750
2024-11-22,Google Ads,Performance_Shopping,523,313,346,150,27,1048,37760
2024-11-22,Google Ads,Remarketing_Display,250,102,152,90,8,620,24240
2024-11-22,Google Ads,Lead_Generation,544,324,349,168,27,1094,39480
2024-11-22,Google Ads,Display_Generico,538,323,360,148,30,1075,38710
2024-11-22,Google Ads,Video_Awareness_Amplo,917,547,592,271,54,1842,66440
2024-11-22,Meta Ads,Performance_Search,740,442,485,220,35,1485,53540
2024-11-22,Meta Ads,Performance_Shopping,621,371,407,184,30,1246,44920
2024-11-22,Meta Ads,Remarketing_Display,260,109,181,65,14,637,24830
2024-11-22,Meta Ads,Lead_Generation,376,225,252,104,20,753,27150
2024-11-22,Meta Ads,Display_Generico,1268,760,844,356,68,2538,91400
2024-11-22,Meta Ads,Video_Awareness_Amplo,1108,663,727,330,51,2220,80010
2024-11-22,TikTok Ads,Performance_Search,1185,708,770,368,47,2377,85710
2024-11-22,TikTok Ads,Performance_Shopping,1210,721,775,367,68,2432,87770
2024-11-22,TikTok Ads,Remarketing_Display,310,127,191,106,13,767,29990
2024-11-22,TikTok Ads,Lead_Generation,609,365,405,182,22,1219,43900
2024-11-22,TikTok Ads,Display_Generico,1295,776,857,374,64,2592,93370
2024-11-22,TikTok Ads,Video_Awareness_Amplo,1580,947,1050,468,62,3162,113890
2024-11-23,Google Ads,Performance_Search,348,208,232,95,21,698,25160
2024-11-23,Google Ads,Performance_Shopping,296,177,198,78,20,593,21390
2024-11-23,Google Ads,Remarketing_Display,152,62,96,49,7,377,14740
2024-11-23,Google Ads,Lead_Generation,226,134,145,66,15,456,16480
2024-11-23,Google Ads,Display_Generico,558,332,358,176,24,1123,40540
2024-11-23,Google Ads,Video_Awareness_Amplo,702,417,445,215,42,1414,51090
2024-11-23,Meta Ads,Performance_Search,608,363,398,178,32,1220,44010
2024-11-23,Meta Ads,Performance_Shopping,264,160,189,67,8,524,18800
2024-11-23,Meta Ads,Remarketing_Display,161,67,109,44,8,396,15440
2024-11-23,Meta Ads,Lead_Generation,405,242,264,125,16,812,29290
2024-11-23,Meta Ads,Display_Generico,713,423,445,239,29,1438,51960
2024-11-23,Meta Ads,Video_Awareness_Amplo,836,501,558,240,38,1673,60270
2024-11-23,TikTok Ads,Performance_Search,537,323,367,146,24,1072,38560
2024-11-23,TikTok Ads,Performance_Shopping,876,526,587,261,28,1751,63020
2024-11-23,TikTok Ads,Remarketing_Display,395,166,278,98,19,967,37670
2024-11-23,TikTok Ads,Lead_Generation,490,291,310,149,31,987,35670
2024-11-23,TikTok Ads,Display_Generico,881,526,571,257,53,1768,63770
2024-11-23,TikTok Ads,Video_Awareness_Amplo,782,467,507,229,46,1569,56590
2024-11-24,Google Ads,Performance_Search,180,107,118,49,13,362,13090
2024-11-24,Google Ads,Performance_Shopping,423,250,262,139,22,855,30950
2024-11-24,Google Ads,Remarketing_Display,93,37,54,33,6,233,9140
2024-11-24,Google Ads,Lead_Generation,197,117,124,59,14,397,14340
2024-11-24,Google Ads,Display_Generico,568,338,366,170,32,1143,41260
2024-11-24,Google Ads,Video_Awareness_Amplo,551,325,336,176,39,1116,40400
2024-11-24,Meta Ads,Performance_Search,428,255,275,132,21,860,31050
2024-11-24,Meta Ads,Performance_Shopping,336,201,223,91,22,673,24270
2024-11-24,Meta Ads,Remarketing_Display,244,100,152,80,12,604,23600
2024-11-24,Meta Ads,Lead_Generation,434,258,277,141,16,874,31560
2024-11-24,Meta Ads,Display_Generico,593,357,404,163,26,1183,42540
2024-11-24,Meta Ads,Video_Awareness_Amplo,902,539,588,271,43,1809,65230
2024-11-24,TikTok Ads,Performance_Search,526,315,349,152,25,1053,37950
2024-11-24,TikTok Ads,Performance_Shopping,555,331,357,170,28,1115,40220
2024-11-24,TikTok Ads,Remarketing_Display,245,102,168,63,14,602,23490
2024-11-24,TikTok Ads,Lead_Generation,497,297,326,143,28,997,35940
2024-11-24,TikTok Ads,Display_Generico,875,521,559,272,44,1760,63520
2024-11-24,TikTok Ads,Video_Awareness_Amplo,1168,695,745,362,61,2350,84850
2024-11-25,Google Ads,Performance_Search,408,241,250,139,19,825,29870
2024-11-25,Google Ads,Performance_Shopping,499,298,327,139,33,1001,36110
2024-11-25,Google Ads,Remarketing_Display,199,82,126,63,10,491,19190
2024-11-25,Google Ads,Lead_Generation,389,233,262,105,22,779,28060
2024-11-25,Google Ads,Display_Generico,873,522,573,260,40,1750,63090
2024-11-25,Google Ads,Video_Awareness_Amplo,580,348,388,163,29,1160,41760
2024-11-25,Meta Ads,Performance_Search,766,457,497,226,43,1538,55490
2024-11-25,Meta Ads,Performance_Shopping,509,303,329,158,22,1024,36960
2024-11-25,Meta Ads,Remarketing_Display,348,144,223,112,13,858,33480
2024-11-25,Meta Ads,Lead_Generation,602,360,398,174,30,1207,43500
2024-11-25,Meta Ads,Display_Generico,1068,635,675,336,57,2150,77650
2024-11-25,Meta Ads,Video_Awareness_Amplo,1272,763,850,363,59,2544,91610
2024-11-25,TikTok Ads,Performance_Search,835,498,540,247,48,1677,60510
2024-11-25,TikTok Ads,Performance_Shopping,902,539,589,275,38,1809,65230
2024-11-25,TikTok Ads,Remarketing_Display,303,125,195,96,12,748,29200
2024-11-25,TikTok Ads,Lead_Generation,695,413,442,221,32,1400,50560
2024-11-25,TikTok Ads,Display_Generico,2039,1213,1294,645,100,4104,148160
2024-11-25,TikTok Ads,Video_Awareness_Amplo,1128,671,716,355,57,2270,81970
2024-11-26,Google Ads,Performance_Search,526,315,348,148,30,1053,37950
2024-11-26,Google Ads,Performance_Shopping,482,287,313,150,19,969,34990
2024-11-26,Google Ads,Remarketing_Display,225,93,145,69,11,555,21660
2024-11-26,Google Ads,Lead_Generation,345,207,232,101,12,690,24840
2024-11-26,Google Ads,Display_Generico,808,478,499,265,44,1633,59060
2024-11-26,Google Ads,Video_Awareness_Amplo,761,455,499,224,38,1526,55000
2024-11-26,Meta Ads,Performance_Search,976,582,631,298,47,1961,70740
2024-11-26,Meta Ads,Performance_Shopping,565,340,386,158,21,1127,40550
2024-11-26,Meta Ads,Remarketing_Display,438,182,292,124,22,1078,42040
2024-11-26,Meta Ads,Lead_Generation,488,291,314,158,16,980,35370
2024-11-26,Meta Ads,Display_Generico,1367,820,912,392,63,2734,98450
2024-11-26,Meta Ads,Video_Awareness_Amplo,1445,864,946,441,58,2897,104430
2024-11-26,TikTok Ads,Performance_Search,1362,810,861,420,81,2742,99000
2024-11-26,TikTok Ads,Performance_Shopping,1230,733,789,373,68,2472,89210
2024-11-26,TikTok Ads,Remarketing_Display,313,129,196,96,21,773,30180
2024-11-26,TikTok Ads,Lead_Generation,956,571,624,291,41,1918,69170
2024-11-26,TikTok Ads,Display_Generico,1615,965,1052,491,72,3240,116800
2024-11-26,TikTok Ads,Video_Awareness_Amplo,1724,1028,1112,533,79,3464,124960
2024-11-27,Google Ads,Performance_Search,481,287,312,144,25,966,34840
2024-11-27,Google Ads,Performance_Shopping,467,280,310,123,34,934,33650
2024-11-27,Google Ads,Remarketing_Display,249,103,162,79,8,614,23960
2024-11-27,Google Ads,Lead_Generation,441,264,292,126,23,883,31830
2024-11-27,Google Ads,Display_Generico,962,573,617,292,53,1934,69810
2024-11-27,Google Ads,Video_Awareness_Amplo,873,524,587,250,36,1745,62830
2024-11-27,Meta Ads,Performance_Search,558,334,370,165,23,1118,40280
2024-11-27,Meta Ads,Performance_Shopping,837,497,526,256,55,1687,60940
2024-11-27,Meta Ads,Remarketing_Display,324,134,208,103,13,799,31180
2024-11-27,Meta Ads,Lead_Generation,695,412,433,224,38,1402,50690
2024-11-27,Meta Ads,Display_Generico,1178,705,774,351,53,2360,85050
2024-11-27,Meta Ads,Video_Awareness_Amplo,816,483,505,264,47,1648,59610
2024-11-27,TikTok Ads,Performance_Search,1256,752,833,364,59,2516,90640
2024-11-27,TikTok Ads,Performance_Shopping,1334,800,891,374,69,2669,96100
2024-11-27,TikTok Ads,Remarketing_Display,369,152,232,111,26,911,35590
2024-11-27,TikTok Ads,Lead_Generation,714,426,460,217,37,1434,51720
2024-11-27,TikTok Ads,Display_Generico,1831,1095,1200,553,78,3671,132300
2024-11-27,TikTok Ads,Video_Awareness_Amplo,1743,1044,1153,502,88,3490,125730
2024-11-28,Google Ads,Performance_Search,283,169,186,81,16,568,20480
2024-11-28,Google Ads,Performance_Shopping,468,278,296,142,30,943,34060
2024-11-28,Google Ads,Remarketing_Display,178,73,107,61,10,440,17210
2024-11-28,Google Ads,Lead_Generation,298,179,202,81,15,595,21430
2024-11-28,Google Ads,Display_Generico,566,339,375,170,21,1133,40830
2024-11-28,Google Ads,Video_Awareness_Amplo,740,440,473,232,35,1490,53800
2024-11-28,Meta Ads,Performance_Search,729,431,446,242,41,1474,53320
2024-11-28,Meta Ads,Performance_Shopping,496,294,308,160,28,1001,36180
2024-11-28,Meta Ads,Remarketing_Display,195,81,135,53,7,480,18720
2024-11-28,Meta Ads,Lead_Generation,1048,625,677,312,59,2105,75950
2024-11-28,Meta Ads,Display_Generico,1290,772,851,392,47,2585,93140
2024-11-28,Meta Ads,Video_Awareness_Amplo,777,464,505,225,47,1559,56230
2024-11-28,TikTok Ads,Performance_Search,700,419,463,202,35,1402,50530
2024-11-28,TikTok Ads,Performance_Shopping,759,451,482,228,49,1529,55220
2024-11-28,TikTok Ads,Remarketing_Display,346,144,238,89,19,851,33180
2024-11-28,TikTok Ads,Lead_Generation,1343,802,871,405,67,2695,97190
2024-11-28,TikTok Ads,Display_Generico,2025,1209,1310,626,89,4065,146580
2024-11-28,TikTok Ads,Video_Awareness_Amplo,1372,819,889,402,81,2754,99330
2024-11-29,Google Ads,Performance_Search,790,471,511,227,52,1587,57270
2024-11-29,Google Ads,Performance_Shopping,459,275,307,121,31,919,33100
2024-11-29,Google Ads,Remarketing_Display,253,104,159,78,16,625,24430
2024-11-29,Google Ads,Lead_Generation,575,342,369,179,27,1157,41790
2024-11-29,Google Ads,Display_Generico,872,521,569,257,46,1749,63070
2024-11-29,Google Ads,Video_Awareness_Amplo,880,523,556,273,51,1772,64010
2024-11-29,Meta Ads,Performance_Search,743,441,466,238,39,1498,54120
2024-11-29,Meta Ads,Performance_Shopping,615,368,406,181,28,1232,44410
2024-11-29,Meta Ads,Remarketing_Display,340,142,231,93,16,835,32540
2024-11-29,Meta Ads,Lead_Generation,848,502,526,280,42,1713,61940
2024-11-29,Meta Ads,Display_Generico,991,590,633,317,41,1993,71950
2024-11-29,Meta Ads,Video_Awareness_Amplo,813,485,529,249,35,1633,58900
2024-11-29,TikTok Ads,Performance_Search,710,425,471,219,20,1422,51250
2024-11-29,TikTok Ads,Performance_Shopping,776,466,524,214,38,1551,55820
2024-11-29,TikTok Ads,Remarketing_Display,541,225,360,152,29,1331,51900
2024-11-29,TikTok Ads,Lead_Generation,804,480,521,243,40,1614,58200
2024-11-29,TikTok Ads,Display_Generico,1210,721,775,374,61,2432,87770
2024-11-29,TikTok Ads,Video_Awareness_Amplo,2073,1234,1323,657,93,4170,150530
2024-11-30,Google Ads,Performance_Search,198,117,120,64,14,400,14490
2024-11-30,Google Ads,Performance_Shopping,261,156,175,73,13,523,18870
2024-11-30,Google Ads,Remarketing_Display,109,45,71,36,2,269,10500
2024-11-30,Google Ads,Lead_Generation,410,245,272,108,30,822,29650
2024-11-30,Google Ads,Display_Generico,668,397,424,205,39,1345,48590
2024-11-30,Google Ads,Video_Awareness_Amplo,506,302,329,150,27,1016,36640
2024-11-30,Meta Ads,Performance_Search,268,160,175,82,11,538,19400
2024-11-30,Meta Ads,Performance_Shopping,375,225,250,109,16,750,27000
2024-11-30,Meta Ads,Remarketing_Display,193,80,128,57,8,475,18550
2024-11-30,Meta Ads,Lead_Generation,422,252,276,125,21,847,30540
2024-11-30,Meta Ads,Display_Generico,674,403,440,199,35,1351,48710
2024-11-30,Meta Ads,Video_Awareness_Amplo,949,566,612,287,50,1906,68770
2024-11-30,TikTok Ads,Performance_Search,364,219,250,94,20,726,26130
2024-11-30,TikTok Ads,Performance_Shopping,654,388,411,209,34,1319,47660
2024-11-30,TikTok Ads,Remarketing_Display,214,87,130,74,10,531,20790
2024-11-30,TikTok Ads,Lead_Generation,409,243,259,131,19,824,29760
2024-11-30,TikTok Ads,Display_Generico,806,484,541,223,42,1611,57980
2024-11-30,TikTok Ads,Video_Awareness_Amplo,1061,631,672,321,68,2136,77120
2024-12-01,Google Ads,Performance_Search,311,187,213,86,12,621,22340
2024-12-01,Google Ads,Performance_Shopping,172,101,106,56,10,349,12670
2024-12-01,Google Ads,Remarketing_Display,79,33,55,20,4,194,7560
2024-12-01,Google Ads,Lead_Generation,252,150,165,73,14,507,18300
2024-12-01,Google Ads,Display_Generico,420,250,271,119,30,845,30500
2024-12-01,Google Ads,Video_Awareness_Amplo,443,266,303,121,19,885,31870
2024-12-01,Meta Ads,Performance_Search,540,321,346,159,35,1087,39270
2024-12-01,Meta Ads,Performance_Shopping,326,194,210,103,13,656,23680
2024-12-01,Meta Ads,Remarketing_Display,232,95,139,74,19,574,22450
2024-12-01,Meta Ads,Lead_Generation,255,153,172,68,15,510,18360
2024-12-01,Meta Ads,Display_Generico,647,385,414,200,33,1302,47000
2024-12-01,Meta Ads,Video_Awareness_Amplo,515,309,344,146,25,1030,37080
2024-12-01,TikTok Ads,Performance_Search,382,230,262,106,14,762,27400
2024-12-01,TikTok Ads,Performance_Shopping,515,305,322,172,21,1040,37600
2024-12-01,TikTok Ads,Remarketing_Display,318,131,205,95,18,785,30670
2024-12-01,TikTok Ads,Lead_Generation,715,427,464,207,44,1435,51740
2024-12-01,TikTok Ads,Display_Generico,842,502,544,258,40,1692,61040
2024-12-01,TikTok Ads,Video_Awareness_Amplo,1216,728,800,362,54,2436,87760
2024-12-02,Google Ads,Performance_Search,447,265,280,149,18,902,32600
2024-12-02,Google Ads,Performance_Shopping,389,234,264,110,15,776,27930
2024-12-02,Google Ads,Remarketing_Display,137,56,88,40,9,339,13270
2024-12-02,Google Ads,Lead_Generation,666,398,437,191,38,1336,48160
2024-12-02,Google Ads,Display_Generico,458,275,308,128,22,915,32950
2024-12-02,Google Ads,Video_Awareness_Amplo,625,375,419,176,30,1250,45000
2024-12-02,Meta Ads,Performance_Search,443,264,286,133,24,890,32130
2024-12-02,Meta Ads,Performance_Shopping,763,453,479,240,44,1538,55560
2024-12-02,Meta Ads,Remarketing_Display,269,112,181,75,13,661,25790
2024-12-02,Meta Ads,Lead_Generation,504,300,322,155,27,1014,36600
2024-12-02,Meta Ads,Display_Generico,1050,623,657,335,58,2117,76510
2024-12-02,Meta Ads,Video_Awareness_Amplo,1126,676,758,316,52,2251,81020
2024-12-02,TikTok Ads,Performance_Search,685,406,429,216,40,1382,49970
2024-12-02,TikTok Ads,Performance_Shopping,1025,616,696,292,37,2047,73670
2024-12-02,TikTok Ads,Remarketing_Display,399,164,248,128,23,986,38530
2024-12-02,TikTok Ads,Lead_Generation,892,533,584,265,43,1789,64510
2024-12-02,TikTok Ads,Display_Generico,1107,658,702,351,54,2229,80510
2024-12-02,TikTok Ads,Video_Awareness_Amplo,1191,708,753,379,59,2398,86610
2024-12-03,Google Ads,Performance_Search,406,242,261,122,23,816,29440
2024-12-03,Google Ads,Performance_Shopping,324,196,228,77,19,644,23120
2024-12-03,Google Ads,Remarketing_Display,205,85,137,64,4,505,19700
2024-12-03,Google Ads,Lead_Generation,576,346,393,152,31,1151,41420
2024-12-03,Google Ads,Display_Generico,887,528,568,273,46,1784,64410
2024-12-03,Google Ads,Video_Awareness_Amplo,737,438,464,238,35,1484,53610
2024-12-03,Meta Ads,Performance_Search,622,374,420,168,34,1242,44680
2024-12-03,Meta Ads,Performance_Shopping,732,437,478,210,44,1469,52990
2024-12-03,Meta Ads,Remarketing_Display,212,86,125,70,17,527,20620
2024-12-03,Meta Ads,Lead_Generation,421,250,268,140,13,848,30650
2024-12-03,Meta Ads,Display_Generico,809,481,511,256,42,1629,58820
2024-12-03,Meta Ads,Video_Awareness_Amplo,907,541,588,275,44,1822,65720
2024-12-03,TikTok Ads,Performance_Search,1107,658,701,339,67,2229,80510
2024-12-03,TikTok Ads,Performance_Shopping,940,559,596,308,36,1892,68330
2024-12-03,TikTok Ads,Remarketing_Display,457,190,306,132,19,1124,43850
2024-12-03,TikTok Ads,Lead_Generation,818,487,526,249,43,1645,59390
2024-12-03,TikTok Ads,Display_Generico,1857,1106,1187,570,100,3734,134770
2024-12-03,TikTok Ads,Video_Awareness_Amplo,1417,846,918,433,66,2844,102570
2024-12-04,Google Ads,Performance_Search,286,170,180,95,11,576,20800
2024-12-04,Google Ads,Performance_Shopping,568,341,380,162,26,1135,40870
2024-12-04,Google Ads,Remarketing_Display,167,69,109,53,5,412,16080
2024-12-04,Google Ads,Lead_Generation,542,320,332,177,33,1097,39700
2024-12-04,Google Ads,Display_Generico,609,365,405,174,30,1219,43900
2024-12-04,Google Ads,Video_Awareness_Amplo,506,303,334,142,30,1013,36510
2024-12-04,Meta Ads,Performance_Search,507,304,339,140,28,1014,36530
2024-12-04,Meta Ads,Performance_Shopping,734,441,494,200,40,1466,52770
2024-12-04,Meta Ads,Remarketing_Display,228,93,140,76,12,565,22110
2024-12-04,Meta Ads,Lead_Generation,648,385,410,201,37,1305,47150
2024-12-04,Meta Ads,Display_Generico,1127,678,767,307,53,2249,80910
2024-12-04,Meta Ads,Video_Awareness_Amplo,1220,731,811,352,57,2442,87970
2024-12-04,TikTok Ads,Performance_Search,824,491,530,259,35,1656,59770
2024-12-04,TikTok Ads,Performance_Shopping,838,500,546,250,42,1683,60700
2024-12-04,TikTok Ads,Remarketing_Display,323,133,201,106,16,798,31160
2024-12-04,TikTok Ads,Lead_Generation,1067,636,687,324,56,2144,77370
2024-12-04,TikTok Ads,Display_Generico,1492,890,964,449,79,2997,108100
2024-12-04,TikTok Ads,Video_Awareness_Amplo,1676,1003,1103,483,90,3358,121010
2024-12-05,Google Ads,Performance_Search,437,260,283,134,20,879,31750
2024-12-05,Google Ads,Performance_Shopping,337,201,222,93,22,677,24420
2024-12-05,Google Ads,Remarketing_Display,203,82,117,75,11,505,19790
2024-12-05,Google Ads,Lead_Generation,486,289,309,149,28,978,35330
2024-12-05,Google Ads,Display_Generico,921,552,612,253,56,1843,66390
2024-12-05,Google Ads,Video_Awareness_Amplo,800,476,512,249,39,1610,58120
2024-12-05,Meta Ads,Performance_Search,378,227,259,108,11,755,27190
2024-12-05,Meta Ads,Performance_Shopping,672,400,432,204,36,1352,48800
2024-12-05,Meta Ads,Remarketing_Display,265,109,170,81,14,655,25580
2024-12-05,Meta Ads,Lead_Generation,525,313,338,159,28,1055,38060
2024-12-05,Meta Ads,Display_Generico,731,438,484,223,24,1463,52710
2024-12-05,Meta Ads,Video_Awareness_Amplo,929,555,609,276,44,1864,67200
2024-12-05,TikTok Ads,Performance_Search,1160,689,732,373,55,2337,84430
2024-12-05,TikTok Ads,Performance_Shopping,1064,637,704,321,39,2131,76790
2024-12-05,TikTok Ads,Remarketing_Display,372,154,246,110,16,917,35780
2024-12-05,TikTok Ads,Lead_Generation,950,569,632,272,46,1902,68530
2024-12-05,TikTok Ads,Display_Generico,1057,633,699,322,36,2117,76260
2024-12-05,TikTok Ads,Video_Awareness_Amplo,1155,692,765,346,44,2312,83290
2024-12-06,Google Ads,Performance_Search,343,204,220,108,15,690,24930
2024-12-06,Google Ads,Performance_Shopping,371,223,255,98,18,741,26660
2024-12-06,Google Ads,Remarketing_Display,163,69,120,36,7,398,15480
2024-12-06,Google Ads,Lead_Generation,547,326,356,158,33,1099,39670
2024-12-06,Google Ads,Display_Generico,580,347,382,172,26,1162,41890
2024-12-06,Google Ads,Video_Awareness_Amplo,649,390,439,183,27,1296,46650
2024-12-06,Meta Ads,Performance_Search,515,307,331,155,29,1035,37340
2024-12-06,Meta Ads,Performance_Shopping,397,237,261,115,21,797,28740
2024-12-06,Meta Ads,Remarketing_Display,295,122,189,95,11,727,28390
2024-12-06,Meta Ads,Lead_Generation,479,283,294,157,28,969,35060
2024-12-06,Meta Ads,Display_Generico,968,576,618,299,51,1948,70320
2024-12-06,Meta Ads,Video_Awareness_Amplo,1009,606,678,292,39,2016,72570
2024-12-06,TikTok Ads,Performance_Search,692,415,464,197,31,1384,49850
2024-12-06,TikTok Ads,Performance_Shopping,753,447,474,230,49,1518,54840
2024-12-06,TikTok Ads,Remarketing_Display,357,148,236,105,16,879,34310
2024-12-06,TikTok Ads,Lead_Generation,1017,609,674,294,49,2037,73380
2024-12-06,TikTok Ads,Display_Generico,1758,1048,1127,535,96,3533,127460
2024-12-06,TikTok Ads,Video_Awareness_Amplo,1904,1138,1244,555,105,3819,137660
2024-12-07,Google Ads,Performance_Search,224,132,134,76,14,454,16440
2024-12-07,Google Ads,Performance_Shopping,305,182,202,89,14,612,22090
2024-12-07,Google Ads,Remarketing_Display,130,54,87,35,8,320,12480
2024-12-07,Google Ads,Lead_Generation,266,158,172,76,18,536,19360
2024-12-07,Google Ads,Display_Generico,572,345,396,146,30,1139,40950
2024-12-07,Google Ads,Video_Awareness_Amplo,556,332,360,177,19,1116,40240
2024-12-07,Meta Ads,Performance_Search,412,246,272,122,18,827,29820
2024-12-07,Meta Ads,Performance_Shopping,403,242,275,111,17,805,28990
2024-12-07,Meta Ads,Remarketing_Display,142,59,94,41,7,349,13630
2024-12-07,Meta Ads,Lead_Generation,317,190,215,90,12,634,22850
2024-12-07,Meta Ads,Display_Generico,471,282,311,143,17,943,33990
2024-12-07,Meta Ads,Video_Awareness_Amplo,804,482,539,228,37,1609,57940
2024-12-07,TikTok Ads,Performance_Search,858,511,549,267,42,1725,62270
2024-12-07,TikTok Ads,Performance_Shopping,508,303,332,155,21,1020,36810
2024-12-07,TikTok Ads,Remarketing_Display,263,109,174,72,17,648,25280
2024-12-07,TikTok Ads,Lead_Generation,724,433,474,205,45,1451,52310
2024-12-07,TikTok Ads,Display_Generico,1169,698,760,355,54,2346,84610
2024-12-07,TikTok Ads,Video_Awareness_Amplo,1127,674,740,325,62,2259,81430
2024-12-08,Google Ads,Performance_Search,239,143,157,73,9,479,17260
2024-12-08,Google Ads,Performance_Shopping,313,187,206,94,13,628,22640
2024-12-08,Google Ads,Remarketing_Display,127,52,77,41,9,314,12290
2024-12-08,Google Ads,Lead_Generation,371,223,250,98,23,741,26660
2024-12-08,Google Ads,Display_Generico,567,339,371,168,28,1137,40980
2024-12-08,Google Ads,Video_Awareness_Amplo,629,375,409,193,27,1264,45600
2024-12-08,Meta Ads,Performance_Search,496,294,311,166,19,1001,36180
2024-12-08,Meta Ads,Performance_Shopping,431,259,293,128,10,861,30980
2024-12-08,Meta Ads,Remarketing_Display,144,59,89,48,7,356,13930
2024-12-08,Meta Ads,Lead_Generation,278,168,197,75,6,553,19860
2024-12-08,Meta Ads,Display_Generico,575,344,378,175,22,1152,41530
2024-12-08,Meta Ads,Video_Awareness_Amplo,515,305,320,165,30,1040,37600
2024-12-08,TikTok Ads,Performance_Search,534,315,326,180,28,1081,39150
2024-12-08,TikTok Ads,Performance_Shopping,570,342,385,163,22,1140,41040
2024-12-08,TikTok Ads,Remarketing_Display,337,140,225,99,13,829,32350
2024-12-08,TikTok Ads,Lead_Generation,664,394,418,199,47,1339,48380
2024-12-08,TikTok Ads,Display_Generico,1063,635,696,317,50,2133,76900
2024-12-08,TikTok Ads,Video_Awareness_Amplo,1250,743,788,401,61,2517,90910
2024-12-09,Google Ads,Performance_Search,402,237,240,138,24,814,29490
2024-12-09,Google Ads,Performance_Shopping,596,354,378,185,33,1201,43380
2024-12-09,Google Ads,Remarketing_Display,141,58,95,38,8,348,13610
2024-12-09,Google Ads,Lead_Generation,636,376,388,212,36,1286,46520
2024-12-09,Google Ads,Display_Generico,599,355,371,207,21,1209,43700
2024-12-09,Google Ads,Video_Awareness_Amplo,866,515,549,280,37,1743,62950
2024-12-09,Meta Ads,Performance_Search,349,208,229,110,10,701,25310
2024-12-09,Meta Ads,Performance_Shopping,591,354,396,164,31,1183,42630
2024-12-09,Meta Ads,Remarketing_Display,288,119,186,89,13,710,27730
2024-12-09,Meta Ads,Lead_Generation,332,198,217,100,15,667,24060
2024-12-09,Meta Ads,Display_Generico,876,525,586,250,40,1753,63150
2024-12-09,Meta Ads,Video_Awareness_Amplo,751,450,499,217,35,1503,54150
2024-12-09,TikTok Ads,Performance_Search,1147,684,743,342,62,2304,83130
2024-12-09,TikTok Ads,Performance_Shopping,525,312,334,168,23,1057,38190
2024-12-09,TikTok Ads,Remarketing_Display,474,197,316,133,25,1166,45490
2024-12-09,TikTok Ads,Lead_Generation,615,370,418,171,26,1227,44150
2024-12-09,TikTok Ads,Display_Generico,1583,943,1012,495,76,3183,114860
2024-12-09,TikTok Ads,Video_Awareness_Amplo,988,590,643,294,51,1983,71500
2024-12-10,Google Ads,Performance_Search,503,302,340,145,18,1005,36190
2024-12-10,Google Ads,Performance_Shopping,572,340,360,183,29,1152,41600
2024-12-10,Google Ads,Remarketing_Display,231,95,146,71,14,571,22300
2024-12-10,Google Ads,Lead_Generation,666,394,407,230,29,1346,48680
2024-12-10,Google Ads,Display_Generico,636,379,412,189,35,1278,46130
2024-12-10,Google Ads,Video_Awareness_Amplo,491,292,316,146,29,988,35690
2024-12-10,Meta Ads,Performance_Search,643,384,420,196,27,1290,46530
2024-12-10,Meta Ads,Performance_Shopping,751,449,490,227,34,1506,54280
2024-12-10,Meta Ads,Remarketing_Display,318,133,225,87,6,780,30410
2024-12-10,Meta Ads,Lead_Generation,592,352,374,186,32,1192,43040
2024-12-10,Meta Ads,Display_Generico,807,480,513,245,49,1624,58650
2024-12-10,Meta Ads,Video_Awareness_Amplo,631,377,413,183,35,1266,45640
2024-12-10,TikTok Ads,Performance_Search,1140,679,732,349,59,2292,82730
2024-12-10,TikTok Ads,Performance_Shopping,991,588,622,306,63,1998,72210
2024-12-10,TikTok Ads,Remarketing_Display,242,99,150,82,10,599,23430
2024-12-10,TikTok Ads,Lead_Generation,880,526,574,275,31,1765,63620
2024-12-10,TikTok Ads,Display_Generico,1399,836,912,420,67,2806,101170
2024-12-10,TikTok Ads,Video_Awareness_Amplo,1988,1185,1274,611,103,3995,144150
2024-12-11,Google Ads,Performance_Search,316,186,189,103,24,641,23220
2024-12-11,Google Ads,Performance_Shopping,557,332,362,169,26,1119,40390
2024-12-11,Google Ads,Remarketing_Display,128,53,87,33,8,315,12310
2024-12-11,Google Ads,Lead_Generation,439,262,288,134,17,881,31790
2024-12-11,Google Ads,Display_Generico,737,440,482,221,34,1479,53350
2024-12-11,Google Ads,Video_Awareness_Amplo,765,461,526,204,35,1525,54820
2024-12-11,Meta Ads,Performance_Search,558,332,357,174,27,1123,40540
2024-12-11,Meta Ads,Performance_Shopping,633,380,424,188,21,1265,45550
2024-12-11,Meta Ads,Remarketing_Display,293,121,192,82,19,723,28220
2024-12-11,Meta Ads,Lead_Generation,765,456,493,232,40,1537,55470
2024-12-11,Meta Ads,Display_Generico,959,572,619,297,43,1926,69490
2024-12-11,Meta Ads,Video_Awareness_Amplo,715,427,468,216,31,1435,51740
2024-12-11,TikTok Ads,Performance_Search,825,491,525,260,40,1660,59920
2024-12-11,TikTok Ads,Performance_Shopping,798,475,509,240,49,1605,57950
2024-12-11,TikTok Ads,Remarketing_Display,437,181,281,143,13,1077,42020
2024-12-11,TikTok Ads,Lead_Generation,780,462,480,255,45,1575,56940
2024-12-11,TikTok Ads,Display_Generico,1309,780,838,402,69,2631,94950
2024-12-11,TikTok Ads,Video_Awareness_Amplo,1838,1097,1188,545,105,3690,133090
2024-12-12,Google Ads,Performance_Search,609,364,400,181,28,1221,44030
2024-12-12,Google Ads,Performance_Shopping,322,193,214,95,13,644,23210
2024-12-12,Google Ads,Remarketing_Display,208,86,132,65,11,513,20020
2024-12-12,Google Ads,Lead_Generation,444,264,284,144,16,894,32280
2024-12-12,Google Ads,Display_Generico,596,355,385,183,28,1198,43250
2024-12-12,Google Ads,Video_Awareness_Amplo,861,514,560,255,46,1728,62330
2024-12-12,Meta Ads,Performance_Search,660,394,431,192,37,1325,47780
2024-12-12,Meta Ads,Performance_Shopping,451,269,293,137,21,906,32680
2024-12-12,Meta Ads,Remarketing_Display,206,85,136,62,8,508,19850
2024-12-12,Meta Ads,Lead_Generation,554,334,383,153,18,1104,39680
2024-12-12,Meta Ads,Display_Generico,1144,684,748,332,64,2294,82680
2024-12-12,Meta Ads,Video_Awareness_Amplo,777,466,523,222,32,1554,55970
2024-12-12,TikTok Ads,Performance_Search,897,535,582,271,44,1802,65000
2024-12-12,TikTok Ads,Performance_Shopping,1075,641,695,328,52,2160,77920
2024-12-12,TikTok Ads,Remarketing_Display,285,119,197,79,9,700,27280
2024-12-12,TikTok Ads,Lead_Generation,893,533,581,265,47,1793,64660
2024-12-12,TikTok Ads,Display_Generico,1045,624,678,318,49,2097,75630
2024-12-12,TikTok Ads,Video_Awareness_Amplo,1582,945,1028,485,69,3174,114450
2024-12-13,Google Ads,Performance_Search,315,188,204,94,17,632,22810
2024-12-13,Google Ads,Performance_Shopping,380,226,245,108,27,765,27620
2024-12-13,Google Ads,Remarketing_Display,233,97,158,60,15,573,22340
2024-12-13,Google Ads,Lead_Generation,468,281,315,129,24,935,33670
2024-12-13,Google Ads,Display_Generico,813,485,524,252,37,1633,58900
2024-12-13,Google Ads,Video_Awareness_Amplo,813,489,550,223,40,1623,58380
2024-12-13,Meta Ads,Performance_Search,721,428,453,232,36,1453,52510
2024-12-13,Meta Ads,Performance_Shopping,829,494,530,258,41,1666,60130
2024-12-13,Meta Ads,Remarketing_Display,234,97,152,67,15,576,22490
2024-12-13,Meta Ads,Lead_Generation,383,230,258,110,15,765,27550
2024-12-13,Meta Ads,Display_Generico,865,514,545,279,41,1742,62930
2024-12-13,Meta Ads,Video_Awareness_Amplo,793,470,496,251,46,1600,57850
2024-12-13,TikTok Ads,Performance_Search,503,302,342,145,16,1005,36190
2024-12-13,TikTok Ads,Performance_Shopping,1007,602,663,298,46,2019,72790
2024-12-13,TikTok Ads,Remarketing_Display,260,107,169,72,19,642,25090
2024-12-13,TikTok Ads,Lead_Generation,1040,622,682,299,59,2085,75140
2024-12-13,TikTok Ads,Display_Generico,1785,1065,1152,547,86,3585,129300
2024-12-13,TikTok Ads,Video_Awareness_Amplo,1306,776,823,422,61,2631,95020
2024-12-14,Google Ads,Performance_Search,188,111,115,66,7,380,13770
2024-12-14,Google Ads,Performance_Shopping,351,210,230,104,17,703,25350
2024-12-14,Google Ads,Remarketing_Display,98,40,60,33,5,243,9500
2024-12-14,Google Ads,Lead_Generation,395,236,259,119,17,792,28570
2024-12-14,Google Ads,Display_Generico,538,322,357,153,28,1078,38840
2024-12-14,Google Ads,Video_Awareness_Amplo,481,285,303,159,19,971,35100
2024-12-14,Meta Ads,Performance_Search,330,197,218,98,14,662,23890
2024-12-14,Meta Ads,Performance_Shopping,254,151,163,73,18,511,18470
2024-12-14,Meta Ads,Remarketing_Display,202,84,134,56,12,497,19380
2024-12-14,Meta Ads,Lead_Generation,605,360,388,187,30,1217,43950
2024-12-14,Meta Ads,Display_Generico,830,495,536,254,40,1667,60150
2024-12-14,Meta Ads,Video_Awareness_Amplo,527,317,357,143,27,1052,37840
2024-12-14,TikTok Ads,Performance_Search,525,311,327,170,28,1060,38320
2024-12-14,TikTok Ads,Performance_Shopping,644,384,415,198,31,1294,46680
2024-12-14,TikTok Ads,Remarketing_Display,285,117,181,93,11,705,27540
2024-12-14,TikTok Ads,Lead_Generation,699,419,468,193,38,1399,50380
2024-12-14,TikTok Ads,Display_Generico,980,584,629,295,56,1970,71080
2024-12-14,TikTok Ads,Video_Awareness_Amplo,775,463,506,235,34,1555,56060
2024-12-15,Google Ads,Performance_Search,341,204,226,101,14,683,24630
2024-12-15,Google Ads,Performance_Shopping,266,161,188,67,11,528,18970
2024-12-15,Google Ads,Remarketing_Display,133,54,78,44,11,330,12930
2024-12-15,Google Ads,Lead_Generation,307,183,202,82,23,617,22260
2024-12-15,Google Ads,Display_Generico,451,268,284,148,19,908,32810
2024-12-15,Google Ads,Video_Awareness_Amplo,330,195,206,107,17,667,24150
2024-12-15,Meta Ads,Performance_Search,257,154,176,71,10,514,18530
2024-12-15,Meta Ads,Performance_Shopping,575,342,366,171,38,1157,41790
2024-12-15,Meta Ads,Remarketing_Display,193,79,119,58,16,478,18680
2024-12-15,Meta Ads,Lead_Generation,250,150,172,64,14,500,18000
2024-12-15,Meta Ads,Display_Generico,703,419,451,219,33,1413,50980
2024-12-15,Meta Ads,Video_Awareness_Amplo,787,468,503,245,39,1584,57210
2024-12-15,TikTok Ads,Performance_Search,488,291,317,140,31,980,35370
2024-12-15,TikTok Ads,Performance_Shopping,668,400,446,198,24,1338,48200
2024-12-15,TikTok Ads,Remarketing_Display,285,116,172,91,22,707,27670
2024-12-15,TikTok Ads,Lead_Generation,830,496,545,237,48,1665,60020
2024-12-15,TikTok Ads,Display_Generico,1160,693,755,339,66,2327,83910
2024-12-15,TikTok Ads,Video_Awareness_Amplo,928,554,602,278,48,1863,67180
2024-12-16,Google Ads,Performance_Search,441,263,289,124,28,886,31960
2024-12-16,Google Ads,Performance_Shopping,531,317,347,153,31,1066,38440
2024-12-16,Google Ads,Remarketing_Display,127,52,85,37,5,314,12290
2024-12-16,Google Ads,Lead_Generation,411,245,267,126,18,826,29800
2024-12-16,Google Ads,Display_Generico,644,383,407,200,37,1296,46810
2024-12-16,Google Ads,Video_Awareness_Amplo,802,475,496,253,53,1619,58550
2024-12-16,Meta Ads,Performance_Search,728,433,460,230,38,1465,52910
2024-12-16,Meta Ads,Performance_Shopping,361,214,228,121,12,728,26330
2024-12-16,Meta Ads,Remarketing_Display,322,133,209,96,17,794,31010
2024-12-16,Meta Ads,Lead_Generation,415,246,259,137,19,837,30270
2024-12-16,Meta Ads,Display_Generico,754,450,492,227,35,1514,54600
2024-12-16,Meta Ads,Video_Awareness_Amplo,1130,674,733,339,58,2270,81880
2024-12-16,TikTok Ads,Performance_Search,1076,641,693,315,68,2163,78070
2024-12-16,TikTok Ads,Performance_Shopping,814,484,517,259,38,1639,59180
2024-12-16,TikTok Ads,Remarketing_Display,429,178,279,128,22,1056,41210
2024-12-16,TikTok Ads,Lead_Generation,532,317,343,165,24,1069,38590
2024-12-16,TikTok Ads,Display_Generico,1678,1006,1115,485,78,3358,120920
2024-12-16,TikTok Ads,Video_Awareness_Amplo,1091,650,699,334,58,2193,79150
2024-12-17,Google Ads,Performance_Search,253,152,172,74,7,505,18190
2024-12-17,Google Ads,Performance_Shopping,562,334,355,168,39,1132,40880
2024-12-17,Google Ads,Remarketing_Display,128,52,73,47,8,318,12440
2024-12-17,Google Ads,Lead_Generation,350,207,218,113,19,707,25590
2024-12-17,Google Ads,Display_Generico,701,416,439,221,41,1413,51070
2024-12-17,Google Ads,Video_Awareness_Amplo,540,321,341,173,26,1087,39270
2024-12-17,Meta Ads,Performance_Search,492,294,325,144,23,987,35580
2024-12-17,Meta Ads,Performance_Shopping,408,244,268,125,15,818,29480
2024-12-17,Meta Ads,Remarketing_Display,312,127,185,106,21,774,30290
2024-12-17,Meta Ads,Lead_Generation,751,448,489,223,39,1508,54410
2024-12-17,Meta Ads,Display_Generico,1120,674,762,297,61,2235,80380
2024-12-17,Meta Ads,Video_Awareness_Amplo,996,594,642,311,43,2001,72180
2024-12-17,TikTok Ads,Performance_Search,527,315,346,153,28,1057,38100
2024-12-17,TikTok Ads,Performance_Shopping,1172,699,758,355,59,2354,84930
2024-12-17,TikTok Ads,Remarketing_Display,267,110,171,83,13,659,25750
2024-12-17,TikTok Ads,Lead_Generation,917,549,605,278,34,1837,66180
2024-12-17,TikTok Ads,Display_Generico,1192,714,790,351,51,2387,85980
2024-12-17,TikTok Ads,Video_Awareness_Amplo,1044,622,673,302,69,2099,75740
2024-12-18,Google Ads,Performance_Search,431,258,284,129,18,863,31110
2024-12-18,Google Ads,Performance_Shopping,513,306,330,154,29,1030,37170
2024-12-18,Google Ads,Remarketing_Display,153,63,103,43,7,378,14760
2024-12-18,Google Ads,Lead_Generation,464,278,307,134,23,929,33460
2024-12-18,Google Ads,Display_Generico,479,289,335,122,22,954,34280
2024-12-18,Google Ads,Video_Awareness_Amplo,917,547,590,278,49,1842,66440
2024-12-18,Meta Ads,Performance_Search,614,365,391,196,27,1236,44650
2024-12-18,Meta Ads,Performance_Shopping,672,400,433,197,42,1352,48800
2024-12-18,Meta Ads,Remarketing_Display,199,83,134,55,10,489,19060
2024-12-18,Meta Ads,Lead_Generation,549,327,352,171,26,1104,39840
2024-12-18,Meta Ads,Display_Generico,850,507,550,256,44,1707,61590
2024-12-18,Meta Ads,Video_Awareness_Amplo,873,522,576,257,40,1750,63090
2024-12-18,TikTok Ads,Performance_Search,822,491,534,250,38,1649,59470
2024-12-18,TikTok Ads,Performance_Shopping,585,349,381,176,28,1175,42380
2024-12-18,TikTok Ads,Remarketing_Display,389,161,257,112,20,959,37420
2024-12-18,TikTok Ads,Lead_Generation,1237,737,793,377,67,2487,89740
2024-12-18,TikTok Ads,Display_Generico,1381,820,867,446,68,2783,100550
2024-12-18,TikTok Ads,Video_Awareness_Amplo,994,593,645,304,45,1996,72010
2024-12-19,Google Ads,Performance_Search,521,311,340,154,27,1046,37720
2024-12-19,Google Ads,Performance_Shopping,402,243,286,98,18,799,28710
2024-12-19,Google Ads,Remarketing_Display,195,82,138,49,8,477,18590
2024-12-19,Google Ads,Lead_Generation,532,318,352,154,26,1067,38460
2024-12-19,Google Ads,Display_Generico,882,526,572,268,42,1772,63920
2024-12-19,Google Ads,Video_Awareness_Amplo,625,375,423,169,33,1250,45000
2024-12-19,Meta Ads,Performance_Search,526,312,327,175,24,1061,38340
2024-12-19,Meta Ads,Performance_Shopping,612,365,399,172,41,1229,44350
2024-12-19,Meta Ads,Remarketing_Display,218,89,132,73,13,540,21130
2024-12-19,Meta Ads,Lead_Generation,808,479,501,273,34,1630,58930
2024-12-19,Meta Ads,Display_Generico,983,586,631,308,44,1975,71270
2024-12-19,Meta Ads,Video_Awareness_Amplo,1194,709,753,365,76,2406,86930
2024-12-19,TikTok Ads,Performance_Search,763,455,492,226,45,1533,55300
2024-12-19,TikTok Ads,Performance_Shopping,1022,609,655,321,46,2054,74130
2024-12-19,TikTok Ads,Remarketing_Display,438,180,276,145,17,1083,42300
2024-12-19,TikTok Ads,Lead_Generation,1016,606,655,305,56,2041,73620
2024-12-19,TikTok Ads,Display_Generico,1733,1037,1138,505,90,3473,125140
2024-12-19,TikTok Ads,Video_Awareness_Amplo,1589,952,1056,457,76,3181,114590
2024-12-20,Google Ads,Performance_Search,268,161,183,73,12,535,19270
2024-12-20,Google Ads,Performance_Shopping,263,157,171,83,9,528,19040
2024-12-20,Google Ads,Remarketing_Display,194,81,133,51,10,476,18570
2024-12-20,Google Ads,Lead_Generation,643,382,407,205,31,1295,46790
2024-12-20,Google Ads,Display_Generico,699,420,470,198,31,1396,50250
2024-12-20,Google Ads,Video_Awareness_Amplo,660,391,407,217,36,1332,48170
2024-12-20,Meta Ads,Performance_Search,661,393,421,205,35,1331,48060
2024-12-20,Meta Ads,Performance_Shopping,415,247,268,132,15,835,30140
2024-12-20,Meta Ads,Remarketing_Display,191,79,128,54,9,471,18380
2024-12-20,Meta Ads,Lead_Generation,673,398,411,223,39,1360,49210
2024-12-20,Meta Ads,Display_Generico,879,525,575,251,53,1764,63600
2024-12-20,Meta Ads,Video_Awareness_Amplo,729,434,469,228,32,1466,52930
2024-12-20,TikTok Ads,Performance_Search,812,487,543,234,35,1624,58490
2024-12-20,TikTok Ads,Performance_Shopping,802,479,523,229,50,1609,58030
2024-12-20,TikTok Ads,Remarketing_Display,478,199,324,132,22,1175,45830
2024-12-20,TikTok Ads,Lead_Generation,921,548,586,286,49,1853,66910
2024-12-20,TikTok Ads,Display_Generico,1717,1025,1114,518,85,3447,124300
2024-12-20,TikTok Ads,Video_Awareness_Amplo,1480,879,933,472,75,2982,107730
2024-12-21,Google Ads,Performance_Search,168,97,87,74,7,345,12590
2024-12-21,Google Ads,Performance_Shopping,278,164,167,91,20,563,20380
2024-12-21,Google Ads,Remarketing_Display,115,47,72,33,10,285,11140
2024-12-21,Google Ads,Lead_Generation,342,202,207,117,18,692,25040
2024-12-21,Google Ads,Display_Generico,395,236,262,112,21,792,28570
2024-12-21,Google Ads,Video_Awareness_Amplo,379,226,247,116,16,761,27470
2024-12-21,Meta Ads,Performance_Search,209,124,131,62,16,421,15230
2024-12-21,Meta Ads,Performance_Shopping,322,192,213,85,24,647,23340
2024-12-21,Meta Ads,Remarketing_Display,174,72,114,51,9,429,16740
2024-12-21,Meta Ads,Lead_Generation,572,338,348,184,40,1157,41860
2024-12-21,Meta Ads,Display_Generico,790,473,523,229,38,1582,57010
2024-12-21,Meta Ads,Video_Awareness_Amplo,558,335,375,158,25,1115,40150
2024-12-21,TikTok Ads,Performance_Search,408,245,276,114,18,815,29350
2024-12-21,TikTok Ads,Performance_Shopping,508,301,315,160,33,1025,37070
2024-12-21,TikTok Ads,Remarketing_Display,255,105,167,77,11,630,24600
2024-12-21,TikTok Ads,Lead_Generation,793,475,528,224,41,1588,57200
2024-12-21,TikTok Ads,Display_Generico,775,462,498,243,34,1557,56190
2024-12-21,TikTok Ads,Video_Awareness_Amplo,970,583,654,269,47,1937,69710
2024-12-22,Google Ads,Performance_Search,380,227,249,117,14,762,27490
2024-12-22,Google Ads,Performance_Shopping,270,161,176,79,15,542,19570
2024-12-22,Google Ads,Remarketing_Display,160,65,97,57,6,397,15550
2024-12-22,Google Ads,Lead_Generation,385,230,250,124,11,772,27850
2024-12-22,Google Ads,Display_Generico,519,312,355,138,26,1036,37290
2024-12-22,Google Ads,Video_Awareness_Amplo,555,331,363,168,24,1115,40220
2024-12-22,Meta Ads,Performance_Search,502,300,330,152,20,1007,36300
2024-12-22,Meta Ads,Performance_Shopping,571,341,371,174,26,1146,41320
2024-12-22,Meta Ads,Remarketing_Display,182,75,122,46,14,449,17550
2024-12-22,Meta Ads,Lead_Generation,485,289,314,147,24,975,35180
2024-12-22,Meta Ads,Display_Generico,711,425,466,216,29,1426,51400
2024-12-22,Meta Ads,Video_Awareness_Amplo,450,268,292,142,16,905,32660
2024-12-22,TikTok Ads,Performance_Search,682,407,443,203,36,1369,49390
2024-12-22,TikTok Ads,Performance_Shopping,330,197,219,94,17,662,23890
2024-12-22,TikTok Ads,Remarketing_Display,202,83,124,70,8,499,19510
2024-12-22,TikTok Ads,Lead_Generation,707,422,463,214,30,1419,51190
2024-12-22,TikTok Ads,Display_Generico,968,578,631,276,61,1943,70060
2024-12-22,TikTok Ads,Video_Awareness_Amplo,750,445,469,247,34,1512,54650
2024-12-23,Google Ads,Performance_Search,475,284,313,144,18,952,34330
2024-12-23,Google Ads,Performance_Shopping,335,201,226,96,13,670,24120
2024-12-23,Google Ads,Remarketing_Display,219,91,151,60,8,539,21020
2024-12-23,Google Ads,Lead_Generation,338,203,233,91,14,675,24310
2024-12-23,Google Ads,Display_Generico,460,274,299,140,21,925,33380
2024-12-23,Google Ads,Video_Awareness_Amplo,683,407,437,206,40,1373,49540
2024-12-23,Meta Ads,Performance_Search,525,314,345,147,33,1052,37930
2024-12-23,Meta Ads,Performance_Shopping,450,269,296,128,26,902,32530
2024-12-23,Meta Ads,Remarketing_Display,242,100,154,76,12,597,23300
2024-12-23,Meta Ads,Lead_Generation,622,375,429,160,33,1239,44550
2024-12-23,Meta Ads,Display_Generico,781,464,493,250,38,1573,56830
2024-12-23,Meta Ads,Video_Awareness_Amplo,685,409,446,205,34,1375,49580
2024-12-23,TikTok Ads,Performance_Search,740,445,503,204,33,1477,53150
2024-12-23,TikTok Ads,Performance_Shopping,725,431,460,224,41,1460,52720
2024-12-23,TikTok Ads,Remarketing_Display,383,157,232,131,20,948,37040
2024-12-23,TikTok Ads,Lead_Generation,994,589,618,314,62,2006,72530
2024-12-23,TikTok Ads,Display_Generico,1375,821,896,404,75,2760,99520
2024-12-23,TikTok Ads,Video_Awareness_Amplo,1305,779,845,401,59,2620,94480
2024-12-24,Google Ads,Performance_Search,545,330,389,124,32,1082,38850
2024-12-24,Google Ads,Performance_Shopping,472,281,301,155,16,949,34270
2024-12-24,Google Ads,Remarketing_Display,161,66,97,58,6,398,15570
2024-12-24,Google Ads,Lead_Generation,438,262,287,134,17,878,31640
2024-12-24,Google Ads,Display_Generico,706,419,440,232,34,1423,51430
2024-12-24,Google Ads,Video_Awareness_Amplo,635,379,412,197,26,1275,45980
2024-12-24,Meta Ads,Performance_Search,628,373,395,198,35,1265,45710
2024-12-24,Meta Ads,Performance_Shopping,671,403,453,193,25,1341,48260
2024-12-24,Meta Ads,Remarketing_Display,217,89,137,67,13,537,20980
2024-12-24,Meta Ads,Lead_Generation,570,342,382,156,32,1140,41040
2024-12-24,Meta Ads,Display_Generico,840,502,552,246,42,1685,60740
2024-12-24,Meta Ads,Video_Awareness_Amplo,757,456,520,194,43,1509,54270
2024-12-24,TikTok Ads,Performance_Search,538,322,356,154,28,1078,38840
2024-12-24,TikTok Ads,Performance_Shopping,540,321,343,173,24,1087,39270
2024-12-24,TikTok Ads,Remarketing_Display,484,201,322,146,16,1191,46470
2024-12-24,TikTok Ads,Lead_Generation,942,563,614,272,56,1889,68110
2024-12-24,TikTok Ads,Display_Generico,1818,1086,1185,516,117,3648,131520
2024-12-24,TikTok Ads,Video_Awareness_Amplo,1814,1086,1199,541,74,3634,130920
2024-12-25,Google Ads,Performance_Search,284,168,178,89,17,574,20760
2024-12-25,Google Ads,Performance_Shopping,314,186,198,96,20,634,22920
2024-12-25,Google Ads,Remarketing_Display,189,79,137,47,5,464,18080
2024-12-25,Google Ads,Lead_Generation,409,243,257,136,16,824,29760
2024-12-25,Google Ads,Display_Generico,801,480,536,226,39,1603,57750
2024-12-25,Google Ads,Video_Awareness_Amplo,636,380,416,194,26,1276,46000
2024-12-25,Meta Ads,Performance_Search,644,387,434,179,31,1286,46290
2024-12-25,Meta Ads,Performance_Shopping,498,296,316,159,23,1003,36220
2024-12-25,Meta Ads,Remarketing_Display,189,77,118,62,9,469,18340
2024-12-25,Meta Ads,Lead_Generation,425,255,285,122,18,850,30600
2024-12-25,Meta Ads,Display_Generico,808,485,544,220,44,1615,58150
2024-12-25,Meta Ads,Video_Awareness_Amplo,1088,650,713,317,58,2183,78700
2024-12-25,TikTok Ads,Performance_Search,776,463,503,225,48,1558,56210
2024-12-25,TikTok Ads,Performance_Shopping,1237,742,828,336,73,2474,89090
2024-12-25,TikTok Ads,Remarketing_Display,339,139,212,105,22,839,32780
2024-12-25,TikTok Ads,Lead_Generation,692,414,455,207,30,1387,49980
2024-12-25,TikTok Ads,Display_Generico,1660,990,1067,510,83,3335,120300
2024-12-25,TikTok Ads,Video_Awareness_Amplo,1285,763,806,402,77,2590,93560
2024-12-26,Google Ads,Performance_Search,531,315,335,168,28,1071,38700
2024-12-26,Google Ads,Performance_Shopping,511,302,316,168,27,1033,37390
2024-12-26,Google Ads,Remarketing_Display,167,68,104,51,12,414,16210
2024-12-26,Google Ads,Lead_Generation,427,256,286,131,10,854,30770
2024-12-26,Google Ads,Display_Generico,587,351,384,177,26,1177,42420
2024-12-26,Google Ads,Video_Awareness_Amplo,659,395,443,177,39,1319,47500
2024-12-26,Meta Ads,Performance_Search,556,332,360,174,22,1116,40240
2024-12-26,Meta Ads,Performance_Shopping,718,427,455,225,38,1445,52190
2024-12-26,Meta Ads,Remarketing_Display,249,104,169,63,17,611,23830
2024-12-26,Meta Ads,Lead_Generation,667,398,433,192,42,1339,48310
2024-12-26,Meta Ads,Display_Generico,927,551,586,296,45,1867,67420
2024-12-26,Meta Ads,Video_Awareness_Amplo,1368,817,887,422,59,2745,98990
2024-12-26,TikTok Ads,Performance_Search,528,313,332,163,33,1065,38510
2024-12-26,TikTok Ads,Performance_Shopping,564,341,398,141,25,1121,40270
2024-12-26,TikTok Ads,Remarketing_Display,416,172,269,128,19,1026,40040
2024-12-26,TikTok Ads,Lead_Generation,690,409,433,223,34,1392,50330
2024-12-26,TikTok Ads,Display_Generico,1247,740,778,405,64,2514,90850
2024-12-26,TikTok Ads,Video_Awareness_Amplo,1636,979,1075,480,81,3278,118130
2024-12-27,Google Ads,Performance_Search,599,360,405,166,28,1196,43050
2024-12-27,Google Ads,Performance_Shopping,530,316,342,156,32,1065,38420
2024-12-27,Google Ads,Remarketing_Display,186,76,114,66,6,461,18020
2024-12-27,Google Ads,Lead_Generation,545,324,346,169,30,1097,39630
2024-12-27,Google Ads,Display_Generico,533,316,335,167,31,1075,38870
2024-12-27,Google Ads,Video_Awareness_Amplo,770,463,526,207,37,1537,55310
2024-12-27,Meta Ads,Performance_Search,404,242,272,113,19,809,29140
2024-12-27,Meta Ads,Performance_Shopping,416,247,260,128,28,838,30290
2024-12-27,Meta Ads,Remarketing_Display,293,121,185,94,14,723,28220
2024-12-27,Meta Ads,Lead_Generation,414,247,270,124,20,831,29990
2024-12-27,Meta Ads,Display_Generico,781,465,498,237,46,1571,56700
2024-12-27,Meta Ads,Video_Awareness_Amplo,1156,690,751,347,58,2321,83700
2024-12-27,TikTok Ads,Performance_Search,1239,740,805,369,65,2486,89650
2024-12-27,TikTok Ads,Performance_Shopping,1240,742,816,355,69,2485,89540
2024-12-27,TikTok Ads,Remarketing_Display,321,132,201,100,20,793,30990
2024-12-27,TikTok Ads,Lead_Generation,1314,787,869,379,66,2631,94790
2024-12-27,TikTok Ads,Display_Generico,1263,753,811,384,68,2538,91560
2024-12-27,TikTok Ads,Video_Awareness_Amplo,1725,1029,1114,516,95,3465,124980
2024-12-28,Google Ads,Performance_Search,191,114,125,57,9,383,13830
2024-12-28,Google Ads,Performance_Shopping,363,218,245,101,17,725,26110
2024-12-28,Google Ads,Remarketing_Display,115,47,75,35,5,285,11140
2024-12-28,Google Ads,Lead_Generation,204,123,140,56,8,406,14610
2024-12-28,Google Ads,Display_Generico,550,330,369,148,33,1100,39600
2024-12-28,Google Ads,Video_Awareness_Amplo,513,309,356,138,19,1023,36780
2024-12-28,Meta Ads,Performance_Search,282,168,182,84,16,567,20460
2024-12-28,Meta Ads,Performance_Shopping,394,233,243,126,25,796,28810
2024-12-28,Meta Ads,Remarketing_Display,131,53,79,36,16,326,12760
2024-12-28,Meta Ads,Lead_Generation,513,305,328,158,27,1033,37300
2024-12-28,Meta Ads,Display_Generico,612,366,405,173,34,1227,44220
2024-12-28,Meta Ads,Video_Awareness_Amplo,450,269,297,136,17,902,32530
2024-12-28,TikTok Ads,Performance_Search,628,373,397,206,25,1265,45710
2024-12-28,TikTok Ads,Performance_Shopping,745,444,483,232,30,1497,54030
2024-12-28,TikTok Ads,Remarketing_Display,310,129,205,90,15,762,29730
2024-12-28,TikTok Ads,Lead_Generation,550,328,359,165,26,1105,39860
2024-12-28,TikTok Ads,Display_Generico,775,464,515,220,40,1552,55930
2024-12-28,TikTok Ads,Video_Awareness_Amplo,713,425,459,224,30,1433,51700
2024-12-29,Google Ads,Performance_Search,355,210,219,116,20,717,25950
2024-12-29,Google Ads,Performance_Shopping,376,224,244,113,19,756,27280
2024-12-29,Google Ads,Remarketing_Display,89,37,60,25,4,219,8540
2024-12-29,Google Ads,Lead_Generation,443,266,297,129,17,885,31870
2024-12-29,Google Ads,Display_Generico,551,332,379,150,22,1098,39490
2024-12-29,Google Ads,Video_Awareness_Amplo,344,207,238,89,17,686,24690
2024-12-29,Meta Ads,Performance_Search,281,166,173,85,23,568,20570
2024-12-29,Meta Ads,Performance_Shopping,423,253,279,129,15,848,30560
2024-12-29,Meta Ads,Remarketing_Display,193,79,124,60,9,478,18680
2024-12-29,Meta Ads,Lead_Generation,415,250,285,109,21,827,29750
2024-12-29,Meta Ads,Display_Generico,694,411,429,223,42,1401,50670
2024-12-29,Meta Ads,Video_Awareness_Amplo,735,438,470,230,35,1477,53310
2024-12-29,TikTok Ads,Performance_Search,716,430,482,201,33,1431,51500
2024-12-29,TikTok Ads,Performance_Shopping,790,471,510,243,37,1587,57270
2024-12-29,TikTok Ads,Remarketing_Display,319,132,209,88,22,786,30690
2024-12-29,TikTok Ads,Lead_Generation,538,323,361,150,27,1075,38710
2024-12-29,TikTok Ads,Display_Generico,1135,679,748,329,58,2275,81980
2024-12-29,TikTok Ads,Video_Awareness_Amplo,666,398,438,194,34,1336,48160
2024-12-30,Google Ads,Performance_Search,399,240,270,113,16,796,28650
2024-12-30,Google Ads,Performance_Shopping,428,256,286,123,19,858,30920
2024-12-30,Google Ads,Remarketing_Display,154,64,101,45,8,379,14780
2024-12-30,Google Ads,Lead_Generation,430,258,290,126,14,860,30960
2024-12-30,Google Ads,Display_Generico,645,382,403,200,42,1302,47090
2024-12-30,Google Ads,Video_Awareness_Amplo,712,424,458,219,35,1432,51680
2024-12-30,Meta Ads,Performance_Search,691,412,445,206,40,1388,50090
2024-12-30,Meta Ads,Performance_Shopping,503,300,329,157,17,1010,36450
2024-12-30,Meta Ads,Remarketing_Display,234,96,143,81,10,579,22620
2024-12-30,Meta Ads,Lead_Generation,706,420,450,225,31,1421,51300
2024-12-30,Meta Ads,Display_Generico,1012,604,656,307,49,2032,73280
2024-12-30,Meta Ads,Video_Awareness_Amplo,701,417,449,212,40,1411,50940
2024-12-30,TikTok Ads,Performance_Search,875,521,557,269,49,1760,63520
2024-12-30,TikTok Ads,Performance_Shopping,898,539,602,265,31,1795,64630
2024-12-30,TikTok Ads,Remarketing_Display,272,112,171,88,13,672,26240
2024-12-30,TikTok Ads,Lead_Generation,1084,646,696,323,65,2179,78620
2024-12-30,TikTok Ads,Display_Generico,1670,1000,1104,480,86,3345,120500
2024-12-30,TikTok Ads,Video_Awareness_Amplo,1105,656,694,356,55,2227,80470
2024-12-31,Google Ads,Performance_Search,242,147,177,58,7,479,17190
2024-12-31,Google Ads,Performance_Shopping,355,214,248,91,16,707,25430
2024-12-31,Google Ads,Remarketing_Display,218,89,131,75,12,540,21130
2024-12-31,Google Ads,Lead_Generation,518,308,329,165,24,1043,37660
2024-12-31,Google Ads,Display_Generico,613,364,389,188,36,1235,44630
2024-12-31,Google Ads,Video_Awareness_Amplo,788,470,507,233,48,1583,57100
2024-12-31,Meta Ads,Performance_Search,767,455,480,243,44,1547,55900
2024-12-31,Meta Ads,Performance_Shopping,840,501,545,266,29,1687,60870
2024-12-31,Meta Ads,Remarketing_Display,169,71,120,46,3,414,16120
2024-12-31,Meta Ads,Lead_Generation,751,449,493,219,39,1506,54280
2024-12-31,Meta Ads,Display_Generico,907,542,592,290,25,1819,65590
2024-12-31,Meta Ads,Video_Awareness_Amplo,762,454,491,232,39,1532,55280
2024-12-31,TikTok Ads,Performance_Search,579,343,363,184,32,1169,42260
2024-12-31,TikTok Ads,Performance_Shopping,651,387,412,200,39,1311,47340
2024-12-31,TikTok Ads,Remarketing_Display,485,200,312,139,34,1197,46750
2024-12-31,TikTok Ads,Lead_Generation,1091,654,728,313,50,2183,78630
2024-12-31,TikTok Ads,Display_Generico,1589,951,1044,474,71,3184,114720
2024-12-31,TikTok Ads,Video_Awareness_Amplo,1613,961,1031,504,78,3243,117020
